{
	"textures": {
		"2": "animated_java:item/maze_npc/anas_npc"
	},
	"elements": [
		{
			"from": [
				4,
				1.5075000000000003,
				5.5
			],
			"to": [
				12,
				14.517500000000002,
				10.5
			],
			"rotation": {
				"angle": 0,
				"axis": "y",
				"origin": [
					0,
					-9.5125,
					0
				]
			},
			"faces": {
				"north": {
					"uv": [
						5,
						9,
						7,
						12
					],
					"texture": "#2"
				},
				"east": {
					"uv": [
						4,
						9,
						5,
						12
					],
					"texture": "#2"
				},
				"south": {
					"uv": [
						8,
						9,
						10,
						12
					],
					"texture": "#2"
				},
				"west": {
					"uv": [
						7,
						9,
						8,
						12
					],
					"texture": "#2"
				},
				"up": {
					"uv": [
						7,
						9,
						5,
						8
					],
					"texture": "#2"
				},
				"down": {
					"uv": [
						9,
						8,
						7,
						9
					],
					"texture": "#2"
				}
			}
		},
		{
			"from": [
				4,
				1.9875000000000007,
				6
			],
			"to": [
				12,
				13.9875,
				10
			],
			"rotation": {
				"angle": 0,
				"axis": "y",
				"origin": [
					0,
					-9.5125,
					0
				]
			},
			"faces": {
				"north": {
					"uv": [
						5,
						5,
						7,
						7.98
					],
					"texture": "#2"
				},
				"east": {
					"uv": [
						4,
						5,
						5,
						8
					],
					"texture": "#2"
				},
				"south": {
					"uv": [
						8,
						5,
						10,
						8
					],
					"texture": "#2"
				},
				"west": {
					"uv": [
						7,
						5,
						8,
						7.98
					],
					"texture": "#2"
				},
				"up": {
					"uv": [
						7,
						5,
						5,
						4
					],
					"texture": "#2"
				},
				"down": {
					"uv": [
						9,
						4,
						7,
						5
					],
					"texture": "#2"
				}
			}
		}
	],
	"display": {
		"head": {
			"rotation": [
				0,
				180,
				0
			]
		}
	}
}