{
	"textures": {
		"2": "animated_java:item/maze_npc/anas_npc"
	},
	"elements": [
		{
			"from": [
				3.9960500000000003,
				6.28484,
				-2.3530300000000004
			],
			"to": [
				7.99605,
				10.284839999999999,
				9.64697
			],
			"rotation": {
				"angle": -22.5,
				"axis": "y",
				"origin": [
					5.99605,
					8.284839999999999,
					8.64697
				]
			},
			"faces": {
				"north": {
					"uv": [
						3,
						4,
						2,
						5
					],
					"rotation": 180,
					"texture": "#2"
				},
				"east": {
					"uv": [
						0,
						5,
						1,
						8
					],
					"rotation": 270,
					"texture": "#2"
				},
				"south": {
					"uv": [
						2,
						5,
						1,
						4
					],
					"texture": "#2"
				},
				"west": {
					"uv": [
						2,
						5,
						3,
						8
					],
					"rotation": 90,
					"texture": "#2"
				},
				"up": {
					"uv": [
						1,
						5,
						2,
						8
					],
					"rotation": 180,
					"texture": "#2"
				},
				"down": {
					"uv": [
						3,
						5,
						4,
						8
					],
					"texture": "#2"
				}
			}
		}
	],
	"display": {
		"head": {
			"rotation": [
				0,
				180,
				0
			]
		}
	}
}