{
	"textures": {
		"2": "animated_java:item/maze_npc/anas_npc"
	},
	"elements": [
		{
			"from": [
				6,
				-2,
				6
			],
			"to": [
				10,
				10,
				10
			],
			"rotation": {
				"angle": 22.5,
				"axis": "z",
				"origin": [
					8,
					8,
					8
				]
			},
			"faces": {
				"north": {
					"uv": [
						11,
						5,
						12,
						8
					],
					"texture": "#2"
				},
				"east": {
					"uv": [
						10,
						5,
						11,
						8
					],
					"texture": "#2"
				},
				"south": {
					"uv": [
						13,
						5,
						14,
						8
					],
					"texture": "#2"
				},
				"west": {
					"uv": [
						12,
						5,
						13,
						8
					],
					"texture": "#2"
				},
				"up": {
					"uv": [
						12,
						5,
						11,
						4
					],
					"texture": "#2"
				},
				"down": {
					"uv": [
						13,
						4,
						12,
						5
					],
					"texture": "#2"
				}
			}
		}
	],
	"display": {
		"head": {
			"rotation": [
				0,
				180,
				0
			]
		}
	}
}