{
	"textures": {
		"2": "animated_java:item/maze_npc/anas_npc"
	},
	"elements": [
		{
			"from": [
				4,
				7.8637,
				5.03528
			],
			"to": [
				12,
				15.863700000000001,
				13.03528
			],
			"rotation": {
				"angle": 0,
				"axis": "y",
				"origin": [
					0,
					-15.636299999999999,
					1.0352800000000002
				]
			},
			"faces": {
				"north": {
					"uv": [
						2,
						2,
						4,
						4
					],
					"texture": "#2"
				},
				"east": {
					"uv": [
						0,
						2,
						2,
						4
					],
					"texture": "#2"
				},
				"south": {
					"uv": [
						6,
						2,
						8,
						4
					],
					"texture": "#2"
				},
				"west": {
					"uv": [
						4,
						2,
						6,
						4
					],
					"texture": "#2"
				},
				"up": {
					"uv": [
						4,
						2,
						2,
						0
					],
					"texture": "#2"
				},
				"down": {
					"uv": [
						6,
						0,
						4,
						2
					],
					"texture": "#2"
				}
			}
		},
		{
			"from": [
				3.5,
				7.5,
				4.5
			],
			"to": [
				12.5,
				16.5,
				13.5
			],
			"rotation": {
				"angle": 0,
				"axis": "y",
				"origin": [
					0,
					-15.5,
					0
				]
			},
			"faces": {
				"north": {
					"uv": [
						10,
						2,
						12,
						4
					],
					"texture": "#2"
				},
				"east": {
					"uv": [
						8,
						2,
						10,
						4
					],
					"texture": "#2"
				},
				"south": {
					"uv": [
						14,
						2,
						16,
						4
					],
					"texture": "#2"
				},
				"west": {
					"uv": [
						12,
						2,
						14,
						4
					],
					"texture": "#2"
				},
				"up": {
					"uv": [
						12,
						2,
						10,
						0
					],
					"texture": "#2"
				},
				"down": {
					"uv": [
						14,
						0,
						12,
						2
					],
					"texture": "#2"
				}
			}
		}
	],
	"display": {
		"head": {
			"rotation": [
				0,
				180,
				0
			]
		}
	}
}