{
	"credit": "Made with Blockbench",
	"textures": {
		"0": "kello:item/decal/melloflora_lantern_blue",
		"1": "kello:item/decal/melloflora_loop_0"
	},
	"elements": [
		{
			"from": [7.25991, -11.63348, 7.25991],
			"to": [8.74009, -9.7304, 8.74009],
			"rotation": {"angle": 0, "axis": "y", "origin": [6.3126, -11.39665, 6.3126]},
			"faces": {
				"north": {"uv": [0, 9.5, 2.45, 12.975], "texture": "#0"},
				"east": {"uv": [0, 9.5, 2.45, 12.975], "texture": "#0"},
				"south": {"uv": [0, 9.5, 2.45, 12.975], "texture": "#0"},
				"west": {"uv": [0, 9.5, 2.45, 12.975], "texture": "#0"},
				"up": {"uv": [5, 13, 7.5, 15.5], "texture": "#0"},
				"down": {"uv": [0, 13, 2.5, 15.5], "texture": "#0"}
			}
		},
		{
			"from": [8.84581, -9.62467, 8.84581],
			"to": [7.15419, -11.73921, 7.15419],
			"rotation": {"angle": 0, "axis": "y", "origin": [6.3126, -11.39665, 6.3126]},
			"faces": {
				"north": {"uv": [8, 14.5, 8.45, 15.475], "rotation": 180, "texture": "#0"},
				"east": {"uv": [8, 14.5, 8.45, 15.475], "rotation": 180, "texture": "#0"},
				"south": {"uv": [8, 14.5, 8.45, 15.475], "rotation": 180, "texture": "#0"},
				"west": {"uv": [8, 14.5, 8.45, 15.475], "rotation": 180, "texture": "#0"},
				"up": {"uv": [8, 15, 8.45, 15.475], "rotation": 180, "texture": "#0"},
				"down": {"uv": [8, 14.5, 8.45, 14.975], "rotation": 180, "texture": "#0"}
			}
		},
		{
			"from": [7.4185, -9.70925, 7.52423],
			"to": [8.5815, -9.28634, 8.47577],
			"rotation": {"angle": 0, "axis": "y", "origin": [6.3126, -11.39665, 6.3126]},
			"faces": {
				"north": {"uv": [0.5, 8.5, 2.5, 9.45], "texture": "#0"},
				"east": {"uv": [0.5, 8.5, 2.5, 9.45], "texture": "#0"},
				"south": {"uv": [0.5, 8.5, 2.5, 9.45], "texture": "#0"},
				"west": {"uv": [0.5, 8.5, 2.5, 9.45], "texture": "#0"},
				"up": {"uv": [0.5, 13.5, 2.5, 15.5], "texture": "#0"},
				"down": {"uv": [0, 8.5, 0, 8.5], "texture": "#0"}
			}
		},
		{
			"from": [8, 8.87753, 7.68282],
			"to": [8, 12.26079, 8.31718],
			"rotation": {"angle": 45, "axis": "y", "origin": [8, 7.39736, 8]},
			"faces": {
				"east": {"uv": [1.5, 0, 3, 8], "texture": "#0", "tintindex": 0},
				"west": {"uv": [3, 0, 1.5, 8], "texture": "#0", "tintindex": 0}
			}
		},
		{
			"from": [7.68282, 8.87753, 8],
			"to": [8.31718, 12.26079, 8],
			"rotation": {"angle": 45, "axis": "y", "origin": [8, 7.39736, 8]},
			"faces": {
				"north": {"uv": [1.5, 0, 0, 8], "texture": "#0", "tintindex": 0},
				"south": {"uv": [0, 0, 1.5, 8], "texture": "#0", "tintindex": 0}
			}
		},
		{
			"from": [7.68282, 5.49427, 8],
			"to": [8.31718, 8.87753, 8],
			"rotation": {"angle": 45, "axis": "y", "origin": [8, 7.39736, 8]},
			"faces": {
				"north": {"uv": [1.5, 0, 0, 8], "texture": "#0", "tintindex": 0},
				"south": {"uv": [0, 0, 1.5, 8], "texture": "#0", "tintindex": 0}
			}
		},
		{
			"from": [8, 5.49427, 7.68282],
			"to": [8, 8.87753, 8.31718],
			"rotation": {"angle": 45, "axis": "y", "origin": [8, 7.39736, 8]},
			"faces": {
				"east": {"uv": [1.5, 0, 3, 8], "texture": "#0", "tintindex": 0},
				"west": {"uv": [3, 0, 1.5, 8], "texture": "#0", "tintindex": 0}
			}
		},
		{
			"from": [8, 6.55154, 8.31718],
			"to": [8, 8.03172, 9.79736],
			"rotation": {"angle": 45, "axis": "y", "origin": [8, 7.39736, 8]},
			"faces": {
				"east": {"uv": [0, 0, 3.5, 3.5], "texture": "#1", "tintindex": 0},
				"west": {"uv": [3.5, 0, 0, 3.5], "texture": "#1", "tintindex": 0}
			}
		},
		{
			"from": [6.20264, -8.67313, 8],
			"to": [7.68282, -7.19295, 8],
			"rotation": {"angle": 45, "axis": "y", "origin": [8, 7.39736, 8]},
			"faces": {
				"north": {"uv": [3.5, 0, 0, 3.5], "texture": "#1", "tintindex": 0},
				"south": {"uv": [0, 0, 3.5, 3.5], "texture": "#1", "tintindex": 0}
			}
		},
		{
			"from": [6.4141, 0.20793, 8],
			"to": [7.68282, 1.47665, 8],
			"rotation": {"angle": 45, "axis": "y", "origin": [8, 7.39736, 8]},
			"faces": {
				"north": {"uv": [6.5, 0, 3.5, 3], "texture": "#1", "tintindex": 0},
				"south": {"uv": [3.5, 0, 6.5, 3], "texture": "#1", "tintindex": 0}
			}
		},
		{
			"from": [6.20264, -7.61586, 8],
			"to": [7.68282, -5.92423, 8],
			"rotation": {"angle": -45, "axis": "y", "origin": [8, 7.39736, 8]},
			"faces": {
				"north": {"uv": [10, 0, 6.5, 4], "texture": "#1", "tintindex": 0},
				"south": {"uv": [6.5, 0, 10, 4], "texture": "#1", "tintindex": 0}
			}
		},
		{
			"from": [8.31718, -3.86806, 8],
			"to": [9.79736, -2.17643, 8],
			"rotation": {"angle": -22.5, "axis": "y", "origin": [8, 5.64736, 8]},
			"faces": {
				"north": {"uv": [6.5, 0, 10, 4], "texture": "#1", "tintindex": 0},
				"south": {"uv": [10, 0, 6.5, 4], "texture": "#1", "tintindex": 0}
			}
		},
		{
			"from": [8, 4.22555, 6.20264],
			"to": [8, 5.91718, 7.68282],
			"rotation": {"angle": -45, "axis": "y", "origin": [8, 7.39736, 8]},
			"faces": {
				"east": {"uv": [10, 0, 6.5, 4], "texture": "#1", "tintindex": 0},
				"west": {"uv": [6.5, 0, 10, 4], "texture": "#1", "tintindex": 0}
			}
		},
		{
			"from": [7.68282, 2.11101, 8],
			"to": [8.31718, 5.49427, 8],
			"rotation": {"angle": 45, "axis": "y", "origin": [8, 7.39736, 8]},
			"faces": {
				"north": {"uv": [1.5, 0, 0, 8], "texture": "#0", "tintindex": 0},
				"south": {"uv": [0, 0, 1.5, 8], "texture": "#0", "tintindex": 0}
			}
		},
		{
			"from": [8, 2.11101, 7.68282],
			"to": [8, 5.49427, 8.31718],
			"rotation": {"angle": 45, "axis": "y", "origin": [8, 7.39736, 8]},
			"faces": {
				"east": {"uv": [1.5, 0, 3, 8], "texture": "#0", "tintindex": 0},
				"west": {"uv": [3, 0, 1.5, 8], "texture": "#0", "tintindex": 0}
			}
		},
		{
			"from": [7.68282, -4.65551, 8],
			"to": [8.31718, -1.27225, 8],
			"rotation": {"angle": 45, "axis": "y", "origin": [8, 7.39736, 8]},
			"faces": {
				"north": {"uv": [1.5, 0, 0, 8], "texture": "#0", "tintindex": 0},
				"south": {"uv": [0, 0, 1.5, 8], "texture": "#0", "tintindex": 0}
			}
		},
		{
			"from": [8, -4.65551, 7.68282],
			"to": [8, -1.27225, 8.31718],
			"rotation": {"angle": 45, "axis": "y", "origin": [8, 7.39736, 8]},
			"faces": {
				"east": {"uv": [1.5, 0, 3, 8], "texture": "#0", "tintindex": 0},
				"west": {"uv": [3, 0, 1.5, 8], "texture": "#0", "tintindex": 0}
			}
		},
		{
			"from": [8, -8.03877, 7.68282],
			"to": [8, -4.65551, 8.31718],
			"rotation": {"angle": 45, "axis": "y", "origin": [8, 7.39736, 8]},
			"faces": {
				"east": {"uv": [1.5, 0, 3, 8], "texture": "#0", "tintindex": 0},
				"west": {"uv": [3, 0, 1.5, 8], "texture": "#0", "tintindex": 0}
			}
		},
		{
			"from": [7.68282, -8.03877, 8],
			"to": [8.31718, -4.65551, 8],
			"rotation": {"angle": 45, "axis": "y", "origin": [8, 7.39736, 8]},
			"faces": {
				"north": {"uv": [1.5, 0, 0, 8], "texture": "#0", "tintindex": 0},
				"south": {"uv": [0, 0, 1.5, 8], "texture": "#0", "tintindex": 0}
			}
		},
		{
			"from": [8, -1.27225, 7.68282],
			"to": [8, 2.11101, 8.31718],
			"rotation": {"angle": 45, "axis": "y", "origin": [8, 7.39736, 8]},
			"faces": {
				"east": {"uv": [1.5, 0, 3, 8], "texture": "#0", "tintindex": 0},
				"west": {"uv": [3, 0, 1.5, 8], "texture": "#0", "tintindex": 0}
			}
		},
		{
			"from": [7.68282, -1.27225, 8],
			"to": [8.31718, 2.11101, 8],
			"rotation": {"angle": 45, "axis": "y", "origin": [8, 7.39736, 8]},
			"faces": {
				"north": {"uv": [1.5, 0, 0, 8], "texture": "#0", "tintindex": 0},
				"south": {"uv": [0, 0, 1.5, 8], "texture": "#0", "tintindex": 0}
			}
		},
		{
			"from": [7.68361, -9.07648, 8],
			"to": [8.31639, -8.23278, 8],
			"rotation": {"angle": 45, "axis": "y", "origin": [8, -9.70925, 8]},
			"faces": {
				"north": {"uv": [4.49625, 10.5, 3, 12.495], "texture": "#0", "tintindex": 0},
				"south": {"uv": [3, 10.5, 4.49625, 12.495], "texture": "#0", "tintindex": 0}
			}
		},
		{
			"from": [8, -9.2874, 7.68361],
			"to": [8, -8.02185, 8.31639],
			"rotation": {"angle": 45, "axis": "y", "origin": [8, -9.70925, 8]},
			"faces": {
				"east": {"uv": [3, 13.0075, 4.49625, 16], "texture": "#0", "tintindex": 0},
				"west": {"uv": [4.49625, 13.0075, 3, 16], "texture": "#0", "tintindex": 0}
			}
		},
		{
			"from": [7.91542, -11.65463, 8.99383],
			"to": [7.91542, -9.54009, 10.26256],
			"rotation": {"angle": -45, "axis": "y", "origin": [7.91542, -10.42819, 8.31718]},
			"faces": {
				"east": {"uv": [8.5, 6, 5.5, 11], "texture": "#0", "tintindex": 0},
				"west": {"uv": [5.5, 6, 8.5, 11], "texture": "#0", "tintindex": 0}
			}
		},
		{
			"from": [8, -11.42203, 5.86432],
			"to": [8, -9.30749, 7.13304],
			"rotation": {"angle": -22.5, "axis": "y", "origin": [8, -10.1533, 8]},
			"faces": {
				"east": {"uv": [5.5, 5.5, 8.5, 10.5], "texture": "#0", "tintindex": 0},
				"west": {"uv": [8.5, 5.5, 5.5, 10.5], "texture": "#0", "tintindex": 0}
			}
		},
		{
			"from": [8, -11.42203, 9.01498],
			"to": [8, -9.30749, 10.49515],
			"rotation": {"angle": 45, "axis": "y", "origin": [8, -10.1533, 8]},
			"faces": {
				"east": {"uv": [12, 5.5, 8.5, 10.5], "texture": "#0", "tintindex": 0},
				"west": {"uv": [8.5, 5.5, 12, 10.5], "texture": "#0", "tintindex": 0}
			}
		},
		{
			"from": [6.16035, 9.9348, 8],
			"to": [7.64053, 12.04934, 8],
			"rotation": {"angle": -22.5, "axis": "z", "origin": [8, 10.99207, 8]},
			"faces": {
				"north": {"uv": [8.5, 5.5, 12, 10.5], "texture": "#0", "tintindex": 0},
				"south": {"uv": [12, 5.5, 8.5, 10.5], "texture": "#0", "tintindex": 0}
			}
		},
		{
			"from": [8, 10.10396, 6.35066],
			"to": [8, 12.2185, 7.61938],
			"rotation": {"angle": 0, "axis": "y", "origin": [8, 11.11894, 8.10573]},
			"faces": {
				"east": {"uv": [5.5, 5.5, 8.5, 10.5], "texture": "#0", "tintindex": 0},
				"west": {"uv": [8.5, 5.5, 5.5, 10.5], "texture": "#0", "tintindex": 0}
			}
		},
		{
			"from": [8, 10.12511, 8.27489],
			"to": [8, 12.23965, 9.54361],
			"rotation": {"angle": 22.5, "axis": "y", "origin": [8, 10.99207, 8]},
			"faces": {
				"east": {"uv": [8.5, 6, 5.5, 11], "texture": "#0", "tintindex": 0},
				"west": {"uv": [5.5, 6, 8.5, 11], "texture": "#0", "tintindex": 0}
			}
		},
		{
			"from": [5.88546, -11.48546, 8],
			"to": [6.94273, -9.37093, 8],
			"rotation": {"angle": -45, "axis": "y", "origin": [8, -10.1533, 8]},
			"faces": {
				"north": {"uv": [5.5, 5.5, 3, 10.5], "texture": "#0", "tintindex": 0},
				"south": {"uv": [3, 5.5, 5.5, 10.5], "texture": "#0", "tintindex": 0}
			}
		},
		{
			"from": [8.88811, -11.40088, 8],
			"to": [9.94537, -9.28634, 8],
			"rotation": {"angle": 22.5, "axis": "z", "origin": [8.95154, -9.64581, 8]},
			"faces": {
				"north": {"uv": [3, 5.5, 5.5, 10.5], "texture": "#0", "tintindex": 0},
				"south": {"uv": [5.5, 5.5, 3, 10.5], "texture": "#0", "tintindex": 0}
			}
		}
	],
	"display": {
		"head": {
			"rotation": [0, 180, 0]
		}
	}
}