{
	"credit": "Made with Blockbench",
	"textures": {
		"0": "kello:item/decal/wall_mellolily",
		"1": "kello:item/decal/wall_mellolily_0"
	},
	"elements": [
		{
			"from": [4.93291, 5.69968, 4.93291],
			"to": [11.06709, 13.36741, 11.06709],
			"rotation": {"angle": 45, "axis": "y", "origin": [8, 8, 8]},
			"faces": {
				"north": {"uv": [11, 2, 13, 4.5], "texture": "#1"},
				"east": {"uv": [11, 2, 13, 4.5], "texture": "#1"},
				"south": {"uv": [11, 2, 13, 4.5], "texture": "#1"},
				"west": {"uv": [11, 2, 13, 4.5], "texture": "#1"},
				"up": {"uv": [11, 0, 13, 2], "rotation": 90, "texture": "#1"},
				"down": {"uv": [11, 4.5, 13, 6.5], "rotation": 270, "texture": "#1"}
			}
		},
		{
			"from": [5.69968, 1.86581, 8],
			"to": [10.30032, 5.69968, 8],
			"rotation": {"angle": 0, "axis": "y", "origin": [8, 3.78275, 8]},
			"faces": {
				"north": {"uv": [9.5, 1.5, 8, 2.75], "texture": "#0", "tintindex": 0},
				"east": {"uv": [0, 0, 0, 0], "texture": "#0", "tintindex": 0},
				"south": {"uv": [8, 1.5, 9.5, 2.75], "texture": "#0", "tintindex": 0},
				"west": {"uv": [0, 0, 0, 0], "texture": "#0", "tintindex": 0}
			}
		},
		{
			"from": [8, 1.86581, 5.69968],
			"to": [8, 5.69968, 10.30032],
			"rotation": {"angle": 0, "axis": "y", "origin": [8, 3.78275, 8]},
			"faces": {
				"north": {"uv": [0, 0, 0, 0], "texture": "#0", "tintindex": 0},
				"east": {"uv": [10.25, 5, 8.75, 6.25], "texture": "#0", "tintindex": 0},
				"south": {"uv": [0, 0, 0, 0], "texture": "#0", "tintindex": 0},
				"west": {"uv": [8.75, 5, 10.25, 6.25], "texture": "#0", "tintindex": 0}
			}
		},
		{
			"from": [11.06709, 13.36741, 11.06709],
			"to": [4.93291, 5.69968, 4.93291],
			"rotation": {"angle": 45, "axis": "y", "origin": [8, 8, 8]},
			"faces": {
				"north": {"uv": [11, 4.5, 13, 2], "texture": "#0"},
				"east": {"uv": [11, 4.5, 13, 2], "texture": "#0"},
				"south": {"uv": [11, 4.5, 13, 2], "texture": "#0"},
				"west": {"uv": [11, 4.5, 13, 2], "texture": "#0"},
				"up": {"uv": [13, 4.5, 11, 6.5], "rotation": 90, "texture": "#0"},
				"down": {"uv": [13, 0, 11, 2], "rotation": 270, "texture": "#0"}
			}
		},
		{
			"from": [5.69968, 5.92971, 5.69968],
			"to": [10.30032, 13.21406, 10.30032],
			"rotation": {"angle": 45, "axis": "y", "origin": [8, 8, 8]},
			"faces": {
				"up": {"uv": [11.25, 6.5, 12.75, 8], "rotation": 90, "texture": "#1"},
				"down": {"uv": [11.25, 6.5, 12.75, 8], "rotation": 270, "texture": "#1"}
			}
		},
		{
			"from": [4.54952, 8.76677, 4.54952],
			"to": [11.45048, 10.30032, 11.45048],
			"rotation": {"angle": 45, "axis": "y", "origin": [8, 8, 8]},
			"faces": {
				"north": {"uv": [13.25, 8, 15.5, 8.5], "texture": "#1", "tintindex": 0},
				"east": {"uv": [13.25, 8, 15.5, 8.5], "texture": "#1", "tintindex": 0},
				"south": {"uv": [13.25, 8, 15.5, 8.5], "texture": "#1", "tintindex": 0},
				"west": {"uv": [13.25, 8, 15.5, 8.5], "texture": "#1", "tintindex": 0}
			}
		},
		{
			"from": [12.83067, 6.46645, 5.31629],
			"to": [12.83067, 11.83387, 10.68371],
			"rotation": {"angle": 0, "axis": "y", "origin": [8, 8, 8]},
			"faces": {
				"north": {"uv": [0, 0, 0, 1.5], "texture": "#1"},
				"east": {"uv": [12.75, 8.5, 14.5, 10.25], "texture": "#1", "tintindex": 0},
				"south": {"uv": [0, 0, 0, 1.5], "texture": "#1"},
				"west": {"uv": [0, 0, 1.25, 1.5], "texture": "#1"}
			}
		},
		{
			"from": [11.45048, 10.30032, 11.45048],
			"to": [4.54952, 8.76677, 4.54952],
			"rotation": {"angle": 45, "axis": "y", "origin": [8, 8, 8]},
			"faces": {
				"north": {"uv": [13.25, 8.5, 15.5, 8], "texture": "#1", "tintindex": 0},
				"east": {"uv": [13.25, 8.5, 15.5, 8], "texture": "#1", "tintindex": 0},
				"south": {"uv": [13.25, 8.5, 15.5, 8], "texture": "#1", "tintindex": 0},
				"west": {"uv": [13.25, 8.5, 15.5, 8], "texture": "#1", "tintindex": 0}
			}
		},
		{
			"from": [13.44409, 17.66134, 12.0639],
			"to": [17.27796, 21.49521, 12.0639],
			"rotation": {"angle": -45, "axis": "y", "origin": [15.36102, 17.66134, 12.0639]},
			"faces": {
				"north": {"uv": [16, 2.5, 14.75, 3.75], "texture": "#0"},
				"south": {"uv": [14.75, 2.5, 16, 3.75], "texture": "#0"}
			}
		},
		{
			"from": [13.44409, 17.66134, 12.0639],
			"to": [17.27796, 21.49521, 12.0639],
			"rotation": {"angle": 45, "axis": "y", "origin": [15.36102, 17.66134, 12.0639]},
			"faces": {
				"north": {"uv": [14.75, 2.5, 16, 3.75], "texture": "#0"},
				"south": {"uv": [16, 2.5, 14.75, 3.75], "texture": "#0"}
			}
		},
		{
			"from": [8, 9.99361, 3.39936],
			"to": [11.83387, 13.82748, 3.39936],
			"rotation": {"angle": -45, "axis": "y", "origin": [9.91693, 9.99361, 3.39936]},
			"faces": {
				"north": {"uv": [16, 3.5, 14.75, 4.75], "texture": "#0"},
				"south": {"uv": [14.75, 3.5, 16, 4.75], "texture": "#0"}
			}
		},
		{
			"from": [7.69329, 14.67093, 9.45687],
			"to": [11.52716, 18.50479, 9.45687],
			"rotation": {"angle": -45, "axis": "y", "origin": [9.61022, 14.67093, 9.45687]},
			"faces": {
				"north": {"uv": [16, 1.25, 14.75, 2.5], "texture": "#0", "tintindex": 0},
				"south": {"uv": [14.75, 1.25, 16, 2.5], "texture": "#0", "tintindex": 0}
			}
		},
		{
			"from": [16.97125, 16.1278, 13.52077],
			"to": [20.80511, 19.96166, 13.52077],
			"rotation": {"angle": -45, "axis": "y", "origin": [18.88818, 16.1278, 13.52077]},
			"faces": {
				"north": {"uv": [16, 3.75, 14.75, 5], "texture": "#0", "tintindex": 0},
				"south": {"uv": [14.75, 3.75, 16, 5], "texture": "#0", "tintindex": 0}
			}
		},
		{
			"from": [24.02556, 13.82748, 6.84984],
			"to": [27.85942, 17.66134, 6.84984],
			"rotation": {"angle": 45, "axis": "y", "origin": [25.94249, 13.82748, 6.84984]},
			"faces": {
				"north": {"uv": [14.75, 2.5, 16, 3.75], "texture": "#0", "tintindex": 0},
				"south": {"uv": [16, 2.5, 14.75, 3.75], "texture": "#0", "tintindex": 0}
			}
		},
		{
			"from": [24.02556, 13.82748, 6.84984],
			"to": [27.85942, 17.66134, 6.84984],
			"rotation": {"angle": -45, "axis": "y", "origin": [25.94249, 13.82748, 6.84984]},
			"faces": {
				"north": {"uv": [16, 2.5, 14.75, 3.75], "texture": "#0", "tintindex": 0},
				"south": {"uv": [14.75, 2.5, 16, 3.75], "texture": "#0", "tintindex": 0}
			}
		},
		{
			"from": [12.52396, 14.59425, 6.84984],
			"to": [16.35783, 18.42812, 6.84984],
			"rotation": {"angle": 45, "axis": "y", "origin": [14.44089, 14.59425, 6.84984]},
			"faces": {
				"north": {"uv": [14.75, 1.25, 16, 2.5], "texture": "#0", "tintindex": 0},
				"south": {"uv": [16, 1.25, 14.75, 2.5], "texture": "#0", "tintindex": 0}
			}
		},
		{
			"from": [10.14696, 11.45048, 6.84984],
			"to": [13.98083, 15.28435, 6.84984],
			"rotation": {"angle": 45, "axis": "y", "origin": [12.0639, 11.45048, 6.84984]},
			"faces": {
				"north": {"uv": [14.75, 3.75, 16, 5], "texture": "#0", "tintindex": 0},
				"south": {"uv": [16, 3.75, 14.75, 5], "texture": "#0", "tintindex": 0}
			}
		},
		{
			"from": [9.61022, 13.0607, 1.78914],
			"to": [13.44409, 16.89457, 1.78914],
			"rotation": {"angle": -45, "axis": "y", "origin": [11.52716, 13.0607, 1.78914]},
			"faces": {
				"north": {"uv": [16, 1.25, 14.75, 2.5], "texture": "#0", "tintindex": 0},
				"south": {"uv": [14.75, 1.25, 16, 2.5], "texture": "#0", "tintindex": 0}
			}
		},
		{
			"from": [9.84026, 13.29073, 10.53035],
			"to": [13.67412, 17.1246, 10.53035],
			"rotation": {"angle": -45, "axis": "y", "origin": [11.75719, 13.29073, 10.53035]},
			"faces": {
				"north": {"uv": [16, 0, 14.75, 1.25], "texture": "#0"},
				"south": {"uv": [14.75, 0, 16, 1.25], "texture": "#0"}
			}
		},
		{
			"from": [19.80831, 11.60383, 14.67093],
			"to": [23.64217, 15.4377, 14.67093],
			"rotation": {"angle": -45, "axis": "y", "origin": [21.72524, 11.60383, 14.67093]},
			"faces": {
				"north": {"uv": [16, 0, 14.75, 1.25], "texture": "#0"},
				"south": {"uv": [14.75, 0, 16, 1.25], "texture": "#0"}
			}
		},
		{
			"from": [19.80831, 11.60383, 14.67093],
			"to": [23.64217, 15.4377, 14.67093],
			"rotation": {"angle": 45, "axis": "y", "origin": [21.72524, 11.60383, 14.67093]},
			"faces": {
				"north": {"uv": [14.75, 0, 16, 1.25], "texture": "#0"},
				"south": {"uv": [16, 0, 14.75, 1.25], "texture": "#0"}
			}
		},
		{
			"from": [20.11502, 13.29073, 6.77316],
			"to": [23.94888, 17.1246, 6.77316],
			"rotation": {"angle": -45, "axis": "y", "origin": [22.03195, 13.29073, 6.77316]},
			"faces": {
				"north": {"uv": [16, 0, 14.75, 1.25], "texture": "#0"},
				"south": {"uv": [14.75, 0, 16, 1.25], "texture": "#0"}
			}
		},
		{
			"from": [20.11502, 13.29073, 6.77316],
			"to": [23.94888, 17.1246, 6.77316],
			"rotation": {"angle": 45, "axis": "y", "origin": [22.03195, 13.29073, 6.77316]},
			"faces": {
				"north": {"uv": [14.75, 0, 16, 1.25], "texture": "#0"},
				"south": {"uv": [16, 0, 14.75, 1.25], "texture": "#0"}
			}
		},
		{
			"from": [11.83387, 10.22364, -0.4345],
			"to": [15.66773, 14.05751, -0.4345],
			"rotation": {"angle": -45, "axis": "y", "origin": [13.7508, 10.22364, -0.4345]},
			"faces": {
				"north": {"uv": [16, 2.5, 14.75, 3.75], "texture": "#0"},
				"south": {"uv": [14.75, 2.5, 16, 3.75], "texture": "#0"}
			}
		},
		{
			"from": [11.83387, 10.22364, -0.4345],
			"to": [15.66773, 14.05751, -0.4345],
			"rotation": {"angle": 45, "axis": "y", "origin": [13.7508, 10.22364, -0.4345]},
			"faces": {
				"north": {"uv": [14.75, 2.5, 16, 3.75], "texture": "#0"},
				"south": {"uv": [16, 2.5, 14.75, 3.75], "texture": "#0"}
			}
		},
		{
			"from": [4.85623, 12.90735, 8.61342],
			"to": [26.32588, 25.17572, 8.61342],
			"rotation": {"angle": -22.5, "axis": "y", "origin": [7.15655, 13.67412, 8.61342]},
			"faces": {
				"north": {"uv": [7, 12, 14, 16], "texture": "#1", "tintindex": 0},
				"south": {"uv": [14, 12, 7, 16], "texture": "#1", "tintindex": 0}
			}
		},
		{
			"from": [7.07987, 12.90735, 6.84984],
			"to": [28.54952, 25.17572, 6.84984],
			"rotation": {"angle": 0, "axis": "y", "origin": [8.38339, 13.67412, 9.15016]},
			"faces": {
				"north": {"uv": [0, 7.5, 7, 11.5], "texture": "#1", "tintindex": 0},
				"south": {"uv": [7, 7.5, 0, 11.5], "texture": "#1", "tintindex": 0}
			}
		},
		{
			"from": [7.43503, 12.90735, 5.75453],
			"to": [19.7034, 19.80831, 5.75453],
			"rotation": {"angle": 45, "axis": "y", "origin": [7.59326, 13.24328, 5.76906]},
			"faces": {
				"north": {"uv": [2.25, 13.75, 6.25, 16], "texture": "#1", "tintindex": 0},
				"south": {"uv": [6.25, 13.75, 2.25, 16], "texture": "#1", "tintindex": 0}
			}
		},
		{
			"from": [5.31629, 12.90735, 8.99681],
			"to": [5.31629, 19.80831, 21.26518],
			"rotation": {"angle": 22.5, "axis": "y", "origin": [5.31629, 13.67412, 6.69649]},
			"faces": {
				"east": {"uv": [2.25, 13.75, 6.25, 16], "texture": "#1", "tintindex": 0},
				"west": {"uv": [6.25, 13.75, 2.25, 16], "texture": "#1", "tintindex": 0}
			}
		},
		{
			"from": [7.69329, 10.22364, 16.97125],
			"to": [11.52716, 14.05751, 16.97125],
			"rotation": {"angle": 45, "axis": "y", "origin": [9.61022, 10.22364, 16.97125]},
			"faces": {
				"north": {"uv": [14.75, 1.25, 16, 2.5], "texture": "#0"},
				"south": {"uv": [16, 1.25, 14.75, 2.5], "texture": "#0"}
			}
		},
		{
			"from": [5.623, 10.14696, 12.0639],
			"to": [9.45687, 13.98083, 12.0639],
			"rotation": {"angle": -45, "axis": "y", "origin": [7.53994, 10.14696, 12.0639]},
			"faces": {
				"north": {"uv": [16, 2.5, 14.75, 3.75], "texture": "#0", "tintindex": 0},
				"south": {"uv": [14.75, 2.5, 16, 3.75], "texture": "#0", "tintindex": 0}
			}
		},
		{
			"from": [5.623, 10.14696, 12.0639],
			"to": [9.45687, 13.98083, 12.0639],
			"rotation": {"angle": 45, "axis": "y", "origin": [7.53994, 10.14696, 12.0639]},
			"faces": {
				"north": {"uv": [14.75, 2.5, 16, 3.75], "texture": "#0", "tintindex": 0},
				"south": {"uv": [16, 2.5, 14.75, 3.75], "texture": "#0", "tintindex": 0}
			}
		},
		{
			"from": [6.54313, 13.29073, 14.13419],
			"to": [10.377, 17.1246, 14.13419],
			"rotation": {"angle": -45, "axis": "y", "origin": [8.46006, 13.29073, 14.13419]},
			"faces": {
				"north": {"uv": [16, 0, 14.75, 1.25], "texture": "#0"},
				"south": {"uv": [14.75, 0, 16, 1.25], "texture": "#0"}
			}
		},
		{
			"from": [6.54313, 13.29073, 14.13419],
			"to": [10.377, 17.1246, 14.13419],
			"rotation": {"angle": 45, "axis": "y", "origin": [8.46006, 13.29073, 14.13419]},
			"faces": {
				"north": {"uv": [14.75, 0, 16, 1.25], "texture": "#0"},
				"south": {"uv": [16, 0, 14.75, 1.25], "texture": "#0"}
			}
		}
	],
	"display": {
		"head": {
			"rotation": [0, 180, 0]
		}
	}
}