{
	"credit": "Made with Blockbench",
	"textures": {
		"0": "kello:item/decal/wall_mellolily"
	},
	"elements": [
		{
			"from": [1.92405, 4.96203, 6.86076],
			"to": [23.18987, 17.11392, 6.86076],
			"rotation": {"angle": 22.5, "axis": "y", "origin": [1.92405, 11.03797, 6.86076]},
			"faces": {
				"north": {"uv": [0, 4, 7, 8], "texture": "#0", "tintindex": 0},
				"south": {"uv": [7, 4, 0, 8], "texture": "#0", "tintindex": 0}
			}
		},
		{
			"from": [1.92405, 9.51899, 10.27848],
			"to": [23.18987, 21.67089, 10.27848],
			"rotation": {"angle": -22.5, "axis": "y", "origin": [1.92405, 15.59494, 10.27848]},
			"faces": {
				"north": {"uv": [0, 0, 7, 4], "texture": "#0", "tintindex": 0},
				"south": {"uv": [7, 0, 0, 4], "texture": "#0", "tintindex": 0}
			}
		},
		{
			"from": [1.92405, 13.31646, 7.8481],
			"to": [23.18987, 25.46835, 7.8481],
			"rotation": {"angle": 0, "axis": "y", "origin": [1.92405, 19.39241, 7.8481]},
			"faces": {
				"north": {"uv": [0, 8.25, 7, 12.25], "texture": "#0", "tintindex": 0},
				"south": {"uv": [7, 8.25, 0, 12.25], "texture": "#0", "tintindex": 0}
			}
		},
		{
			"from": [7.92405, 10.43038, 10.88608],
			"to": [7.92405, 14.22785, 14.68354],
			"rotation": {"angle": -45, "axis": "y", "origin": [7.92405, 10.43038, 12.78481]},
			"faces": {
				"east": {"uv": [14.75, 0, 16, 1.25], "texture": "#0"},
				"west": {"uv": [16, 0, 14.75, 1.25], "texture": "#0"}
			}
		},
		{
			"from": [7.16456, 5.11392, 2.83544],
			"to": [7.16456, 8.91139, 6.63291],
			"rotation": {"angle": 45, "axis": "y", "origin": [7.16456, 5.11392, 4.73418]},
			"faces": {
				"east": {"uv": [16, 2.5, 14.75, 3.75], "texture": "#0"},
				"west": {"uv": [14.75, 2.5, 16, 3.75], "texture": "#0"}
			}
		},
		{
			"from": [12.78481, 3.59494, 0.55696],
			"to": [12.78481, 7.39241, 4.35443],
			"rotation": {"angle": -45, "axis": "y", "origin": [12.78481, 3.59494, 2.4557]},
			"faces": {
				"east": {"uv": [14.75, 0, 16, 1.25], "texture": "#0"},
				"west": {"uv": [16, 0, 14.75, 1.25], "texture": "#0"}
			}
		},
		{
			"from": [12.78481, 3.59494, 0.55696],
			"to": [12.78481, 7.39241, 4.35443],
			"rotation": {"angle": 45, "axis": "y", "origin": [12.78481, 3.59494, 2.4557]},
			"faces": {
				"east": {"uv": [16, 0, 14.75, 1.25], "texture": "#0"},
				"west": {"uv": [14.75, 0, 16, 1.25], "texture": "#0"}
			}
		},
		{
			"from": [11.26582, 8.1519, 1.16456],
			"to": [11.26582, 11.94937, 4.96203],
			"rotation": {"angle": -45, "axis": "y", "origin": [11.26582, 8.1519, 3.06329]},
			"faces": {
				"east": {"uv": [14.75, 1.25, 16, 2.5], "texture": "#0", "tintindex": 0},
				"west": {"uv": [16, 1.25, 14.75, 2.5], "texture": "#0", "tintindex": 0}
			}
		},
		{
			"from": [16.35443, 7.46835, -1.11392],
			"to": [16.35443, 11.26582, 2.68354],
			"rotation": {"angle": -45, "axis": "y", "origin": [16.35443, 7.46835, 0.78481]},
			"faces": {
				"east": {"uv": [14.75, 0, 16, 1.25], "texture": "#0"},
				"west": {"uv": [16, 0, 14.75, 1.25], "texture": "#0"}
			}
		},
		{
			"from": [19.8481, 2.3038, -2.40506],
			"to": [19.8481, 6.10127, 1.39241],
			"rotation": {"angle": -45, "axis": "y", "origin": [19.8481, 2.3038, -0.50633]},
			"faces": {
				"east": {"uv": [14.75, 2.5, 16, 3.75], "texture": "#0"},
				"west": {"uv": [16, 2.5, 14.75, 3.75], "texture": "#0"}
			}
		},
		{
			"from": [19.8481, 2.3038, -2.40506],
			"to": [19.8481, 6.10127, 1.39241],
			"rotation": {"angle": 45, "axis": "y", "origin": [19.8481, 2.3038, -0.50633]},
			"faces": {
				"east": {"uv": [16, 2.5, 14.75, 3.75], "texture": "#0"},
				"west": {"uv": [14.75, 2.5, 16, 3.75], "texture": "#0"}
			}
		},
		{
			"from": [19.08861, 9.97468, -2.17722],
			"to": [19.08861, 13.77215, 1.62025],
			"rotation": {"angle": 45, "axis": "y", "origin": [19.08861, 9.97468, -0.27848]},
			"faces": {
				"east": {"uv": [16, 3.75, 14.75, 5], "texture": "#0", "tintindex": 0},
				"west": {"uv": [14.75, 3.75, 16, 5], "texture": "#0", "tintindex": 0}
			}
		},
		{
			"from": [4.27848, 1.46835, 4.05063],
			"to": [4.27848, 5.26582, 7.8481],
			"rotation": {"angle": -45, "axis": "y", "origin": [4.27848, 1.46835, 5.94937]},
			"faces": {
				"east": {"uv": [14.75, 2.5, 16, 3.75], "texture": "#0"},
				"west": {"uv": [16, 2.5, 14.75, 3.75], "texture": "#0"}
			}
		},
		{
			"from": [4.27848, 1.46835, 4.05063],
			"to": [4.27848, 5.26582, 7.8481],
			"rotation": {"angle": 45, "axis": "y", "origin": [4.27848, 1.46835, 5.94937]},
			"faces": {
				"east": {"uv": [16, 2.5, 14.75, 3.75], "texture": "#0"},
				"west": {"uv": [14.75, 2.5, 16, 3.75], "texture": "#0"}
			}
		},
		{
			"from": [5.11392, 8.98734, 9.74684],
			"to": [5.11392, 12.78481, 13.5443],
			"rotation": {"angle": -45, "axis": "y", "origin": [5.11392, 8.98734, 11.64557]},
			"faces": {
				"east": {"uv": [14.75, 2.5, 16, 3.75], "texture": "#0"},
				"west": {"uv": [16, 2.5, 14.75, 3.75], "texture": "#0"}
			}
		},
		{
			"from": [3.67089, 14.3038, 9.13924],
			"to": [3.67089, 18.10127, 12.93671],
			"rotation": {"angle": 45, "axis": "y", "origin": [3.67089, 14.3038, 11.03797]},
			"faces": {
				"east": {"uv": [16, 0, 14.75, 1.25], "texture": "#0"},
				"west": {"uv": [14.75, 0, 16, 1.25], "texture": "#0"}
			}
		},
		{
			"from": [3.67089, 14.3038, 9.13924],
			"to": [3.67089, 18.10127, 12.93671],
			"rotation": {"angle": -45, "axis": "y", "origin": [3.67089, 14.3038, 11.03797]},
			"faces": {
				"east": {"uv": [14.75, 0, 16, 1.25], "texture": "#0"},
				"west": {"uv": [16, 0, 14.75, 1.25], "texture": "#0"}
			}
		},
		{
			"from": [4.58228, 18.02532, 5.94937],
			"to": [4.58228, 21.82278, 9.74684],
			"rotation": {"angle": -45, "axis": "y", "origin": [4.58228, 18.02532, 7.8481]},
			"faces": {
				"east": {"uv": [14.75, 1.25, 16, 2.5], "texture": "#0", "tintindex": 0},
				"west": {"uv": [16, 1.25, 14.75, 2.5], "texture": "#0", "tintindex": 0}
			}
		},
		{
			"from": [8.37975, 16.50633, 5.94937],
			"to": [8.37975, 20.3038, 9.74684],
			"rotation": {"angle": -45, "axis": "y", "origin": [8.37975, 16.50633, 7.8481]},
			"faces": {
				"east": {"uv": [14.75, 2.5, 16, 3.75], "texture": "#0"},
				"west": {"uv": [16, 2.5, 14.75, 3.75], "texture": "#0"}
			}
		},
		{
			"from": [9.89873, 12.02532, 5.87342],
			"to": [9.89873, 15.82278, 9.67089],
			"rotation": {"angle": -45, "axis": "y", "origin": [9.89873, 12.02532, 7.77215]},
			"faces": {
				"east": {"uv": [14.75, 0, 16, 1.25], "texture": "#0"},
				"west": {"uv": [16, 0, 14.75, 1.25], "texture": "#0"}
			}
		},
		{
			"from": [9.89873, 12.02532, 5.87342],
			"to": [9.89873, 15.82278, 9.67089],
			"rotation": {"angle": 45, "axis": "y", "origin": [9.89873, 12.02532, 7.77215]},
			"faces": {
				"east": {"uv": [16, 0, 14.75, 1.25], "texture": "#0"},
				"west": {"uv": [14.75, 0, 16, 1.25], "texture": "#0"}
			}
		},
		{
			"from": [12.93671, 12.02532, 5.87342],
			"to": [12.93671, 15.82278, 9.67089],
			"rotation": {"angle": -45, "axis": "y", "origin": [12.93671, 12.02532, 7.77215]},
			"faces": {
				"east": {"uv": [14.75, 1.25, 16, 2.5], "texture": "#0", "tintindex": 0},
				"west": {"uv": [16, 1.25, 14.75, 2.5], "texture": "#0", "tintindex": 0}
			}
		},
		{
			"from": [12.93671, 12.02532, 5.87342],
			"to": [12.93671, 15.82278, 9.67089],
			"rotation": {"angle": 45, "axis": "y", "origin": [12.93671, 12.02532, 7.77215]},
			"faces": {
				"east": {"uv": [16, 1.25, 14.75, 2.5], "texture": "#0", "tintindex": 0},
				"west": {"uv": [14.75, 1.25, 16, 2.5], "texture": "#0", "tintindex": 0}
			}
		},
		{
			"from": [15.97468, 13.6962, 5.87342],
			"to": [15.97468, 17.49367, 9.67089],
			"rotation": {"angle": 45, "axis": "y", "origin": [15.97468, 13.6962, 7.77215]},
			"faces": {
				"east": {"uv": [16, 0, 14.75, 1.25], "texture": "#0"},
				"west": {"uv": [14.75, 0, 16, 1.25], "texture": "#0"}
			}
		},
		{
			"from": [15.97468, 13.6962, 5.87342],
			"to": [15.97468, 17.49367, 9.67089],
			"rotation": {"angle": -45, "axis": "y", "origin": [15.97468, 13.6962, 7.77215]},
			"faces": {
				"east": {"uv": [14.75, 0, 16, 1.25], "texture": "#0"},
				"west": {"uv": [16, 0, 14.75, 1.25], "texture": "#0"}
			}
		},
		{
			"from": [19.77215, 9.74684, 5.87342],
			"to": [19.77215, 13.5443, 9.67089],
			"rotation": {"angle": 45, "axis": "y", "origin": [19.77215, 9.74684, 7.77215]},
			"faces": {
				"east": {"uv": [16, 2.5, 14.75, 3.75], "texture": "#0"},
				"west": {"uv": [14.75, 2.5, 16, 3.75], "texture": "#0"}
			}
		},
		{
			"from": [19.77215, 9.74684, 5.87342],
			"to": [19.77215, 13.5443, 9.67089],
			"rotation": {"angle": -45, "axis": "y", "origin": [19.77215, 9.74684, 7.77215]},
			"faces": {
				"east": {"uv": [14.75, 2.5, 16, 3.75], "texture": "#0"},
				"west": {"uv": [16, 2.5, 14.75, 3.75], "texture": "#0"}
			}
		},
		{
			"from": [10.65823, 12.70886, 12.10127],
			"to": [10.65823, 16.50633, 15.89873],
			"rotation": {"angle": -45, "axis": "y", "origin": [10.65823, 12.70886, 14]},
			"faces": {
				"east": {"uv": [14.75, 3.75, 16, 5], "texture": "#0", "tintindex": 0},
				"west": {"uv": [16, 3.75, 14.75, 5], "texture": "#0", "tintindex": 0}
			}
		},
		{
			"from": [13.46835, 11.41772, 13.24051],
			"to": [13.46835, 15.21519, 17.03797],
			"rotation": {"angle": 45, "axis": "y", "origin": [13.46835, 11.41772, 15.13924]},
			"faces": {
				"east": {"uv": [16, 1.25, 14.75, 2.5], "texture": "#0", "tintindex": 0},
				"west": {"uv": [14.75, 1.25, 16, 2.5], "texture": "#0", "tintindex": 0}
			}
		},
		{
			"from": [15.51899, 14.3038, 14.07595],
			"to": [15.51899, 18.10127, 17.87342],
			"rotation": {"angle": 45, "axis": "y", "origin": [15.51899, 14.3038, 15.97468]},
			"faces": {
				"east": {"uv": [16, 2.5, 14.75, 3.75], "texture": "#0"},
				"west": {"uv": [14.75, 2.5, 16, 3.75], "texture": "#0"}
			}
		},
		{
			"from": [15.51899, 14.3038, 14.07595],
			"to": [15.51899, 18.10127, 17.87342],
			"rotation": {"angle": -45, "axis": "y", "origin": [15.51899, 14.3038, 15.97468]},
			"faces": {
				"east": {"uv": [14.75, 2.5, 16, 3.75], "texture": "#0"},
				"west": {"uv": [16, 2.5, 14.75, 3.75], "texture": "#0"}
			}
		},
		{
			"from": [1.92405, 12.55696, 0.40506],
			"to": [1.92405, 22.43038, 12.55696],
			"rotation": {"angle": 22.5, "axis": "z", "origin": [1.92405, 22.43038, 6.48101]},
			"faces": {
				"east": {"uv": [11, 0, 7, 3.25], "texture": "#0"}
			}
		},
		{
			"from": [1.92405, 4.96203, 1.16456],
			"to": [1.92405, 14.83544, 13.31646],
			"rotation": {"angle": 22.5, "axis": "z", "origin": [1.92405, 14.83544, 7.24051]},
			"faces": {
				"east": {"uv": [11, 3.25, 7, 6.5], "texture": "#0"}
			}
		}
	],
	"display": {
		"head": {
			"rotation": [0, 180, 0]
		}
	}
}