{
    "providers": [
        {
            "type": "space",
            "advances": {
                " ": 4,
                "\u200c": 0
            }
        },
        {
            "type": "bitmap",
            "file": "kello:font/shader_canvas.png",
            "ascent": 0,
            "height": 0,
            "chars": [
                "a"
            ]
        },
        {
            "type": "bitmap",
            "file": "kello:item/title/galaxy_glazed.png",
            "ascent": 32,
            "height": 64,
            "chars": [
                "\ue002"
            ]
        },
        {
            "type": "bitmap",
            "file": "kello:item/title/galaxy_guide.png",
            "ascent": 8,
            "height": 16,
            "chars": [
                "\ue003"
            ]
        },
        {
            "type": "bitmap",
            "file": "kello:item/title/galaxy_guide_0.png",
            "ascent": 8,
            "height": 16,
            "chars": [
                "\ue004"
            ]
        }
    ]
}