{
	"credit": "Made with Blockbench",
	"textures": {
		"0": "kello:item/decal/wall_mellolily",
		"1": "kello:item/decal/wall_mellolily_0"
	},
	"elements": [
		{
			"from": [11.23706, 8.75204, 15.52044],
			"to": [11.23706, 10.38692, 17.15531],
			"rotation": {"angle": -45, "axis": "y", "origin": [11.23706, 8.75204, 16.33787]},
			"faces": {
				"east": {"uv": [14.75, 0, 16, 1.25], "texture": "#0"},
				"west": {"uv": [16, 0, 14.75, 1.25], "texture": "#0"}
			}
		},
		{
			"from": [11.23706, 8.75204, 15.52044],
			"to": [11.23706, 10.38692, 17.15531],
			"rotation": {"angle": 45, "axis": "y", "origin": [11.23706, 8.75204, 16.33787]},
			"faces": {
				"east": {"uv": [16, 0, 14.75, 1.25], "texture": "#0"},
				"west": {"uv": [14.75, 0, 16, 1.25], "texture": "#0"}
			}
		},
		{
			"from": [10.35422, 7.50954, 15.16076],
			"to": [10.35422, 9.14441, 16.79564],
			"rotation": {"angle": 45, "axis": "y", "origin": [10.35422, 7.50954, 15.9782]},
			"faces": {
				"east": {"uv": [16, 1.25, 14.75, 2.5], "texture": "#0", "tintindex": 0},
				"west": {"uv": [14.75, 1.25, 16, 2.5], "texture": "#0", "tintindex": 0}
			}
		},
		{
			"from": [9.14441, 8.0654, 14.6703],
			"to": [9.14441, 9.70027, 16.30518],
			"rotation": {"angle": -45, "axis": "y", "origin": [9.14441, 8.0654, 15.48774]},
			"faces": {
				"east": {"uv": [14.75, 3.75, 16, 5], "texture": "#0", "tintindex": 0},
				"west": {"uv": [16, 3.75, 14.75, 5], "texture": "#0", "tintindex": 0}
			}
		},
		{
			"from": [13.06812, 10.38692, 13.297],
			"to": [13.06812, 12.0218, 14.93188],
			"rotation": {"angle": -45, "axis": "y", "origin": [13.06812, 10.38692, 14.11444]},
			"faces": {
				"east": {"uv": [14.75, 3.75, 16, 5], "texture": "#0"},
				"west": {"uv": [16, 3.75, 14.75, 5], "texture": "#0"}
			}
		},
		{
			"from": [11.43324, 12.08719, 13.297],
			"to": [11.43324, 13.72207, 14.93188],
			"rotation": {"angle": -45, "axis": "y", "origin": [11.43324, 12.08719, 14.11444]},
			"faces": {
				"east": {"uv": [14.75, 0, 16, 1.25], "texture": "#0"},
				"west": {"uv": [16, 0, 14.75, 1.25], "texture": "#0"}
			}
		},
		{
			"from": [11.43324, 12.08719, 13.297],
			"to": [11.43324, 13.72207, 14.93188],
			"rotation": {"angle": 45, "axis": "y", "origin": [11.43324, 12.08719, 14.11444]},
			"faces": {
				"east": {"uv": [16, 0, 14.75, 1.25], "texture": "#0"},
				"west": {"uv": [14.75, 0, 16, 1.25], "texture": "#0"}
			}
		},
		{
			"from": [10.12534, 10.7139, 13.297],
			"to": [10.12534, 12.34877, 14.93188],
			"rotation": {"angle": 45, "axis": "y", "origin": [10.12534, 10.7139, 14.11444]},
			"faces": {
				"east": {"uv": [16, 1.25, 14.75, 2.5], "texture": "#0", "tintindex": 0},
				"west": {"uv": [14.75, 1.25, 16, 2.5], "texture": "#0", "tintindex": 0}
			}
		},
		{
			"from": [8.81744, 11.36785, 13.297],
			"to": [8.81744, 13.00272, 14.93188],
			"rotation": {"angle": -45, "axis": "y", "origin": [8.81744, 11.36785, 14.11444]},
			"faces": {
				"east": {"uv": [14.75, 0, 16, 1.25], "texture": "#0"},
				"west": {"uv": [16, 0, 14.75, 1.25], "texture": "#0"}
			}
		},
		{
			"from": [8.16349, 13.297, 13.3297],
			"to": [8.16349, 14.93188, 14.96458],
			"rotation": {"angle": 45, "axis": "y", "origin": [8.16349, 13.297, 14.14714]},
			"faces": {
				"east": {"uv": [16, 2.5, 14.75, 3.75], "texture": "#0"},
				"west": {"uv": [14.75, 2.5, 16, 3.75], "texture": "#0"}
			}
		},
		{
			"from": [6.52861, 13.95095, 13.3297],
			"to": [6.52861, 15.58583, 14.96458],
			"rotation": {"angle": -45, "axis": "y", "origin": [6.52861, 13.95095, 14.14714]},
			"faces": {
				"east": {"uv": [14.75, 1.25, 16, 2.5], "texture": "#0", "tintindex": 0},
				"west": {"uv": [16, 1.25, 14.75, 2.5], "texture": "#0", "tintindex": 0}
			}
		},
		{
			"from": [6.13624, 8.75204, 13.3951],
			"to": [6.13624, 10.38692, 15.02997],
			"rotation": {"angle": -45, "axis": "y", "origin": [6.13624, 8.75204, 14.21253]},
			"faces": {
				"east": {"uv": [14.75, 0, 16, 1.25], "texture": "#0"},
				"west": {"uv": [16, 0, 14.75, 1.25], "texture": "#0"}
			}
		},
		{
			"from": [6.13624, 8.75204, 13.3951],
			"to": [6.13624, 10.38692, 15.02997],
			"rotation": {"angle": 45, "axis": "y", "origin": [6.13624, 8.75204, 14.21253]},
			"faces": {
				"east": {"uv": [16, 0, 14.75, 1.25], "texture": "#0"},
				"west": {"uv": [14.75, 0, 16, 1.25], "texture": "#0"}
			}
		},
		{
			"from": [6.75749, 6.46322, 13.65668],
			"to": [6.75749, 8.09809, 15.29155],
			"rotation": {"angle": -45, "axis": "y", "origin": [6.75749, 6.46322, 14.47411]},
			"faces": {
				"east": {"uv": [14.75, 2.5, 16, 3.75], "texture": "#0"},
				"west": {"uv": [16, 2.5, 14.75, 3.75], "texture": "#0"}
			}
		},
		{
			"from": [6.75749, 6.46322, 13.65668],
			"to": [6.75749, 8.09809, 15.29155],
			"rotation": {"angle": 45, "axis": "y", "origin": [6.75749, 6.46322, 14.47411]},
			"faces": {
				"east": {"uv": [16, 2.5, 14.75, 3.75], "texture": "#0"},
				"west": {"uv": [14.75, 2.5, 16, 3.75], "texture": "#0"}
			}
		},
		{
			"from": [6.39782, 5.84196, 8.26158],
			"to": [6.39782, 7.47684, 9.89646],
			"rotation": {"angle": 45, "axis": "y", "origin": [6.39782, 5.84196, 9.07902]},
			"faces": {
				"east": {"uv": [16, 2.5, 14.75, 3.75], "texture": "#0"},
				"west": {"uv": [14.75, 2.5, 16, 3.75], "texture": "#0"}
			}
		},
		{
			"from": [6.39782, 5.84196, 8.26158],
			"to": [6.39782, 7.47684, 9.89646],
			"rotation": {"angle": -45, "axis": "y", "origin": [6.39782, 5.84196, 9.07902]},
			"faces": {
				"east": {"uv": [14.75, 2.5, 16, 3.75], "texture": "#0"},
				"west": {"uv": [16, 2.5, 14.75, 3.75], "texture": "#0"}
			}
		},
		{
			"from": [12.77384, 9.50409, 5.58038],
			"to": [12.77384, 11.13896, 7.21526],
			"rotation": {"angle": 45, "axis": "y", "origin": [12.77384, 9.50409, 6.39782]},
			"faces": {
				"east": {"uv": [16, 3.75, 14.75, 5], "texture": "#0", "tintindex": 0},
				"west": {"uv": [14.75, 3.75, 16, 5], "texture": "#0", "tintindex": 0}
			}
		},
		{
			"from": [13.10082, 6.20163, 5.48229],
			"to": [13.10082, 7.83651, 7.11717],
			"rotation": {"angle": 45, "axis": "y", "origin": [13.10082, 6.20163, 6.29973]},
			"faces": {
				"east": {"uv": [16, 2.5, 14.75, 3.75], "texture": "#0"},
				"west": {"uv": [14.75, 2.5, 16, 3.75], "texture": "#0"}
			}
		},
		{
			"from": [13.10082, 6.20163, 5.48229],
			"to": [13.10082, 7.83651, 7.11717],
			"rotation": {"angle": -45, "axis": "y", "origin": [13.10082, 6.20163, 6.29973]},
			"faces": {
				"east": {"uv": [14.75, 2.5, 16, 3.75], "texture": "#0"},
				"west": {"uv": [16, 2.5, 14.75, 3.75], "texture": "#0"}
			}
		},
		{
			"from": [11.59673, 8.42507, 6.03815],
			"to": [11.59673, 10.05995, 7.67302],
			"rotation": {"angle": 45, "axis": "y", "origin": [11.59673, 8.42507, 6.85559]},
			"faces": {
				"east": {"uv": [16, 0, 14.75, 1.25], "texture": "#0"},
				"west": {"uv": [14.75, 0, 16, 1.25], "texture": "#0"}
			}
		},
		{
			"from": [11.59673, 8.42507, 6.03815],
			"to": [11.59673, 10.05995, 7.67302],
			"rotation": {"angle": -45, "axis": "y", "origin": [11.59673, 8.42507, 6.85559]},
			"faces": {
				"east": {"uv": [14.75, 0, 16, 1.25], "texture": "#0"},
				"west": {"uv": [16, 0, 14.75, 1.25], "texture": "#0"}
			}
		},
		{
			"from": [9.40599, 8.71935, 7.01907],
			"to": [9.40599, 10.35422, 8.65395],
			"rotation": {"angle": -45, "axis": "y", "origin": [9.40599, 8.71935, 7.83651]},
			"faces": {
				"east": {"uv": [14.75, 1.25, 16, 2.5], "texture": "#0", "tintindex": 0},
				"west": {"uv": [16, 1.25, 14.75, 2.5], "texture": "#0", "tintindex": 0}
			}
		},
		{
			"from": [10.05995, 6.75749, 6.75749],
			"to": [10.05995, 8.39237, 8.39237],
			"rotation": {"angle": 45, "axis": "y", "origin": [10.05995, 6.75749, 7.57493]},
			"faces": {
				"east": {"uv": [16, 0, 14.75, 1.25], "texture": "#0"},
				"west": {"uv": [14.75, 0, 16, 1.25], "texture": "#0"}
			}
		},
		{
			"from": [10.05995, 6.75749, 6.75749],
			"to": [10.05995, 8.39237, 8.39237],
			"rotation": {"angle": -45, "axis": "y", "origin": [10.05995, 6.75749, 7.57493]},
			"faces": {
				"east": {"uv": [14.75, 0, 16, 1.25], "texture": "#0"},
				"west": {"uv": [16, 0, 14.75, 1.25], "texture": "#0"}
			}
		},
		{
			"from": [7.64033, 7.41144, 7.73842],
			"to": [7.64033, 9.04632, 9.3733],
			"rotation": {"angle": -45, "axis": "y", "origin": [7.64033, 7.41144, 8.55586]},
			"faces": {
				"east": {"uv": [14.75, 2.5, 16, 3.75], "texture": "#0"},
				"west": {"uv": [16, 2.5, 14.75, 3.75], "texture": "#0"}
			}
		},
		{
			"from": [7.9673, 7.08447, 14.14714],
			"to": [7.9673, 8.71935, 15.78202],
			"rotation": {"angle": -45, "axis": "y", "origin": [7.9673, 7.08447, 14.96458]},
			"faces": {
				"east": {"uv": [14.75, 0, 16, 1.25], "texture": "#0"},
				"west": {"uv": [16, 0, 14.75, 1.25], "texture": "#0"}
			}
		},
		{
			"from": [7.9673, 7.08447, 14.14714],
			"to": [7.9673, 8.71935, 15.78202],
			"rotation": {"angle": 45, "axis": "y", "origin": [7.9673, 7.08447, 14.96458]},
			"faces": {
				"east": {"uv": [16, 0, 14.75, 1.25], "texture": "#0"},
				"west": {"uv": [14.75, 0, 16, 1.25], "texture": "#0"}
			}
		},
		{
			"from": [7.9673, 4.14169, 11.20436],
			"to": [7.9673, 5.77657, 12.83924],
			"rotation": {"angle": -45, "axis": "y", "origin": [7.9673, 4.14169, 12.0218]},
			"faces": {
				"east": {"uv": [14.75, 2.5, 16, 3.75], "texture": "#0"},
				"west": {"uv": [16, 2.5, 14.75, 3.75], "texture": "#0"}
			}
		},
		{
			"from": [7.64033, 4.79564, 0.93733],
			"to": [7.64033, 6.43052, 2.57221],
			"rotation": {"angle": -45, "axis": "y", "origin": [7.64033, 4.79564, 1.75477]},
			"faces": {
				"east": {"uv": [14.75, 4, 16, 5.25], "texture": "#0"},
				"west": {"uv": [16, 4, 14.75, 5.25], "texture": "#0"}
			}
		},
		{
			"from": [10.05995, 4.14169, 1.91826],
			"to": [10.05995, 5.77657, 3.55313],
			"rotation": {"angle": 45, "axis": "y", "origin": [10.05995, 4.14169, 2.73569]},
			"faces": {
				"east": {"uv": [16, 0, 14.75, 1.25], "texture": "#0"},
				"west": {"uv": [14.75, 0, 16, 1.25], "texture": "#0"}
			}
		},
		{
			"from": [10.05995, 4.14169, 1.91826],
			"to": [10.05995, 5.77657, 3.55313],
			"rotation": {"angle": -45, "axis": "y", "origin": [10.05995, 4.14169, 2.73569]},
			"faces": {
				"east": {"uv": [14.75, 0, 16, 1.25], "texture": "#0"},
				"west": {"uv": [16, 0, 14.75, 1.25], "texture": "#0"}
			}
		},
		{
			"from": [9.40599, 6.10354, 1.65668],
			"to": [9.40599, 7.73842, 3.29155],
			"rotation": {"angle": -45, "axis": "y", "origin": [9.40599, 6.10354, 2.47411]},
			"faces": {
				"east": {"uv": [14.75, 1.25, 16, 2.5], "texture": "#0", "tintindex": 0},
				"west": {"uv": [16, 1.25, 14.75, 2.5], "texture": "#0", "tintindex": 0}
			}
		},
		{
			"from": [11.59673, 5.80926, 2.6376],
			"to": [11.59673, 7.44414, 4.27248],
			"rotation": {"angle": 45, "axis": "y", "origin": [11.59673, 5.80926, 3.45504]},
			"faces": {
				"east": {"uv": [16, 0, 14.75, 1.25], "texture": "#0"},
				"west": {"uv": [14.75, 0, 16, 1.25], "texture": "#0"}
			}
		},
		{
			"from": [11.59673, 5.80926, 2.6376],
			"to": [11.59673, 7.44414, 4.27248],
			"rotation": {"angle": -45, "axis": "y", "origin": [11.59673, 5.80926, 3.45504]},
			"faces": {
				"east": {"uv": [14.75, 0, 16, 1.25], "texture": "#0"},
				"west": {"uv": [16, 0, 14.75, 1.25], "texture": "#0"}
			}
		},
		{
			"from": [13.10082, 3.58583, 3.19346],
			"to": [13.10082, 5.22071, 4.82834],
			"rotation": {"angle": 45, "axis": "y", "origin": [13.10082, 3.58583, 4.0109]},
			"faces": {
				"east": {"uv": [16, 2.5, 14.75, 3.75], "texture": "#0"},
				"west": {"uv": [14.75, 2.5, 16, 3.75], "texture": "#0"}
			}
		},
		{
			"from": [13.10082, 3.58583, 3.19346],
			"to": [13.10082, 5.22071, 4.82834],
			"rotation": {"angle": -45, "axis": "y", "origin": [13.10082, 3.58583, 4.0109]},
			"faces": {
				"east": {"uv": [14.75, 2.5, 16, 3.75], "texture": "#0"},
				"west": {"uv": [16, 2.5, 14.75, 3.75], "texture": "#0"}
			}
		},
		{
			"from": [12.77384, 6.88828, 3.09537],
			"to": [12.77384, 8.52316, 4.73025],
			"rotation": {"angle": 45, "axis": "y", "origin": [12.77384, 6.88828, 3.91281]},
			"faces": {
				"east": {"uv": [16, 3.75, 14.75, 5], "texture": "#0", "tintindex": 0},
				"west": {"uv": [14.75, 3.75, 16, 5], "texture": "#0", "tintindex": 0}
			}
		},
		{
			"from": [6.39782, 3.22616, 0.41417],
			"to": [6.39782, 4.86104, 2.04905],
			"rotation": {"angle": 45, "axis": "y", "origin": [6.39782, 3.22616, 1.23161]},
			"faces": {
				"east": {"uv": [16, 3.75, 14.75, 5], "texture": "#0"},
				"west": {"uv": [14.75, 3.75, 16, 5], "texture": "#0"}
			}
		},
		{
			"from": [6.75749, 3.52044, 11.69482],
			"to": [6.75749, 5.15531, 13.3297],
			"rotation": {"angle": 45, "axis": "y", "origin": [6.75749, 3.52044, 12.51226]},
			"faces": {
				"east": {"uv": [16, 0, 14.75, 1.25], "texture": "#0"},
				"west": {"uv": [14.75, 0, 16, 1.25], "texture": "#0"}
			}
		},
		{
			"from": [6.13624, 5.80926, 11.9564],
			"to": [6.13624, 7.44414, 13.59128],
			"rotation": {"angle": -45, "axis": "y", "origin": [6.13624, 5.80926, 12.77384]},
			"faces": {
				"east": {"uv": [14.75, 0, 16, 1.25], "texture": "#0"},
				"west": {"uv": [16, 0, 14.75, 1.25], "texture": "#0"}
			}
		},
		{
			"from": [6.13624, 5.80926, 11.9564],
			"to": [6.13624, 7.44414, 13.59128],
			"rotation": {"angle": 45, "axis": "y", "origin": [6.13624, 5.80926, 12.77384]},
			"faces": {
				"east": {"uv": [16, 0, 14.75, 1.25], "texture": "#0"},
				"west": {"uv": [14.75, 0, 16, 1.25], "texture": "#0"}
			}
		},
		{
			"from": [6.52861, 11.00817, -0.40327],
			"to": [6.52861, 12.64305, 1.23161],
			"rotation": {"angle": 45, "axis": "y", "origin": [6.52861, 11.00817, 0.41417]},
			"faces": {
				"east": {"uv": [16, 1.25, 14.75, 2.5], "texture": "#0", "tintindex": 0},
				"west": {"uv": [14.75, 1.25, 16, 2.5], "texture": "#0", "tintindex": 0}
			}
		},
		{
			"from": [8.16349, 10.35422, -0.40327],
			"to": [8.16349, 11.9891, 1.23161],
			"rotation": {"angle": 45, "axis": "y", "origin": [8.16349, 10.35422, 0.41417]},
			"faces": {
				"east": {"uv": [16, 0, 14.75, 1.25], "texture": "#0"},
				"west": {"uv": [14.75, 0, 16, 1.25], "texture": "#0"}
			}
		},
		{
			"from": [8.16349, 10.35422, -0.40327],
			"to": [8.16349, 11.9891, 1.23161],
			"rotation": {"angle": -45, "axis": "y", "origin": [8.16349, 10.35422, 0.41417]},
			"faces": {
				"east": {"uv": [14.75, 0, 16, 1.25], "texture": "#0"},
				"west": {"uv": [16, 0, 14.75, 1.25], "texture": "#0"}
			}
		},
		{
			"from": [8.81744, 8.42507, -0.37057],
			"to": [8.81744, 10.05995, 1.26431],
			"rotation": {"angle": 45, "axis": "y", "origin": [8.81744, 8.42507, 0.44687]},
			"faces": {
				"east": {"uv": [16, 0, 14.75, 1.25], "texture": "#0"},
				"west": {"uv": [14.75, 0, 16, 1.25], "texture": "#0"}
			}
		},
		{
			"from": [8.81744, 8.42507, -0.37057],
			"to": [8.81744, 10.05995, 1.26431],
			"rotation": {"angle": -45, "axis": "y", "origin": [8.81744, 8.42507, 0.44687]},
			"faces": {
				"east": {"uv": [14.75, 0, 16, 1.25], "texture": "#0"},
				"west": {"uv": [16, 0, 14.75, 1.25], "texture": "#0"}
			}
		},
		{
			"from": [10.12534, 7.77112, -0.37057],
			"to": [10.12534, 9.40599, 1.26431],
			"rotation": {"angle": 45, "axis": "y", "origin": [10.12534, 7.77112, 0.44687]},
			"faces": {
				"east": {"uv": [16, 1.25, 14.75, 2.5], "texture": "#0", "tintindex": 0},
				"west": {"uv": [14.75, 1.25, 16, 2.5], "texture": "#0", "tintindex": 0}
			}
		},
		{
			"from": [11.43324, 9.14441, -0.37057],
			"to": [11.43324, 10.77929, 1.26431],
			"rotation": {"angle": -45, "axis": "y", "origin": [11.43324, 9.14441, 0.44687]},
			"faces": {
				"east": {"uv": [14.75, 0, 16, 1.25], "texture": "#0"},
				"west": {"uv": [16, 0, 14.75, 1.25], "texture": "#0"}
			}
		},
		{
			"from": [11.43324, 9.14441, -0.37057],
			"to": [11.43324, 10.77929, 1.26431],
			"rotation": {"angle": 45, "axis": "y", "origin": [11.43324, 9.14441, 0.44687]},
			"faces": {
				"east": {"uv": [16, 0, 14.75, 1.25], "texture": "#0"},
				"west": {"uv": [14.75, 0, 16, 1.25], "texture": "#0"}
			}
		},
		{
			"from": [13.06812, 7.44414, -0.37057],
			"to": [13.06812, 9.07902, 1.26431],
			"rotation": {"angle": -45, "axis": "y", "origin": [13.06812, 7.44414, 0.44687]},
			"faces": {
				"east": {"uv": [14.75, 1.25, 16, 2.5], "texture": "#0"},
				"west": {"uv": [16, 1.25, 14.75, 2.5], "texture": "#0"}
			}
		},
		{
			"from": [12.51226, -1.05722, 6.85559],
			"to": [12.51226, 0.57766, 8.49046],
			"rotation": {"angle": 45, "axis": "y", "origin": [12.51226, -1.05722, 7.67302]},
			"faces": {
				"east": {"uv": [16, 2.5, 14.75, 3.75], "texture": "#0"},
				"west": {"uv": [14.75, 2.5, 16, 3.75], "texture": "#0"}
			}
		},
		{
			"from": [12.51226, -1.05722, 6.85559],
			"to": [12.51226, 0.57766, 8.49046],
			"rotation": {"angle": -45, "axis": "y", "origin": [12.51226, -1.05722, 7.67302]},
			"faces": {
				"east": {"uv": [14.75, 2.5, 16, 3.75], "texture": "#0"},
				"west": {"uv": [16, 2.5, 14.75, 3.75], "texture": "#0"}
			}
		},
		{
			"from": [10.97548, 0.64305, 6.20163],
			"to": [10.97548, 2.27793, 7.83651],
			"rotation": {"angle": 45, "axis": "y", "origin": [10.97548, 0.64305, 7.01907]},
			"faces": {
				"east": {"uv": [16, 3.75, 14.75, 5], "texture": "#0"},
				"west": {"uv": [14.75, 3.75, 16, 5], "texture": "#0"}
			}
		},
		{
			"from": [9.76567, -0.73025, 5.74387],
			"to": [9.76567, 0.90463, 7.37875],
			"rotation": {"angle": -45, "axis": "y", "origin": [9.76567, -0.73025, 6.56131]},
			"faces": {
				"east": {"uv": [14.75, 1.25, 16, 2.5], "texture": "#0", "tintindex": 0},
				"west": {"uv": [16, 1.25, 14.75, 2.5], "texture": "#0", "tintindex": 0}
			}
		},
		{
			"from": [8.62125, -0.07629, 5.22071],
			"to": [8.62125, 1.55858, 6.85559],
			"rotation": {"angle": -45, "axis": "y", "origin": [8.62125, -0.07629, 6.03815]},
			"faces": {
				"east": {"uv": [14.75, 0, 16, 1.25], "texture": "#0"},
				"west": {"uv": [16, 0, 14.75, 1.25], "texture": "#0"}
			}
		},
		{
			"from": [8.62125, -0.07629, 5.22071],
			"to": [8.62125, 1.55858, 6.85559],
			"rotation": {"angle": 45, "axis": "y", "origin": [8.62125, -0.07629, 6.03815]},
			"faces": {
				"east": {"uv": [16, 0, 14.75, 1.25], "texture": "#0"},
				"west": {"uv": [14.75, 0, 16, 1.25], "texture": "#0"}
			}
		},
		{
			"from": [7.9346, 1.98365, 4.95913],
			"to": [7.9346, 3.61853, 6.59401],
			"rotation": {"angle": 45, "axis": "y", "origin": [7.9346, 1.98365, 5.77657]},
			"faces": {
				"east": {"uv": [16, 2.5, 14.75, 3.75], "texture": "#0"},
				"west": {"uv": [14.75, 2.5, 16, 3.75], "texture": "#0"}
			}
		},
		{
			"from": [6.39782, 2.53951, 4.30518],
			"to": [6.39782, 4.17439, 5.94005],
			"rotation": {"angle": -45, "axis": "y", "origin": [6.39782, 2.53951, 5.12262]},
			"faces": {
				"east": {"uv": [14.75, 0, 16, 1.25], "texture": "#0", "tintindex": 0},
				"west": {"uv": [16, 0, 14.75, 1.25], "texture": "#0", "tintindex": 0}
			}
		},
		{
			"from": [9.14441, 5.12262, 10.6812],
			"to": [9.14441, 6.75749, 12.31608],
			"rotation": {"angle": -45, "axis": "y", "origin": [9.14441, 5.12262, 11.49864]},
			"faces": {
				"east": {"uv": [14.75, 3.75, 16, 5], "texture": "#0", "tintindex": 0},
				"west": {"uv": [16, 3.75, 14.75, 5], "texture": "#0", "tintindex": 0}
			}
		},
		{
			"from": [10.35422, 4.56676, 10.19074],
			"to": [10.35422, 6.20163, 11.82561],
			"rotation": {"angle": -45, "axis": "y", "origin": [10.35422, 4.56676, 11.00817]},
			"faces": {
				"east": {"uv": [14.75, 1.25, 16, 2.5], "texture": "#0", "tintindex": 0},
				"west": {"uv": [16, 1.25, 14.75, 2.5], "texture": "#0", "tintindex": 0}
			}
		},
		{
			"from": [11.23706, 5.80926, 9.83106],
			"to": [11.23706, 7.44414, 11.46594],
			"rotation": {"angle": -45, "axis": "y", "origin": [11.23706, 5.80926, 10.6485]},
			"faces": {
				"east": {"uv": [14.75, 2.5, 16, 3.75], "texture": "#0"},
				"west": {"uv": [16, 2.5, 14.75, 3.75], "texture": "#0"}
			}
		},
		{
			"from": [11.23706, 5.80926, 9.83106],
			"to": [11.23706, 7.44414, 11.46594],
			"rotation": {"angle": 45, "axis": "y", "origin": [11.23706, 5.80926, 10.6485]},
			"faces": {
				"east": {"uv": [16, 2.5, 14.75, 3.75], "texture": "#0"},
				"west": {"uv": [14.75, 2.5, 16, 3.75], "texture": "#0"}
			}
		},
		{
			"from": [7.9673, 13.95095, 6.95368],
			"to": [7.9673, 15.58583, 8.58856],
			"rotation": {"angle": 45, "axis": "y", "origin": [7.9673, 13.95095, 7.77112]},
			"faces": {
				"east": {"uv": [16, 0, 14.75, 1.25], "texture": "#0"},
				"west": {"uv": [14.75, 0, 16, 1.25], "texture": "#0"}
			}
		},
		{
			"from": [7.64033, 8.71935, -2.39782],
			"to": [7.64033, 10.35422, -0.76294],
			"rotation": {"angle": -45, "axis": "y", "origin": [7.64033, 8.71935, -1.58038]},
			"faces": {
				"east": {"uv": [14.75, 2.5, 16, 3.75], "texture": "#0"},
				"west": {"uv": [16, 2.5, 14.75, 3.75], "texture": "#0"}
			}
		},
		{
			"from": [7.64033, 8.71935, -2.39782],
			"to": [7.64033, 10.35422, -0.76294],
			"rotation": {"angle": 45, "axis": "y", "origin": [7.64033, 8.71935, -1.58038]},
			"faces": {
				"east": {"uv": [16, 2.5, 14.75, 3.75], "texture": "#0"},
				"west": {"uv": [14.75, 2.5, 16, 3.75], "texture": "#0"}
			}
		},
		{
			"from": [10.05995, 8.0654, -3.37875],
			"to": [10.05995, 9.70027, -1.74387],
			"rotation": {"angle": -45, "axis": "y", "origin": [10.05995, 8.0654, -2.56131]},
			"faces": {
				"east": {"uv": [14.75, 3.75, 16, 5], "texture": "#0"},
				"west": {"uv": [16, 3.75, 14.75, 5], "texture": "#0"}
			}
		},
		{
			"from": [9.40599, 10.02725, -3.11717],
			"to": [9.40599, 11.66213, -1.48229],
			"rotation": {"angle": -45, "axis": "y", "origin": [9.40599, 10.02725, -2.29973]},
			"faces": {
				"east": {"uv": [14.75, 1.25, 16, 2.5], "texture": "#0", "tintindex": 0},
				"west": {"uv": [16, 1.25, 14.75, 2.5], "texture": "#0", "tintindex": 0}
			}
		},
		{
			"from": [11.59673, 9.73297, -4.09809],
			"to": [11.59673, 11.36785, -2.46322],
			"rotation": {"angle": -45, "axis": "y", "origin": [11.59673, 9.73297, -3.28065]},
			"faces": {
				"east": {"uv": [14.75, 0, 16, 1.25], "texture": "#0"},
				"west": {"uv": [16, 0, 14.75, 1.25], "texture": "#0"}
			}
		},
		{
			"from": [11.59673, 9.73297, -4.09809],
			"to": [11.59673, 11.36785, -2.46322],
			"rotation": {"angle": 45, "axis": "y", "origin": [11.59673, 9.73297, -3.28065]},
			"faces": {
				"east": {"uv": [16, 0, 14.75, 1.25], "texture": "#0"},
				"west": {"uv": [14.75, 0, 16, 1.25], "texture": "#0"}
			}
		},
		{
			"from": [13.10082, 7.50954, -4.65395],
			"to": [13.10082, 9.14441, -3.01907],
			"rotation": {"angle": -45, "axis": "y", "origin": [13.10082, 7.50954, -3.83651]},
			"faces": {
				"east": {"uv": [14.75, 0, 16, 1.25], "texture": "#0"},
				"west": {"uv": [16, 0, 14.75, 1.25], "texture": "#0"}
			}
		},
		{
			"from": [13.10082, 7.50954, -4.65395],
			"to": [13.10082, 9.14441, -3.01907],
			"rotation": {"angle": 45, "axis": "y", "origin": [13.10082, 7.50954, -3.83651]},
			"faces": {
				"east": {"uv": [16, 0, 14.75, 1.25], "texture": "#0"},
				"west": {"uv": [14.75, 0, 16, 1.25], "texture": "#0"}
			}
		},
		{
			"from": [12.77384, 10.81199, -4.55586],
			"to": [12.77384, 12.44687, -2.92098],
			"rotation": {"angle": 45, "axis": "y", "origin": [12.77384, 10.81199, -3.73842]},
			"faces": {
				"east": {"uv": [16, 3.75, 14.75, 5], "texture": "#0", "tintindex": 0},
				"west": {"uv": [14.75, 3.75, 16, 5], "texture": "#0", "tintindex": 0}
			}
		},
		{
			"from": [6.39782, 7.14986, -1.87466],
			"to": [6.39782, 8.78474, -0.23978],
			"rotation": {"angle": -45, "axis": "y", "origin": [6.39782, 7.14986, -1.05722]},
			"faces": {
				"east": {"uv": [14.75, 0, 16, 1.25], "texture": "#0"},
				"west": {"uv": [16, 0, 14.75, 1.25], "texture": "#0"}
			}
		},
		{
			"from": [6.39782, 7.14986, -1.87466],
			"to": [6.39782, 8.78474, -0.23978],
			"rotation": {"angle": 45, "axis": "y", "origin": [6.39782, 7.14986, -1.05722]},
			"faces": {
				"east": {"uv": [16, 0, 14.75, 1.25], "texture": "#0"},
				"west": {"uv": [14.75, 0, 16, 1.25], "texture": "#0"}
			}
		},
		{
			"from": [6.75749, 13.3297, 6.46322],
			"to": [6.75749, 14.96458, 8.09809],
			"rotation": {"angle": -45, "axis": "y", "origin": [6.75749, 13.3297, 7.28065]},
			"faces": {
				"east": {"uv": [14.75, 1.25, 16, 2.5], "texture": "#0"},
				"west": {"uv": [16, 1.25, 14.75, 2.5], "texture": "#0"}
			}
		},
		{
			"from": [6.13624, 15.61853, 6.20163],
			"to": [6.13624, 17.25341, 7.83651],
			"rotation": {"angle": 45, "axis": "y", "origin": [6.13624, 15.61853, 7.01907]},
			"faces": {
				"east": {"uv": [16, 0, 14.75, 1.25], "texture": "#0"},
				"west": {"uv": [14.75, 0, 16, 1.25], "texture": "#0"}
			}
		},
		{
			"from": [6.13624, 15.61853, 6.20163],
			"to": [6.13624, 17.25341, 7.83651],
			"rotation": {"angle": -45, "axis": "y", "origin": [6.13624, 15.61853, 7.01907]},
			"faces": {
				"east": {"uv": [14.75, 0, 16, 1.25], "texture": "#0"},
				"west": {"uv": [16, 0, 14.75, 1.25], "texture": "#0"}
			}
		},
		{
			"from": [6.52861, 18.52861, 4.82834],
			"to": [6.52861, 20.16349, 6.46322],
			"rotation": {"angle": -45, "axis": "y", "origin": [6.52861, 18.52861, 5.64578]},
			"faces": {
				"east": {"uv": [14.75, 2.25, 16, 3.5], "texture": "#0", "tintindex": 0},
				"west": {"uv": [16, 2.25, 14.75, 3.5], "texture": "#0", "tintindex": 0}
			}
		},
		{
			"from": [8.16349, 17.87466, 4.82834],
			"to": [8.16349, 19.50954, 6.46322],
			"rotation": {"angle": 45, "axis": "y", "origin": [8.16349, 17.87466, 5.64578]},
			"faces": {
				"east": {"uv": [16, 1.25, 14.75, 2.5], "texture": "#0"},
				"west": {"uv": [14.75, 1.25, 16, 2.5], "texture": "#0"}
			}
		},
		{
			"from": [8.81744, 15.9455, 4.79564],
			"to": [8.81744, 17.58038, 6.43052],
			"rotation": {"angle": -45, "axis": "y", "origin": [8.81744, 15.9455, 5.61308]},
			"faces": {
				"east": {"uv": [14.75, 0, 16, 1.25], "texture": "#0"},
				"west": {"uv": [16, 0, 14.75, 1.25], "texture": "#0"}
			}
		},
		{
			"from": [10.12534, 15.9455, 4.79564],
			"to": [10.12534, 17.58038, 6.43052],
			"rotation": {"angle": 45, "axis": "y", "origin": [10.12534, 15.9455, 5.61308]},
			"faces": {
				"east": {"uv": [16, 2.5, 14.75, 3.75], "texture": "#0", "tintindex": 0},
				"west": {"uv": [14.75, 2.5, 16, 3.75], "texture": "#0", "tintindex": 0}
			}
		},
		{
			"from": [11.43324, 16.66485, 4.79564],
			"to": [11.43324, 18.29973, 6.43052],
			"rotation": {"angle": -45, "axis": "y", "origin": [11.43324, 16.66485, 5.61308]},
			"faces": {
				"east": {"uv": [14.75, 3.75, 16, 5], "texture": "#0"},
				"west": {"uv": [16, 3.75, 14.75, 5], "texture": "#0"}
			}
		},
		{
			"from": [13.06812, 14.96458, 4.79564],
			"to": [13.06812, 16.59946, 6.43052],
			"rotation": {"angle": -45, "axis": "y", "origin": [13.06812, 14.96458, 5.61308]},
			"faces": {
				"east": {"uv": [14.75, 0, 16, 1.25], "texture": "#0"},
				"west": {"uv": [16, 0, 14.75, 1.25], "texture": "#0"}
			}
		},
		{
			"from": [9.14441, 14.93188, 7.47684],
			"to": [9.14441, 16.56676, 9.11172],
			"rotation": {"angle": -45, "axis": "y", "origin": [9.14441, 14.93188, 8.29428]},
			"faces": {
				"east": {"uv": [14.75, 3.75, 16, 5], "texture": "#0", "tintindex": 0},
				"west": {"uv": [16, 3.75, 14.75, 5], "texture": "#0", "tintindex": 0}
			}
		},
		{
			"from": [10.35422, 14.37602, 7.9673],
			"to": [10.35422, 16.0109, 9.60218],
			"rotation": {"angle": 45, "axis": "y", "origin": [10.35422, 14.37602, 8.78474]},
			"faces": {
				"east": {"uv": [16, 2.5, 14.75, 3.75], "texture": "#0", "tintindex": 0},
				"west": {"uv": [14.75, 2.5, 16, 3.75], "texture": "#0", "tintindex": 0}
			}
		},
		{
			"from": [10.35422, 14.37602, 7.9673],
			"to": [10.35422, 16.0109, 9.60218],
			"rotation": {"angle": -45, "axis": "y", "origin": [10.35422, 14.37602, 8.78474]},
			"faces": {
				"east": {"uv": [14.75, 2.5, 16, 3.75], "texture": "#0", "tintindex": 0},
				"west": {"uv": [16, 2.5, 14.75, 3.75], "texture": "#0", "tintindex": 0}
			}
		},
		{
			"from": [11.23706, 15.61853, 8.32698],
			"to": [11.23706, 17.25341, 9.96185],
			"rotation": {"angle": 45, "axis": "y", "origin": [11.23706, 15.61853, 9.14441]},
			"faces": {
				"east": {"uv": [16, 1.25, 14.75, 2.5], "texture": "#0"},
				"west": {"uv": [14.75, 1.25, 16, 2.5], "texture": "#0"}
			}
		},
		{
			"from": [5.3842, 8.65395, -0.66485],
			"to": [14.53951, 13.88556, -0.66485],
			"rotation": {"angle": 22.5, "axis": "y", "origin": [5.3842, 11.26975, -0.66485]},
			"faces": {
				"north": {"uv": [0, 4, 7, 8], "texture": "#0", "tintindex": 0},
				"south": {"uv": [7, 4, 0, 8], "texture": "#0", "tintindex": 0}
			}
		},
		{
			"from": [5.3842, 11.26975, 15.35695],
			"to": [14.53951, 16.50136, 15.35695],
			"rotation": {"angle": -22.5, "axis": "y", "origin": [5.3842, 13.88556, 15.35695]},
			"faces": {
				"north": {"uv": [0, 4, 7, 8], "texture": "#0", "tintindex": 0},
				"south": {"uv": [7, 4, 0, 8], "texture": "#0", "tintindex": 0}
			}
		},
		{
			"from": [7.64033, 11.33515, 15.45504],
			"to": [7.64033, 12.97003, 17.08992],
			"rotation": {"angle": -45, "axis": "y", "origin": [7.64033, 11.33515, 16.27248]},
			"faces": {
				"east": {"uv": [14.75, 2.5, 16, 3.75], "texture": "#0"},
				"west": {"uv": [16, 2.5, 14.75, 3.75], "texture": "#0"}
			}
		},
		{
			"from": [10.05995, 10.6812, 16.43597],
			"to": [10.05995, 12.31608, 18.07084],
			"rotation": {"angle": -45, "axis": "y", "origin": [10.05995, 10.6812, 17.25341]},
			"faces": {
				"east": {"uv": [14.75, 3.75, 16, 5], "texture": "#0"},
				"west": {"uv": [16, 3.75, 14.75, 5], "texture": "#0"}
			}
		},
		{
			"from": [9.40599, 12.64305, 16.17439],
			"to": [9.40599, 14.27793, 17.80926],
			"rotation": {"angle": 45, "axis": "y", "origin": [9.40599, 12.64305, 16.99183]},
			"faces": {
				"east": {"uv": [16, 1.25, 14.75, 2.5], "texture": "#0", "tintindex": 0},
				"west": {"uv": [14.75, 1.25, 16, 2.5], "texture": "#0", "tintindex": 0}
			}
		},
		{
			"from": [11.59673, 12.34877, 17.15531],
			"to": [11.59673, 13.98365, 18.79019],
			"rotation": {"angle": 45, "axis": "y", "origin": [11.59673, 12.34877, 17.97275]},
			"faces": {
				"east": {"uv": [16, 0, 14.75, 1.25], "texture": "#0"},
				"west": {"uv": [14.75, 0, 16, 1.25], "texture": "#0"}
			}
		},
		{
			"from": [13.10082, 10.12534, 17.71117],
			"to": [13.10082, 11.76022, 19.34605],
			"rotation": {"angle": -45, "axis": "y", "origin": [13.10082, 10.12534, 18.52861]},
			"faces": {
				"east": {"uv": [14.75, 0, 16, 1.25], "texture": "#0"},
				"west": {"uv": [16, 0, 14.75, 1.25], "texture": "#0"}
			}
		},
		{
			"from": [13.10082, 10.12534, 17.71117],
			"to": [13.10082, 11.76022, 19.34605],
			"rotation": {"angle": 45, "axis": "y", "origin": [13.10082, 10.12534, 18.52861]},
			"faces": {
				"east": {"uv": [16, 0, 14.75, 1.25], "texture": "#0"},
				"west": {"uv": [14.75, 0, 16, 1.25], "texture": "#0"}
			}
		},
		{
			"from": [12.77384, 13.42779, 17.61308],
			"to": [12.77384, 15.06267, 19.24796],
			"rotation": {"angle": -45, "axis": "y", "origin": [12.77384, 13.42779, 18.43052]},
			"faces": {
				"east": {"uv": [14.75, 3.75, 16, 5], "texture": "#0", "tintindex": 0},
				"west": {"uv": [16, 3.75, 14.75, 5], "texture": "#0", "tintindex": 0}
			}
		},
		{
			"from": [6.39782, 9.76567, 14.93188],
			"to": [6.39782, 11.40054, 16.56676],
			"rotation": {"angle": 45, "axis": "y", "origin": [6.39782, 9.76567, 15.74932]},
			"faces": {
				"east": {"uv": [16, 3.75, 14.75, 5], "texture": "#0"},
				"west": {"uv": [14.75, 3.75, 16, 5], "texture": "#0"}
			}
		},
		{
			"from": [5.3842, 11.92371, 14.14714],
			"to": [14.53951, 17.15531, 14.14714],
			"rotation": {"angle": 0, "axis": "y", "origin": [5.3842, 14.53951, 14.14714]},
			"faces": {
				"north": {"uv": [0, 8.25, 7, 12.25], "texture": "#0", "tintindex": 0},
				"south": {"uv": [7, 8.25, 0, 12.25], "texture": "#0", "tintindex": 0}
			}
		},
		{
			"from": [5.3842, 6.6921, 13.88556],
			"to": [14.53951, 11.92371, 13.88556],
			"rotation": {"angle": -22.5, "axis": "y", "origin": [5.3842, 9.3079, 13.88556]},
			"faces": {
				"north": {"uv": [0, 0, 7, 4], "texture": "#0", "tintindex": 0},
				"south": {"uv": [7, 0, 0, 4], "texture": "#0", "tintindex": 0}
			}
		},
		{
			"from": [5.3842, 7.34605, 9.47139],
			"to": [14.53951, 12.57766, 9.47139],
			"rotation": {"angle": 22.5, "axis": "y", "origin": [5.3842, 9.96185, 9.47139]},
			"faces": {
				"north": {"uv": [0, 4, 7, 8], "texture": "#0", "tintindex": 0},
				"south": {"uv": [7, 4, 0, 8], "texture": "#0", "tintindex": 0}
			}
		},
		{
			"from": [5.3842, 13.88556, 4.56676],
			"to": [14.53951, 19.11717, 4.56676],
			"rotation": {"angle": 22.5, "axis": "y", "origin": [5.3842, 16.50136, 4.56676]},
			"faces": {
				"north": {"uv": [0, 4, 7, 8], "texture": "#0", "tintindex": 0},
				"south": {"uv": [7, 4, 0, 8], "texture": "#0", "tintindex": 0}
			}
		},
		{
			"from": [7.64033, 13.95095, 2.83379],
			"to": [7.64033, 15.58583, 4.46866],
			"rotation": {"angle": -45, "axis": "y", "origin": [7.64033, 13.95095, 3.65123]},
			"faces": {
				"east": {"uv": [14.75, 1.25, 16, 2.5], "texture": "#0"},
				"west": {"uv": [16, 1.25, 14.75, 2.5], "texture": "#0"}
			}
		},
		{
			"from": [10.05995, 13.297, 1.85286],
			"to": [10.05995, 14.93188, 3.48774],
			"rotation": {"angle": 45, "axis": "y", "origin": [10.05995, 13.297, 2.6703]},
			"faces": {
				"east": {"uv": [16, 0, 14.75, 1.25], "texture": "#0"},
				"west": {"uv": [14.75, 0, 16, 1.25], "texture": "#0"}
			}
		},
		{
			"from": [9.40599, 15.25886, 2.11444],
			"to": [9.40599, 16.89373, 3.74932],
			"rotation": {"angle": 45, "axis": "y", "origin": [9.40599, 15.25886, 2.93188]},
			"faces": {
				"east": {"uv": [16, 1.25, 14.75, 2.5], "texture": "#0", "tintindex": 0},
				"west": {"uv": [14.75, 1.25, 16, 2.5], "texture": "#0", "tintindex": 0}
			}
		},
		{
			"from": [11.59673, 14.96458, 1.13351],
			"to": [11.59673, 16.59946, 2.76839],
			"rotation": {"angle": -45, "axis": "y", "origin": [11.59673, 14.96458, 1.95095]},
			"faces": {
				"east": {"uv": [14.75, 0, 16, 1.25], "texture": "#0"},
				"west": {"uv": [16, 0, 14.75, 1.25], "texture": "#0"}
			}
		},
		{
			"from": [13.10082, 12.74114, 0.57766],
			"to": [13.10082, 14.37602, 2.21253],
			"rotation": {"angle": -45, "axis": "y", "origin": [13.10082, 12.74114, 1.3951]},
			"faces": {
				"east": {"uv": [14.75, 3.75, 16, 5], "texture": "#0"},
				"west": {"uv": [16, 3.75, 14.75, 5], "texture": "#0"}
			}
		},
		{
			"from": [13.10082, 12.74114, 0.57766],
			"to": [13.10082, 14.37602, 2.21253],
			"rotation": {"angle": 45, "axis": "y", "origin": [13.10082, 12.74114, 1.3951]},
			"faces": {
				"east": {"uv": [16, 3.75, 14.75, 5], "texture": "#0"},
				"west": {"uv": [14.75, 3.75, 16, 5], "texture": "#0"}
			}
		},
		{
			"from": [12.77384, 16.20708, 0.67575],
			"to": [12.77384, 17.84196, 2.31063],
			"rotation": {"angle": -45, "axis": "y", "origin": [12.77384, 16.20708, 1.49319]},
			"faces": {
				"east": {"uv": [14.75, 2.25, 16, 3.5], "texture": "#0", "tintindex": 0},
				"west": {"uv": [16, 2.25, 14.75, 3.5], "texture": "#0", "tintindex": 0}
			}
		},
		{
			"from": [12.77384, 16.20708, 0.67575],
			"to": [12.77384, 17.84196, 2.31063],
			"rotation": {"angle": 45, "axis": "y", "origin": [12.77384, 16.20708, 1.49319]},
			"faces": {
				"east": {"uv": [16, 2.25, 14.75, 3.5], "texture": "#0", "tintindex": 0},
				"west": {"uv": [14.75, 2.25, 16, 3.5], "texture": "#0", "tintindex": 0}
			}
		},
		{
			"from": [6.39782, 12.38147, 3.35695],
			"to": [6.39782, 14.01635, 4.99183],
			"rotation": {"angle": 45, "axis": "y", "origin": [6.39782, 12.38147, 4.17439]},
			"faces": {
				"east": {"uv": [16, 2.5, 14.75, 3.75], "texture": "#0"},
				"west": {"uv": [14.75, 2.5, 16, 3.75], "texture": "#0"}
			}
		},
		{
			"from": [5.3842, 4.73025, 0.83924],
			"to": [14.53951, 9.96185, 0.83924],
			"rotation": {"angle": -22.5, "axis": "y", "origin": [5.3842, 7.34605, 0.83924]},
			"faces": {
				"north": {"uv": [0, 4, 7, 8], "texture": "#0", "tintindex": 0},
				"south": {"uv": [7, 4, 0, 8], "texture": "#0", "tintindex": 0}
			}
		},
		{
			"from": [5.3842, 3.74932, 13.10082],
			"to": [14.53951, 8.98093, 13.10082],
			"rotation": {"angle": 22.5, "axis": "y", "origin": [5.3842, 6.36512, 13.10082]},
			"faces": {
				"north": {"uv": [0, 0, 7, 4], "texture": "#0", "tintindex": 0},
				"south": {"uv": [7, 0, 0, 4], "texture": "#0", "tintindex": 0}
			}
		},
		{
			"from": [5.3842, 8.98093, 0.44687],
			"to": [14.53951, 14.21253, 0.44687],
			"rotation": {"angle": 0, "axis": "y", "origin": [5.3842, 11.59673, 0.44687]},
			"faces": {
				"north": {"uv": [0, 8.25, 7, 12.25], "texture": "#0", "tintindex": 0},
				"south": {"uv": [7, 8.25, 0, 12.25], "texture": "#0", "tintindex": 0}
			}
		},
		{
			"from": [5.3842, 0.47956, 4.69755],
			"to": [14.53951, 5.71117, 4.69755],
			"rotation": {"angle": -22.5, "axis": "y", "origin": [5.3842, 3.09537, 4.69755]},
			"faces": {
				"north": {"uv": [0, 8.25, 7, 12.25], "texture": "#0", "tintindex": 0},
				"south": {"uv": [7, 8.25, 0, 12.25], "texture": "#0", "tintindex": 0}
			}
		},
		{
			"from": [5.3842, 13.55858, 6.6921],
			"to": [14.53951, 18.79019, 6.6921],
			"rotation": {"angle": -22.5, "axis": "y", "origin": [5.3842, 16.17439, 6.6921]},
			"faces": {
				"north": {"uv": [0, 0, 7, 4], "texture": "#0", "tintindex": 0},
				"south": {"uv": [7, 0, 0, 4], "texture": "#0", "tintindex": 0}
			}
		},
		{
			"from": [5.3842, 16.50136, 5.64578],
			"to": [14.53951, 21.73297, 5.64578],
			"rotation": {"angle": 0, "axis": "y", "origin": [5.3842, 19.11717, 5.64578]},
			"faces": {
				"north": {"uv": [0, 8.25, 7, 12.25], "texture": "#0", "tintindex": 0},
				"south": {"uv": [7, 8.25, 0, 12.25], "texture": "#0", "tintindex": 0}
			}
		},
		{
			"from": [5.3842, -0.17439, 2.11444],
			"to": [5.3842, 4.07629, 7.34605],
			"rotation": {"angle": 22.5, "axis": "z", "origin": [5.3842, 4.07629, 4.73025]},
			"faces": {
				"east": {"uv": [11, 0, 7, 3.25], "texture": "#0"}
			}
		},
		{
			"from": [5.3842, 3.74932, 10.94278],
			"to": [5.3842, 8, 16.17439],
			"rotation": {"angle": 22.5, "axis": "z", "origin": [5.3842, 8, 13.55858]},
			"faces": {
				"east": {"uv": [11, 3.25, 7, 6.5], "texture": "#0"}
			}
		},
		{
			"from": [5.3842, 9.3079, -3.44414],
			"to": [5.3842, 13.55858, 1.78747],
			"rotation": {"angle": 22.5, "axis": "z", "origin": [5.3842, 13.23161, -0.82834]},
			"faces": {
				"east": {"uv": [11, 3.25, 7, 6.5], "texture": "#0"}
			}
		},
		{
			"from": [5.3842, 11.26975, 12.90463],
			"to": [5.3842, 15.52044, 18.13624],
			"rotation": {"angle": 22.5, "axis": "z", "origin": [5.3842, 13.88556, 15.52044]},
			"faces": {
				"east": {"uv": [7, 3.25, 11, 6.5], "texture": "#0"}
			}
		},
		{
			"from": [5.3842, 3.09537, -2.13624],
			"to": [5.3842, 7.34605, 3.09537],
			"rotation": {"angle": 22.5, "axis": "z", "origin": [5.3842, 7.34605, 0.47956]},
			"faces": {
				"east": {"uv": [11, 0, 7, 3.25], "texture": "#0"}
			}
		},
		{
			"from": [5.3842, 7.67302, 7.34605],
			"to": [5.3842, 11.92371, 12.57766],
			"rotation": {"angle": 22.5, "axis": "z", "origin": [5.3842, 10.94278, 9.96185]},
			"faces": {
				"east": {"uv": [7, 3.25, 11, 6.5], "texture": "#0"}
			}
		},
		{
			"from": [5.3842, 12.25068, 2.11444],
			"to": [5.3842, 16.50136, 7.34605],
			"rotation": {"angle": 22.5, "axis": "z", "origin": [5.3842, 15.52044, 4.73025]},
			"faces": {
				"east": {"uv": [7, 0, 11, 3.25], "texture": "#0"}
			}
		},
		{
			"from": [5.3842, 15.84741, 3.42234],
			"to": [5.3842, 20.09809, 8.65395],
			"rotation": {"angle": 22.5, "axis": "z", "origin": [5.3842, 20.09809, 6.03815]},
			"faces": {
				"east": {"uv": [7, 3.25, 11, 6.5], "texture": "#0"}
			}
		},
		{
			"from": [5.54768, 10.74659, 9.20981],
			"to": [10.77929, 13.68937, 9.20981],
			"rotation": {"angle": -22.5, "axis": "y", "origin": [4.56676, 11.07357, 9.20981]},
			"faces": {
				"north": {"uv": [2.25, 13.75, 6.25, 16], "texture": "#1", "tintindex": 0},
				"south": {"uv": [6.25, 13.75, 2.25, 16], "texture": "#1", "tintindex": 0}
			}
		},
		{
			"from": [6.00545, 9.60218, 10.12534],
			"to": [7.64033, 11.23706, 10.12534],
			"rotation": {"angle": -45, "axis": "y", "origin": [6.82289, 9.60218, 10.12534]},
			"faces": {
				"north": {"uv": [14.75, 2.5, 16, 3.75], "texture": "#0"},
				"south": {"uv": [16, 2.5, 14.75, 3.75], "texture": "#0"}
			}
		},
		{
			"from": [6.00545, 9.60218, 10.12534],
			"to": [7.64033, 11.23706, 10.12534],
			"rotation": {"angle": 45, "axis": "y", "origin": [6.82289, 9.60218, 10.12534]},
			"faces": {
				"north": {"uv": [16, 2.5, 14.75, 3.75], "texture": "#0"},
				"south": {"uv": [14.75, 2.5, 16, 3.75], "texture": "#0"}
			}
		},
		{
			"from": [6.95368, 10.81199, 10.51771],
			"to": [8.58856, 12.44687, 10.51771],
			"rotation": {"angle": -45, "axis": "y", "origin": [7.77112, 10.81199, 10.51771]},
			"faces": {
				"north": {"uv": [14.75, 1.25, 16, 2.5], "texture": "#0", "tintindex": 0},
				"south": {"uv": [16, 1.25, 14.75, 2.5], "texture": "#0", "tintindex": 0}
			}
		},
		{
			"from": [8.13079, 9.47139, 10.97548],
			"to": [9.76567, 11.10627, 10.97548],
			"rotation": {"angle": -45, "axis": "y", "origin": [8.94823, 9.47139, 10.97548]},
			"faces": {
				"north": {"uv": [14.75, 0, 16, 1.25], "texture": "#0"},
				"south": {"uv": [16, 0, 14.75, 1.25], "texture": "#0"}
			}
		},
		{
			"from": [8.13079, 9.47139, 10.97548],
			"to": [9.76567, 11.10627, 10.97548],
			"rotation": {"angle": 45, "axis": "y", "origin": [8.94823, 9.47139, 10.97548]},
			"faces": {
				"north": {"uv": [16, 0, 14.75, 1.25], "texture": "#0"},
				"south": {"uv": [14.75, 0, 16, 1.25], "texture": "#0"}
			}
		},
		{
			"from": [5.54768, 2.89918, 13.13351],
			"to": [10.77929, 5.84196, 13.13351],
			"rotation": {"angle": -22.5, "axis": "y", "origin": [4.56676, 3.22616, 13.13351]},
			"faces": {
				"north": {"uv": [2.25, 13.75, 6.25, 16], "texture": "#1", "tintindex": 0},
				"south": {"uv": [6.25, 13.75, 2.25, 16], "texture": "#1", "tintindex": 0}
			}
		},
		{
			"from": [6.00545, 1.75477, 14.04905],
			"to": [7.64033, 3.38965, 14.04905],
			"rotation": {"angle": -45, "axis": "y", "origin": [6.82289, 1.75477, 14.04905]},
			"faces": {
				"north": {"uv": [14.75, 2.5, 16, 3.75], "texture": "#0"},
				"south": {"uv": [16, 2.5, 14.75, 3.75], "texture": "#0"}
			}
		},
		{
			"from": [6.95368, 2.96458, 14.44142],
			"to": [8.58856, 4.59946, 14.44142],
			"rotation": {"angle": -45, "axis": "y", "origin": [7.77112, 2.96458, 14.44142]},
			"faces": {
				"north": {"uv": [14.75, 2.5, 16, 3.75], "texture": "#0", "tintindex": 0},
				"south": {"uv": [16, 2.5, 14.75, 3.75], "texture": "#0", "tintindex": 0}
			}
		},
		{
			"from": [6.95368, 2.96458, 14.44142],
			"to": [8.58856, 4.59946, 14.44142],
			"rotation": {"angle": 45, "axis": "y", "origin": [7.77112, 2.96458, 14.44142]},
			"faces": {
				"north": {"uv": [16, 2.5, 14.75, 3.75], "texture": "#0", "tintindex": 0},
				"south": {"uv": [14.75, 2.5, 16, 3.75], "texture": "#0", "tintindex": 0}
			}
		},
		{
			"from": [8.13079, 1.62398, 14.89918],
			"to": [9.76567, 3.25886, 14.89918],
			"rotation": {"angle": -45, "axis": "y", "origin": [8.94823, 1.62398, 14.89918]},
			"faces": {
				"north": {"uv": [14.75, 1.25, 16, 2.5], "texture": "#0"},
				"south": {"uv": [16, 1.25, 14.75, 2.5], "texture": "#0"}
			}
		},
		{
			"from": [8.13079, -0.0109, 2.73569],
			"to": [9.76567, 1.62398, 2.73569],
			"rotation": {"angle": -45, "axis": "y", "origin": [8.94823, -0.0109, 2.73569]},
			"faces": {
				"north": {"uv": [16, 0, 14.75, 1.25], "texture": "#0"},
				"south": {"uv": [14.75, 0, 16, 1.25], "texture": "#0"}
			}
		},
		{
			"from": [8.13079, -0.0109, 2.73569],
			"to": [9.76567, 1.62398, 2.73569],
			"rotation": {"angle": 45, "axis": "y", "origin": [8.94823, -0.0109, 2.73569]},
			"faces": {
				"north": {"uv": [14.75, 0, 16, 1.25], "texture": "#0"},
				"south": {"uv": [16, 0, 14.75, 1.25], "texture": "#0"}
			}
		},
		{
			"from": [6.95368, 1.3297, 3.19346],
			"to": [8.58856, 2.96458, 3.19346],
			"rotation": {"angle": 45, "axis": "y", "origin": [7.77112, 1.3297, 3.19346]},
			"faces": {
				"north": {"uv": [14.75, 2.5, 16, 3.75], "texture": "#0", "tintindex": 0},
				"south": {"uv": [16, 2.5, 14.75, 3.75], "texture": "#0", "tintindex": 0}
			}
		},
		{
			"from": [6.00545, 0.11989, 3.58583],
			"to": [7.64033, 1.75477, 3.58583],
			"rotation": {"angle": -45, "axis": "y", "origin": [6.82289, 0.11989, 3.58583]},
			"faces": {
				"north": {"uv": [16, 3.75, 14.75, 5], "texture": "#0"},
				"south": {"uv": [14.75, 3.75, 16, 5], "texture": "#0"}
			}
		},
		{
			"from": [5.54768, 1.26431, 4.50136],
			"to": [10.77929, 4.20708, 4.50136],
			"rotation": {"angle": 22.5, "axis": "y", "origin": [4.56676, 1.59128, 4.50136]},
			"faces": {
				"north": {"uv": [2.25, 13.75, 6.25, 16], "texture": "#1", "tintindex": 0},
				"south": {"uv": [6.25, 13.75, 2.25, 16], "texture": "#1", "tintindex": 0}
			}
		},
		{
			"from": [5.54768, 9.11172, 2.01635],
			"to": [10.77929, 12.0545, 2.01635],
			"rotation": {"angle": -22.5, "axis": "y", "origin": [4.56676, 9.43869, 2.01635]},
			"faces": {
				"north": {"uv": [2.25, 13.75, 6.25, 16], "texture": "#1", "tintindex": 0},
				"south": {"uv": [6.25, 13.75, 2.25, 16], "texture": "#1", "tintindex": 0}
			}
		},
		{
			"from": [6.00545, 7.9673, 2.93188],
			"to": [7.64033, 9.60218, 2.93188],
			"rotation": {"angle": -45, "axis": "y", "origin": [6.82289, 7.9673, 2.93188]},
			"faces": {
				"north": {"uv": [14.75, 2.5, 16, 3.75], "texture": "#0"},
				"south": {"uv": [16, 2.5, 14.75, 3.75], "texture": "#0"}
			}
		},
		{
			"from": [6.00545, 7.9673, 2.93188],
			"to": [7.64033, 9.60218, 2.93188],
			"rotation": {"angle": 45, "axis": "y", "origin": [6.82289, 7.9673, 2.93188]},
			"faces": {
				"north": {"uv": [16, 2.5, 14.75, 3.75], "texture": "#0"},
				"south": {"uv": [14.75, 2.5, 16, 3.75], "texture": "#0"}
			}
		},
		{
			"from": [6.95368, 9.17711, 3.32425],
			"to": [8.58856, 10.81199, 3.32425],
			"rotation": {"angle": -45, "axis": "y", "origin": [7.77112, 9.17711, 3.32425]},
			"faces": {
				"north": {"uv": [14.75, 2.5, 16, 3.75], "texture": "#0", "tintindex": 0},
				"south": {"uv": [16, 2.5, 14.75, 3.75], "texture": "#0", "tintindex": 0}
			}
		},
		{
			"from": [6.95368, 9.17711, 3.32425],
			"to": [8.58856, 10.81199, 3.32425],
			"rotation": {"angle": 45, "axis": "y", "origin": [7.77112, 9.17711, 3.32425]},
			"faces": {
				"north": {"uv": [16, 2.5, 14.75, 3.75], "texture": "#0", "tintindex": 0},
				"south": {"uv": [14.75, 2.5, 16, 3.75], "texture": "#0", "tintindex": 0}
			}
		},
		{
			"from": [8.13079, 7.83651, 3.78202],
			"to": [9.76567, 9.47139, 3.78202],
			"rotation": {"angle": 45, "axis": "y", "origin": [8.94823, 7.83651, 3.78202]},
			"faces": {
				"north": {"uv": [16, 1.25, 14.75, 2.5], "texture": "#0"},
				"south": {"uv": [14.75, 1.25, 16, 2.5], "texture": "#0"}
			}
		}
	],
	"display": {
		"head": {
			"rotation": [0, 180, 0]
		}
	}
}