{
	"textures": {
		"0": "kello:item/decal/launchpad/visual_0"
	},
	"elements": [
		{
			"from": [
				2,
				8,
				8
			],
			"to": [
				14,
				8,
				18.5
			],
			"faces": {
				"up": {
					"uv": [
						0,
						0,
						2,
						2
					],
					"texture": "#0"
				},
				"down": {
					"uv": [
						0,
						2,
						2,
						0
					],
					"texture": "#0"
				}
			}
		},
		{
			"from": [
				2,
				15.42506,
				21.57432
			],
			"to": [
				14,
				15.42506,
				27.57432
			],
			"rotation": {
				"angle": 45,
				"axis": "x",
				"origin": [
					8,
					15.42506,
					11.07432
				]
			},
			"faces": {
				"north": {
					"uv": [
						0,
						0,
						1,
						0
					],
					"texture": "#0"
				},
				"east": {
					"uv": [
						0,
						0,
						2,
						0
					],
					"texture": "#0"
				},
				"south": {
					"uv": [
						0,
						0,
						1,
						0
					],
					"texture": "#0"
				},
				"west": {
					"uv": [
						0,
						0,
						2,
						0
					],
					"texture": "#0"
				},
				"up": {
					"uv": [
						0,
						2,
						2,
						3
					],
					"texture": "#0"
				},
				"down": {
					"uv": [
						0,
						3,
						2,
						2
					],
					"texture": "#0"
				}
			}
		},
		{
			"from": [
				2,
				3.9819000000000004,
				19.29965
			],
			"to": [
				14,
				3.9819000000000004,
				25.29965
			],
			"rotation": {
				"angle": -22.5,
				"axis": "x",
				"origin": [
					8,
					3.9819000000000004,
					8.79965
				]
			},
			"faces": {
				"north": {
					"uv": [
						4,
						0,
						5,
						0
					],
					"texture": "#0"
				},
				"east": {
					"uv": [
						4,
						0,
						6,
						0
					],
					"texture": "#0"
				},
				"south": {
					"uv": [
						4,
						0,
						5,
						0
					],
					"texture": "#0"
				},
				"west": {
					"uv": [
						4,
						0,
						6,
						0
					],
					"texture": "#0"
				},
				"up": {
					"uv": [
						4,
						2,
						6,
						3
					],
					"texture": "#0"
				},
				"down": {
					"uv": [
						4,
						3,
						6,
						2
					],
					"texture": "#0"
				}
			}
		}
	],
	"display": {
		"head": {
			"rotation": [
				0,
				180,
				0
			]
		}
	}
}