{
	"textures": {
		"0": "kello:item/decal/launchpad/visual_0"
	},
	"elements": [
		{
			"from": [
				2,
				7.9,
				8
			],
			"to": [
				14,
				7.9,
				18.5
			],
			"rotation": {
				"angle": 0,
				"axis": "y",
				"origin": [
					8,
					7.9,
					8
				]
			},
			"faces": {
				"up": {
					"uv": [
						2,
						0,
						4,
						2
					],
					"texture": "#0"
				},
				"down": {
					"uv": [
						2,
						2,
						4,
						0
					],
					"texture": "#0"
				}
			}
		},
		{
			"from": [
				2,
				15.32506,
				21.57432
			],
			"to": [
				14,
				15.32506,
				27.57432
			],
			"rotation": {
				"angle": 45,
				"axis": "x",
				"origin": [
					8,
					15.32506,
					11.07432
				]
			},
			"faces": {
				"up": {
					"uv": [
						2,
						2,
						4,
						3
					],
					"texture": "#0"
				},
				"down": {
					"uv": [
						2,
						3,
						4,
						2
					],
					"texture": "#0"
				}
			}
		},
		{
			"from": [
				2,
				3.8828200000000006,
				19.29926
			],
			"to": [
				14,
				3.8828200000000006,
				25.29926
			],
			"rotation": {
				"angle": -22.5,
				"axis": "x",
				"origin": [
					8,
					3.8828200000000006,
					8.79926
				]
			},
			"faces": {
				"north": {
					"uv": [
						4,
						0,
						5,
						0
					],
					"texture": "#0"
				},
				"east": {
					"uv": [
						4,
						0,
						6,
						0
					],
					"texture": "#0"
				},
				"south": {
					"uv": [
						4,
						0,
						5,
						0
					],
					"texture": "#0"
				},
				"west": {
					"uv": [
						4,
						0,
						6,
						0
					],
					"texture": "#0"
				},
				"up": {
					"uv": [
						6,
						2,
						8,
						3
					],
					"texture": "#0"
				},
				"down": {
					"uv": [
						6,
						3,
						8,
						2
					],
					"texture": "#0"
				}
			}
		}
	],
	"display": {
		"head": {
			"rotation": [
				0,
				180,
				0
			]
		}
	}
}