{
	"textures": {
		"7": "kello:item/decal/launchpad/tentacle"
	},
	"elements": [
		{
			"from": [
				6.78248,
				7.7766,
				4.12618
			],
			"to": [
				6.78248,
				28.776600000000002,
				16.126179999999998
			],
			"rotation": {
				"angle": 0,
				"axis": "y",
				"origin": [
					6.78248,
					15.7766,
					8.126180000000002
				]
			},
			"faces": {
				"north": {
					"uv": [
						0,
						0,
						0,
						7
					],
					"texture": "#7"
				},
				"east": {
					"uv": [
						3,
						4.75,
						0,
						10
					],
					"texture": "#7"
				},
				"south": {
					"uv": [
						0,
						0,
						0,
						7
					],
					"texture": "#7"
				},
				"west": {
					"uv": [
						0,
						4.75,
						3,
						10
					],
					"texture": "#7"
				},
				"up": {
					"uv": [
						0,
						0,
						0,
						3
					],
					"texture": "#7"
				},
				"down": {
					"uv": [
						0,
						0,
						0,
						3
					],
					"texture": "#7"
				}
			}
		}
	],
	"display": {
		"head": {
			"rotation": [
				0,
				180,
				0
			]
		}
	}
}