{
	"textures": {
		"7": "kello:item/decal/launchpad/tentacle"
	},
	"elements": [
		{
			"from": [
				8,
				8.600000000000001,
				2.1999999999999993
			],
			"to": [
				8,
				29.6,
				14.2
			],
			"rotation": {
				"angle": 0,
				"axis": "y",
				"origin": [
					8,
					14.4,
					6.6
				]
			},
			"faces": {
				"north": {
					"uv": [
						0,
						0,
						0,
						7
					],
					"texture": "#7"
				},
				"east": {
					"uv": [
						4.175,
						4.825,
						7.175,
						10.075
					],
					"texture": "#7"
				},
				"south": {
					"uv": [
						0,
						0,
						0,
						7
					],
					"texture": "#7"
				},
				"west": {
					"uv": [
						7.175,
						4.825,
						4.175,
						10.075
					],
					"texture": "#7"
				},
				"up": {
					"uv": [
						0,
						3,
						0,
						0
					],
					"texture": "#7"
				},
				"down": {
					"uv": [
						0,
						3,
						0,
						0
					],
					"texture": "#7"
				}
			}
		}
	],
	"display": {
		"head": {
			"rotation": [
				0,
				180,
				0
			]
		}
	}
}