{
	"credit": "Made with Blockbench",
	"textures": {
		"0": "kello:item/interactable/thrown/stellar",
		"3": "kello:item/interactable/thrown/large_cogwheel_unshade"
	},
	"elements": [
		{
			"from": [0.02685, 6.7186, 0.02685],
			"to": [15.97315, 9.23538, 15.97315],
			"rotation": {"angle": 0, "axis": "y", "origin": [8, 7.97699, 8]},
			"faces": {
				"north": {"uv": [7.33333, 4, 14.66667, 4.33333], "texture": "#3"},
				"east": {"uv": [7.33333, 4, 14.66667, 4.33333], "texture": "#3"},
				"south": {"uv": [7.33333, 4, 14.66667, 4.33333], "texture": "#3"},
				"west": {"uv": [7.33333, 4, 14.66667, 4.33333], "texture": "#3"},
				"up": {"uv": [7.33333, 7.33333, 0, 0], "texture": "#3"},
				"down": {"uv": [7.33333, 0, 0, 7.33333], "texture": "#3"}
			}
		},
		{
			"name": "stellar",
			"from": [5.10067, 5.99377, 2.20134],
			"to": [10.89933, 9.96021, 5.10067],
			"rotation": {"angle": 0, "axis": "y", "origin": [8, 7.97699, 8]},
			"faces": {
				"south": {"uv": [2.5, 3.25, 1.5, 2.625], "texture": "#0"},
				"up": {"uv": [2.5, 2.625, 1.5, 3.125], "texture": "#0"},
				"down": {"uv": [2.5, 2.625, 1.5, 3.125], "texture": "#0"}
			}
		},
		{
			"name": "stellar",
			"from": [5.10067, 5.99377, 10.89933],
			"to": [10.89933, 9.96021, 13.79866],
			"rotation": {"angle": 0, "axis": "y", "origin": [8, 7.97699, 8]},
			"faces": {
				"north": {"uv": [1.5, 1.125, 2.5, 1.625], "texture": "#0"},
				"up": {"uv": [2.5, 1.625, 1.5, 1.125], "texture": "#0"},
				"down": {"uv": [2.5, 1.125, 1.5, 1.625], "texture": "#0"}
			}
		},
		{
			"name": "stellar",
			"from": [10.89933, 5.99377, 2.20134],
			"to": [15.24832, 9.96021, 13.79866],
			"rotation": {"angle": 0, "axis": "y", "origin": [8, 7.97699, 8]},
			"faces": {
				"north": {"uv": [5.75, 1.125, 6.5, 1.5], "texture": "#0"},
				"east": {"uv": [1.375, 3.125, 0.75, 1.125], "rotation": 90, "texture": "#0"},
				"south": {"uv": [5.75, 1.125, 6.5, 1.5], "texture": "#0"},
				"west": {"uv": [1.25, 1.125, 0.75, 3.125], "rotation": 90, "texture": "#0"},
				"up": {"uv": [1.5, 3.125, 0.75, 1.125], "texture": "#0"},
				"down": {"uv": [1.5, 1.125, 0.75, 3.125], "texture": "#0"}
			}
		},
		{
			"name": "stellar",
			"from": [0.75168, 5.99377, 2.20134],
			"to": [5.10067, 9.96021, 13.79866],
			"rotation": {"angle": 0, "axis": "y", "origin": [8, 7.97699, 8]},
			"faces": {
				"north": {"uv": [6.5, 1.125, 5.75, 1.5], "texture": "#0"},
				"east": {"uv": [2.625, 3.125, 3.25, 1.125], "rotation": 90, "texture": "#0"},
				"south": {"uv": [6.5, 1.125, 5.75, 1.5], "texture": "#0"},
				"west": {"uv": [3.25, 1.125, 2.625, 3.125], "rotation": 90, "texture": "#0"},
				"up": {"uv": [3.25, 3.125, 2.5, 1.125], "texture": "#0"},
				"down": {"uv": [3.25, 1.125, 2.5, 3.125], "texture": "#0"}
			}
		},
		{
			"name": "stellar",
			"from": [2.20134, 5.99377, 0.75168],
			"to": [13.79866, 9.96021, 2.20134],
			"rotation": {"angle": 0, "axis": "y", "origin": [8, 7.97699, 8]},
			"faces": {
				"north": {"uv": [1.125, 3.75, 2.875, 3.125], "rotation": 180, "texture": "#0"},
				"east": {"uv": [2.75, 5.375, 3, 5.75], "texture": "#0"},
				"west": {"uv": [5, 5.375, 5.25, 5.75], "texture": "#0"},
				"up": {"uv": [1, 3.125, 3, 3.375], "rotation": 180, "texture": "#0"},
				"down": {"uv": [1, 3.375, 3, 3.125], "rotation": 180, "texture": "#0"}
			}
		},
		{
			"name": "stellar",
			"from": [2.20134, 5.99377, 13.79866],
			"to": [13.79866, 9.96021, 15.24832],
			"rotation": {"angle": 0, "axis": "y", "origin": [8, 7.97699, 8]},
			"faces": {
				"east": {"uv": [5, 5.375, 5.25, 5.75], "texture": "#0"},
				"south": {"uv": [2.75, 1.5, 1, 0.875], "texture": "#0"},
				"west": {"uv": [2.75, 5.375, 3, 5.75], "texture": "#0"},
				"up": {"uv": [3, 1.125, 1, 0.875], "texture": "#0"},
				"down": {"uv": [3, 0.875, 1, 1.125], "texture": "#0"}
			}
		},
		{
			"from": [5.10067, 5.88001, 10.89933],
			"to": [10.89933, 10.04075, 13.79866],
			"rotation": {"angle": 0, "axis": "y", "origin": [8, 7.97699, 8]},
			"faces": {
				"up": {"uv": [4.66667, 9.33333, 2, 8], "texture": "#3"},
				"down": {"uv": [4.66667, 8, 2, 9.33333], "texture": "#3"}
			}
		},
		{
			"from": [10.89933, 5.88001, 2.20134],
			"to": [15.24832, 10.04075, 13.79866],
			"rotation": {"angle": 0, "axis": "y", "origin": [8, 7.97699, 8]},
			"faces": {
				"up": {"uv": [2, 13.33333, 0, 8], "texture": "#3"},
				"down": {"uv": [2, 8, 0, 13.33333], "texture": "#3"}
			}
		},
		{
			"from": [5.10067, 5.88001, 2.20134],
			"to": [10.89933, 10.04075, 5.10067],
			"rotation": {"angle": 0, "axis": "y", "origin": [8, 7.97699, 8]},
			"faces": {
				"up": {"uv": [4.66667, 13.33333, 2, 12], "texture": "#3"},
				"down": {"uv": [4.66667, 12, 2, 13.33333], "texture": "#3"}
			}
		},
		{
			"from": [0.75168, 5.88001, 2.20134],
			"to": [5.10067, 10.04075, 13.79866],
			"rotation": {"angle": 0, "axis": "y", "origin": [8, 7.97699, 8]},
			"faces": {
				"up": {"uv": [6.66667, 13.33333, 4.66667, 8], "texture": "#3"},
				"down": {"uv": [6.66667, 8, 4.66667, 13.33333], "texture": "#3"}
			}
		},
		{
			"from": [2.20134, 5.88001, 0.75168],
			"to": [13.79866, 10.04075, 2.20134],
			"rotation": {"angle": 0, "axis": "y", "origin": [8, 7.97699, 8]},
			"faces": {
				"up": {"uv": [0.66667, 13.33333, 6, 14], "rotation": 180, "texture": "#3"},
				"down": {"uv": [6, 8, 0.66667, 7.33333], "texture": "#3"}
			}
		},
		{
			"from": [2.20134, 5.88001, 13.79866],
			"to": [13.79866, 10.04075, 15.24832],
			"rotation": {"angle": 0, "axis": "y", "origin": [8, 7.97699, 8]},
			"faces": {
				"up": {"uv": [6, 8, 0.66667, 7.33333], "texture": "#3"},
				"down": {"uv": [6, 7.33333, 0.66667, 8], "texture": "#3"}
			}
		},
		{
			"from": [14.52349, 6.25551, 6.89262],
			"to": [19.61745, 9.7186, 9.10738],
			"faces": {
				"north": {"uv": [7.33333, 2, 8.66667, 4], "rotation": 270, "texture": "#3"},
				"east": {"uv": [7.33333, 1, 8.66667, 0], "rotation": 270, "texture": "#3"},
				"south": {"uv": [7.33333, 4, 8.66667, 2], "rotation": 270, "texture": "#3"},
				"up": {"uv": [9.33333, 1, 7.33333, 2], "texture": "#3"},
				"down": {"uv": [9.33333, 1, 7.33333, 2], "texture": "#3"}
			}
		},
		{
			"from": [-3.61745, 6.25551, 6.89262],
			"to": [1.47651, 9.7186, 9.10738],
			"rotation": {"angle": 0, "axis": "y", "origin": [16, 0, 0]},
			"faces": {
				"north": {"uv": [7.33333, 4, 8.66667, 2], "rotation": 270, "texture": "#3"},
				"south": {"uv": [7.33333, 2, 8.66667, 4], "rotation": 270, "texture": "#3"},
				"west": {"uv": [7.33333, 0, 8.66667, 1], "rotation": 270, "texture": "#3"},
				"up": {"uv": [7.33333, 1, 9.33333, 2], "texture": "#3"},
				"down": {"uv": [7.33333, 1, 9.33333, 2], "texture": "#3"}
			}
		},
		{
			"from": [-3.61745, 6.25551, 6.89262],
			"to": [1.47651, 9.7186, 9.10738],
			"rotation": {"angle": 22.5, "axis": "y", "origin": [8, 7.98706, 8]},
			"faces": {
				"north": {"uv": [7.33333, 4, 8.66667, 2], "rotation": 270, "texture": "#3"},
				"south": {"uv": [7.33333, 2, 8.66667, 4], "rotation": 270, "texture": "#3"},
				"west": {"uv": [7.33333, 0, 8.66667, 1], "rotation": 270, "texture": "#3"},
				"up": {"uv": [7.33333, 1, 9.33333, 2], "texture": "#3"},
				"down": {"uv": [7.33333, 1, 9.33333, 2], "texture": "#3"}
			}
		},
		{
			"from": [14.52349, 6.25551, 6.89262],
			"to": [19.61745, 9.7186, 9.10738],
			"rotation": {"angle": 22.5, "axis": "y", "origin": [8, 7.98706, 8]},
			"faces": {
				"north": {"uv": [7.33333, 2, 8.66667, 4], "rotation": 270, "texture": "#3"},
				"east": {"uv": [7.33333, 1, 8.66667, 0], "rotation": 270, "texture": "#3"},
				"south": {"uv": [7.33333, 4, 8.66667, 2], "rotation": 270, "texture": "#3"},
				"up": {"uv": [9.33333, 1, 7.33333, 2], "texture": "#3"},
				"down": {"uv": [9.33333, 1, 7.33333, 2], "texture": "#3"}
			}
		},
		{
			"from": [-3.61745, 6.25551, 6.89262],
			"to": [1.47651, 9.7186, 9.10738],
			"rotation": {"angle": 45, "axis": "y", "origin": [8, 7.98706, 8]},
			"faces": {
				"north": {"uv": [7.33333, 4, 8.66667, 2], "rotation": 270, "texture": "#3"},
				"south": {"uv": [7.33333, 2, 8.66667, 4], "rotation": 270, "texture": "#3"},
				"west": {"uv": [7.33333, 0, 8.66667, 1], "rotation": 270, "texture": "#3"},
				"up": {"uv": [7.33333, 1, 9.33333, 2], "texture": "#3"},
				"down": {"uv": [7.33333, 1, 9.33333, 2], "texture": "#3"}
			}
		},
		{
			"from": [14.52349, 6.25551, 6.89262],
			"to": [19.61745, 9.7186, 9.10738],
			"rotation": {"angle": 45, "axis": "y", "origin": [8, 7.98706, 8]},
			"faces": {
				"north": {"uv": [7.33333, 2, 8.66667, 4], "rotation": 270, "texture": "#3"},
				"east": {"uv": [7.33333, 1, 8.66667, 0], "rotation": 270, "texture": "#3"},
				"south": {"uv": [7.33333, 4, 8.66667, 2], "rotation": 270, "texture": "#3"},
				"up": {"uv": [9.33333, 1, 7.33333, 2], "texture": "#3"},
				"down": {"uv": [9.33333, 1, 7.33333, 2], "texture": "#3"}
			}
		},
		{
			"from": [6.89262, 6.25551, -3.61745],
			"to": [9.10738, 9.7186, 1.47651],
			"rotation": {"angle": 0, "axis": "y", "origin": [8, 7.98706, 8]},
			"faces": {
				"north": {"uv": [7.33333, 1, 8.66667, 0], "rotation": 270, "texture": "#3"},
				"east": {"uv": [7.33333, 4, 8.66667, 2], "rotation": 270, "texture": "#3"},
				"west": {"uv": [7.33333, 2, 8.66667, 4], "rotation": 270, "texture": "#3"},
				"up": {"uv": [9.33333, 1, 7.33333, 2], "rotation": 270, "texture": "#3"},
				"down": {"uv": [9.33333, 1, 7.33333, 2], "rotation": 90, "texture": "#3"}
			}
		},
		{
			"from": [6.89262, 6.25551, -3.61745],
			"to": [9.10738, 9.7186, 1.47651],
			"rotation": {"angle": 22.5, "axis": "y", "origin": [8, 7.98706, 8]},
			"faces": {
				"north": {"uv": [7.33333, 1, 8.66667, 0], "rotation": 270, "texture": "#3"},
				"east": {"uv": [7.33333, 4, 8.66667, 2], "rotation": 270, "texture": "#3"},
				"west": {"uv": [7.33333, 2, 8.66667, 4], "rotation": 270, "texture": "#3"},
				"up": {"uv": [9.33333, 1, 7.33333, 2], "rotation": 270, "texture": "#3"},
				"down": {"uv": [9.33333, 1, 7.33333, 2], "rotation": 90, "texture": "#3"}
			}
		},
		{
			"from": [-3.61745, 6.25551, 6.89262],
			"to": [1.47651, 9.7186, 9.10738],
			"rotation": {"angle": -22.5, "axis": "y", "origin": [8, 7.98706, 8]},
			"faces": {
				"north": {"uv": [7.33333, 4, 8.66667, 2], "rotation": 270, "texture": "#3"},
				"south": {"uv": [7.33333, 2, 8.66667, 4], "rotation": 270, "texture": "#3"},
				"west": {"uv": [7.33333, 1, 8.66667, 0], "rotation": 270, "texture": "#3"},
				"up": {"uv": [9.33333, 1, 7.33333, 2], "rotation": 180, "texture": "#3"},
				"down": {"uv": [9.33333, 1, 7.33333, 2], "rotation": 180, "texture": "#3"}
			}
		},
		{
			"from": [6.89262, 6.25551, 14.52349],
			"to": [9.10738, 9.7186, 19.61745],
			"rotation": {"angle": 0, "axis": "y", "origin": [8, 7.98706, 8]},
			"faces": {
				"east": {"uv": [7.33333, 2, 8.66667, 4], "rotation": 270, "texture": "#3"},
				"south": {"uv": [7.33333, 0, 8.66667, 1], "rotation": 270, "texture": "#3"},
				"west": {"uv": [7.33333, 4, 8.66667, 2], "rotation": 270, "texture": "#3"},
				"up": {"uv": [7.33333, 1, 9.33333, 2], "rotation": 270, "texture": "#3"},
				"down": {"uv": [7.33333, 1, 9.33333, 2], "rotation": 90, "texture": "#3"}
			}
		},
		{
			"from": [6.89262, 6.25551, 14.52349],
			"to": [9.10738, 9.7186, 19.61745],
			"rotation": {"angle": 22.5, "axis": "y", "origin": [8, 7.98706, 8]},
			"faces": {
				"east": {"uv": [7.33333, 2, 8.66667, 4], "rotation": 270, "texture": "#3"},
				"south": {"uv": [7.33333, 0, 8.66667, 1], "rotation": 270, "texture": "#3"},
				"west": {"uv": [7.33333, 4, 8.66667, 2], "rotation": 270, "texture": "#3"},
				"up": {"uv": [7.33333, 1, 9.33333, 2], "rotation": 270, "texture": "#3"},
				"down": {"uv": [7.33333, 1, 9.33333, 2], "rotation": 90, "texture": "#3"}
			}
		},
		{
			"from": [14.52349, 6.25551, 6.89262],
			"to": [19.61745, 9.7186, 9.10738],
			"rotation": {"angle": -22.5, "axis": "y", "origin": [8, 7.98706, 8]},
			"faces": {
				"north": {"uv": [7.33333, 2, 8.66667, 4], "rotation": 270, "texture": "#3"},
				"east": {"uv": [7.33333, 0, 8.66667, 1], "rotation": 270, "texture": "#3"},
				"south": {"uv": [7.33333, 4, 8.66667, 2], "rotation": 270, "texture": "#3"},
				"up": {"uv": [7.33333, 1, 9.33333, 2], "rotation": 180, "texture": "#3"},
				"down": {"uv": [7.33333, 1, 9.33333, 2], "rotation": 180, "texture": "#3"}
			}
		},
		{
			"from": [-3.61745, 6.25551, 6.89262],
			"to": [1.47651, 9.7186, 9.10738],
			"rotation": {"angle": -45, "axis": "y", "origin": [8, 7.98706, 8]},
			"faces": {
				"north": {"uv": [7.33333, 4, 8.66667, 2], "rotation": 270, "texture": "#3"},
				"south": {"uv": [7.33333, 2, 8.66667, 4], "rotation": 270, "texture": "#3"},
				"west": {"uv": [7.33333, 1, 8.66667, 0], "rotation": 270, "texture": "#3"},
				"up": {"uv": [9.33333, 1, 7.33333, 2], "rotation": 180, "texture": "#3"},
				"down": {"uv": [9.33333, 1, 7.33333, 2], "rotation": 180, "texture": "#3"}
			}
		},
		{
			"from": [14.52349, 6.25551, 6.89262],
			"to": [19.61745, 9.7186, 9.10738],
			"rotation": {"angle": -45, "axis": "y", "origin": [8, 7.98706, 8]},
			"faces": {
				"north": {"uv": [7.33333, 2, 8.66667, 4], "rotation": 270, "texture": "#3"},
				"east": {"uv": [7.33333, 0, 8.66667, 1], "rotation": 270, "texture": "#3"},
				"south": {"uv": [7.33333, 4, 8.66667, 2], "rotation": 270, "texture": "#3"},
				"up": {"uv": [7.33333, 1, 9.33333, 2], "rotation": 180, "texture": "#3"},
				"down": {"uv": [7.33333, 1, 9.33333, 2], "rotation": 180, "texture": "#3"}
			}
		},
		{
			"from": [6.89262, 6.25551, 14.52349],
			"to": [9.10738, 9.7186, 19.61745],
			"rotation": {"angle": -22.5, "axis": "y", "origin": [8, 7.98706, 8]},
			"faces": {
				"east": {"uv": [7.33333, 2, 8.66667, 4], "rotation": 270, "texture": "#3"},
				"south": {"uv": [7.33333, 0, 8.66667, 1], "rotation": 270, "texture": "#3"},
				"west": {"uv": [7.33333, 4, 8.66667, 2], "rotation": 270, "texture": "#3"},
				"up": {"uv": [7.33333, 1, 9.33333, 2], "rotation": 270, "texture": "#3"},
				"down": {"uv": [7.33333, 1, 9.33333, 2], "rotation": 90, "texture": "#3"}
			}
		},
		{
			"from": [6.89262, 6.25551, -3.61745],
			"to": [9.10738, 9.7186, 1.47651],
			"rotation": {"angle": -22.5, "axis": "y", "origin": [8, 7.98706, 8]},
			"faces": {
				"north": {"uv": [7.33333, 1, 8.66667, 0], "rotation": 270, "texture": "#3"},
				"east": {"uv": [7.33333, 4, 8.66667, 2], "rotation": 270, "texture": "#3"},
				"west": {"uv": [7.33333, 2, 8.66667, 4], "rotation": 270, "texture": "#3"},
				"up": {"uv": [9.33333, 1, 7.33333, 2], "rotation": 270, "texture": "#3"},
				"down": {"uv": [9.33333, 1, 7.33333, 2], "rotation": 90, "texture": "#3"}
			}
		},
		{
			"name": "stellar",
			"from": [-3.59732, 6.27565, 6.91275],
			"to": [1.47651, 9.69847, 9.08725],
			"rotation": {"angle": 45, "axis": "y", "origin": [8, 7.98706, 8]},
			"faces": {
				"north": {"uv": [2.5, 0.75, 3.25, 0.25], "texture": "#0"},
				"east": {"uv": [0, 0, 0, 0], "texture": "#0"},
				"south": {"uv": [3.125, 0.75, 3.875, 0.25], "texture": "#0"},
				"west": {"uv": [2.875, 0.5, 3.25, 0], "texture": "#0"},
				"up": {"uv": [2.875, 0, 3.25, 0.75], "rotation": 90, "texture": "#0"},
				"down": {"uv": [2.875, 0, 3.25, 0.75], "rotation": 90, "texture": "#0"}
			}
		},
		{
			"name": "stellar",
			"from": [6.91275, 6.27565, 14.52349],
			"to": [9.08725, 9.69847, 19.59732],
			"rotation": {"angle": 22.5, "axis": "y", "origin": [8, 7.98706, 8]},
			"faces": {
				"north": {"uv": [0, 0, 0, 0], "texture": "#0"},
				"east": {"uv": [0.75, 0.875, 1.5, 1.375], "texture": "#0"},
				"south": {"uv": [1.125, 1.125, 0.625, 0.75], "rotation": 90, "texture": "#0"},
				"west": {"uv": [0.25, 0.125, 1, 0.625], "texture": "#0"},
				"up": {"uv": [0.375, 0.75, 1.25, 0.375], "rotation": 90, "texture": "#0"},
				"down": {"uv": [0.375, 0.75, 1.25, 0.375], "rotation": 90, "texture": "#0"}
			}
		},
		{
			"name": "stellar",
			"from": [6.91275, 6.27565, 14.52349],
			"to": [9.08725, 9.69847, 19.59732],
			"faces": {
				"north": {"uv": [0, 0, 0, 0], "texture": "#0"},
				"east": {"uv": [2.375, 0.5, 1.625, 1], "texture": "#0"},
				"south": {"uv": [2.25, 0, 1.875, 0.5], "texture": "#0"},
				"west": {"uv": [2.875, 0.125, 2.125, 0.625], "texture": "#0"},
				"up": {"uv": [2.25, 0.75, 1.875, 0], "texture": "#0"},
				"down": {"uv": [2.25, 0, 1.875, 0.75], "texture": "#0"}
			}
		},
		{
			"name": "stellar",
			"from": [6.91275, 6.27565, 14.52349],
			"to": [9.08725, 9.69847, 19.59732],
			"rotation": {"angle": -22.5, "axis": "y", "origin": [8, 7.98706, 8]},
			"faces": {
				"north": {"uv": [0, 0, 0, 0], "texture": "#0"},
				"east": {"uv": [3.25, 0.625, 4, 1.125], "texture": "#0"},
				"south": {"uv": [3.25, 0.375, 2.75, 0.75], "rotation": 90, "texture": "#0"},
				"west": {"uv": [3.125, 0.625, 2.375, 1.125], "rotation": 180, "texture": "#0"},
				"up": {"uv": [2.75, 0.375, 3.625, 0.75], "rotation": 90, "texture": "#0"},
				"down": {"uv": [2.75, 0.375, 3.625, 0.75], "rotation": 90, "texture": "#0"}
			}
		},
		{
			"name": "stellar",
			"from": [14.52349, 6.27565, 6.91275],
			"to": [19.59732, 9.69847, 9.08725],
			"rotation": {"angle": -45, "axis": "y", "origin": [8, 7.98706, 8]},
			"faces": {
				"north": {"uv": [1, 0.875, 1.75, 0.375], "texture": "#0"},
				"east": {"uv": [1.125, 0.5, 0.75, 0], "texture": "#0"},
				"south": {"uv": [0.875, 0.625, 0.125, 0.125], "texture": "#0"},
				"west": {"uv": [0, 0, 0, 0], "texture": "#0"},
				"up": {"uv": [0.75, 0.75, 1.125, 0], "rotation": 90, "texture": "#0"},
				"down": {"uv": [1.125, 0, 0.75, 0.75], "rotation": 90, "texture": "#0"}
			}
		},
		{
			"name": "stellar",
			"from": [14.52349, 6.27565, 6.91275],
			"to": [19.59732, 9.69847, 9.08725],
			"rotation": {"angle": -22.5, "axis": "y", "origin": [8, 7.98706, 8]},
			"faces": {
				"north": {"uv": [1, 1.25, 0.25, 1.75], "texture": "#0"},
				"east": {"uv": [0.375, 1.375, 0.75, 0.875], "texture": "#0"},
				"south": {"uv": [1.125, 1.375, 0.375, 0.875], "texture": "#0"},
				"west": {"uv": [0, 0, 0, 0], "texture": "#0"},
				"up": {"uv": [0.75, 1.625, 0.375, 0.875], "rotation": 90, "texture": "#0"},
				"down": {"uv": [0.5, 1.25, 0.875, 0.5], "rotation": 90, "texture": "#0"}
			}
		},
		{
			"name": "stellar",
			"from": [14.52349, 6.27565, 6.91275],
			"to": [19.59732, 9.69847, 9.08725],
			"faces": {
				"north": {"uv": [0, 2.5, 0.75, 3], "texture": "#0"},
				"east": {"uv": [0.5, 2.25, 0, 1.875], "rotation": 270, "texture": "#0"},
				"south": {"uv": [0.75, 2.25, 0, 2.75], "texture": "#0"},
				"west": {"uv": [0, 0, 0, 0], "texture": "#0"},
				"up": {"uv": [0, 2.25, 0.75, 1.875], "rotation": 180, "texture": "#0"},
				"down": {"uv": [0.75, 1.875, 0, 2.25], "rotation": 180, "texture": "#0"}
			}
		},
		{
			"name": "stellar",
			"from": [14.52349, 6.27565, 6.91275],
			"to": [19.59732, 9.69847, 9.08725],
			"rotation": {"angle": 22.5, "axis": "y", "origin": [8, 7.98706, 8]},
			"faces": {
				"north": {"uv": [0.75, 2.5, 1.5, 3], "texture": "#0"},
				"east": {"uv": [0.75, 2.875, 0.375, 2.375], "rotation": 180, "texture": "#0"},
				"south": {"uv": [1, 2.75, 0.25, 3.25], "texture": "#0"},
				"west": {"uv": [0, 0, 0, 0], "texture": "#0"},
				"up": {"uv": [0.75, 2.375, 0.375, 3.125], "rotation": 90, "texture": "#0"},
				"down": {"uv": [0.375, 2.375, 0.75, 3.125], "rotation": 90, "texture": "#0"}
			}
		},
		{
			"name": "stellar",
			"from": [6.91275, 6.27565, -3.59732],
			"to": [9.08725, 9.69847, 1.47651],
			"rotation": {"angle": -45, "axis": "y", "origin": [8, 7.98706, 8]},
			"faces": {
				"north": {"uv": [0.75, 3.75, 1.125, 3.25], "rotation": 180, "texture": "#0"},
				"east": {"uv": [1.875, 3.5, 1.125, 4], "texture": "#0"},
				"south": {"uv": [0, 0, 0, 0], "texture": "#0"},
				"west": {"uv": [0.75, 3.5, 0, 4], "texture": "#0"},
				"up": {"uv": [1.125, 4, 0.75, 3.25], "rotation": 180, "texture": "#0"},
				"down": {"uv": [0.75, 3.25, 1.125, 4], "texture": "#0"}
			}
		},
		{
			"name": "stellar",
			"from": [6.91275, 6.27565, -3.59732],
			"to": [9.08725, 9.69847, 1.47651],
			"rotation": {"angle": -22.5, "axis": "y", "origin": [8, 7.98706, 8]},
			"faces": {
				"north": {"uv": [0.5, 3.625, 0, 3.25], "rotation": 90, "texture": "#0"},
				"east": {"uv": [1.125, 3.25, 0.375, 2.75], "texture": "#0"},
				"south": {"uv": [0, 0, 0, 0], "texture": "#0"},
				"west": {"uv": [0.375, 3.5, 1.125, 4], "texture": "#0"},
				"up": {"uv": [0.375, 3.25, 1.25, 3.625], "rotation": 90, "texture": "#0"},
				"down": {"uv": [0.375, 3.25, 1.25, 3.625], "rotation": 90, "texture": "#0"}
			}
		},
		{
			"name": "stellar",
			"from": [6.91275, 6.27565, -3.59732],
			"to": [9.08725, 9.69847, 1.47651],
			"faces": {
				"north": {"uv": [1.875, 3.25, 2.25, 3.75], "texture": "#0"},
				"east": {"uv": [1.125, 3.375, 1.875, 3.875], "texture": "#0"},
				"south": {"uv": [0, 0, 0, 0], "texture": "#0"},
				"west": {"uv": [2.125, 3.375, 2.875, 3.875], "texture": "#0"},
				"up": {"uv": [2.25, 3.25, 1.875, 4], "texture": "#0"},
				"down": {"uv": [2.25, 3.25, 1.875, 4], "texture": "#0"}
			}
		},
		{
			"name": "stellar",
			"from": [6.91275, 6.27565, -3.59732],
			"to": [9.08725, 9.69847, 1.47651],
			"rotation": {"angle": 22.5, "axis": "y", "origin": [8, 7.98706, 8]},
			"faces": {
				"north": {"uv": [3.25, 3.625, 2.75, 3.25], "rotation": 90, "texture": "#0"},
				"east": {"uv": [3.375, 3.5, 2.875, 2.75], "rotation": 90, "texture": "#0"},
				"south": {"uv": [0, 0, 0, 0], "texture": "#0"},
				"west": {"uv": [3.375, 3.25, 2.875, 4], "rotation": 90, "texture": "#0"},
				"up": {"uv": [3.625, 3.25, 2.75, 3.625], "rotation": 90, "texture": "#0"},
				"down": {"uv": [3.625, 3.25, 2.75, 3.625], "rotation": 90, "texture": "#0"}
			}
		},
		{
			"name": "stellar",
			"from": [6.91275, 6.27565, -3.59732],
			"to": [9.08725, 9.69847, 1.47651],
			"rotation": {"angle": 45, "axis": "y", "origin": [8, 7.98706, 8]},
			"faces": {
				"north": {"uv": [2.875, 3.75, 3.25, 3.25], "texture": "#0"},
				"east": {"uv": [3.125, 3.25, 2.375, 3.75], "rotation": 180, "texture": "#0"},
				"south": {"uv": [0, 0, 0, 0], "texture": "#0"},
				"west": {"uv": [3.125, 3.875, 3.875, 3.375], "texture": "#0"},
				"up": {"uv": [2.875, 3.25, 3.25, 4], "rotation": 180, "texture": "#0"},
				"down": {"uv": [2.875, 3.25, 3.25, 4], "rotation": 180, "texture": "#0"}
			}
		},
		{
			"name": "stellar",
			"from": [-3.59732, 6.27565, 6.91275],
			"to": [1.47651, 9.69847, 9.08725],
			"rotation": {"angle": -22.5, "axis": "y", "origin": [8, 7.98706, 8]},
			"faces": {
				"north": {"uv": [2.625, 3, 3.375, 2.5], "texture": "#0"},
				"east": {"uv": [0, 0, 0, 0], "texture": "#0"},
				"south": {"uv": [4, 2.5, 3.5, 3.25], "rotation": 90, "texture": "#0"},
				"west": {"uv": [3.25, 3.125, 3.625, 2.625], "texture": "#0"},
				"up": {"uv": [3.25, 2.375, 3.625, 3.125], "rotation": 90, "texture": "#0"},
				"down": {"uv": [3.625, 3.125, 3.25, 2.375], "rotation": 90, "texture": "#0"}
			}
		},
		{
			"name": "stellar",
			"from": [-3.59732, 6.27565, 6.91275],
			"to": [1.47651, 9.69847, 9.08725],
			"faces": {
				"north": {"uv": [3.875, 2.375, 3.125, 1.875], "texture": "#0"},
				"east": {"uv": [0, 0, 0, 0], "texture": "#0"},
				"south": {"uv": [4, 2, 3.25, 1.5], "texture": "#0"},
				"west": {"uv": [3.25, 1.875, 3.75, 2.25], "rotation": 90, "texture": "#0"},
				"up": {"uv": [4, 1.875, 3.25, 2.25], "rotation": 180, "texture": "#0"},
				"down": {"uv": [3.25, 2.25, 4, 1.875], "rotation": 180, "texture": "#0"}
			}
		},
		{
			"name": "stellar",
			"from": [-3.59732, 6.27565, 6.91275],
			"to": [1.47651, 9.69847, 9.08725],
			"rotation": {"angle": 22.5, "axis": "y", "origin": [8, 7.98706, 8]},
			"faces": {
				"north": {"uv": [3.375, 1, 2.875, 1.75], "rotation": 90, "texture": "#0"},
				"east": {"uv": [0, 0, 0, 0], "texture": "#0"},
				"south": {"uv": [3.25, 1.5, 4, 2], "texture": "#0"},
				"west": {"uv": [3.625, 0.875, 3.25, 1.375], "texture": "#0"},
				"up": {"uv": [3.625, 1.625, 3.25, 0.875], "rotation": 90, "texture": "#0"},
				"down": {"uv": [3.25, 1.625, 3.625, 0.875], "rotation": 90, "texture": "#0"}
			}
		},
		{
			"name": "stellar",
			"from": [0.67114, 10.10115, 9.48993],
			"to": [-4, 5.87296, 6.51007],
			"faces": {
				"north": {"uv": [4, 2, 3.25, 1.5], "rotation": 180, "texture": "#0"},
				"east": {"uv": [3.25, 1.875, 3.75, 2.25], "rotation": 180, "texture": "#0"},
				"south": {"uv": [3.875, 2.375, 3.125, 1.875], "rotation": 180, "texture": "#0"},
				"up": {"uv": [3.25, 2.25, 4, 1.875], "rotation": 180, "texture": "#0"},
				"down": {"uv": [4, 1.875, 3.25, 2.25], "rotation": 180, "texture": "#0"}
			}
		},
		{
			"name": "stellar",
			"from": [0.67114, 10.10115, 9.48993],
			"to": [-4, 5.87296, 6.51007],
			"rotation": {"angle": -22.5, "axis": "y", "origin": [8, 7.98706, 8]},
			"faces": {
				"north": {"uv": [4, 2.5, 3.5, 3.25], "rotation": 180, "texture": "#0"},
				"east": {"uv": [3.25, 3.125, 3.625, 2.625], "rotation": 180, "texture": "#0"},
				"south": {"uv": [2.625, 3, 3.375, 2.5], "rotation": 180, "texture": "#0"},
				"up": {"uv": [3.625, 3.125, 3.25, 2.375], "rotation": 180, "texture": "#0"},
				"down": {"uv": [3.25, 2.375, 3.625, 3.125], "rotation": 180, "texture": "#0"}
			}
		},
		{
			"name": "stellar",
			"from": [9.48993, 10.10115, -0.73826],
			"to": [6.51007, 5.87296, -4],
			"rotation": {"angle": 45, "axis": "y", "origin": [8, 7.98706, 8]},
			"faces": {
				"east": {"uv": [3.125, 3.875, 3.875, 3.375], "rotation": 180, "texture": "#0"},
				"south": {"uv": [2.875, 3.75, 3.25, 3.25], "rotation": 180, "texture": "#0"},
				"west": {"uv": [3.125, 3.25, 2.375, 3.75], "rotation": 180, "texture": "#0"},
				"up": {"uv": [2.875, 3.25, 3.25, 4], "rotation": 180, "texture": "#0"},
				"down": {"uv": [2.875, 3.25, 3.25, 4], "rotation": 180, "texture": "#0"}
			}
		},
		{
			"name": "stellar",
			"from": [9.48993, 10.10115, 0.67114],
			"to": [6.51007, 5.87296, -4],
			"rotation": {"angle": 22.5, "axis": "y", "origin": [8, 7.98706, 8]},
			"faces": {
				"east": {"uv": [3.375, 3.25, 2.875, 4], "rotation": 180, "texture": "#0"},
				"south": {"uv": [3.25, 3.625, 2.75, 3.25], "rotation": 180, "texture": "#0"},
				"west": {"uv": [3.375, 3.5, 2.875, 2.75], "rotation": 180, "texture": "#0"},
				"up": {"uv": [3.625, 3.25, 2.75, 3.625], "rotation": 180, "texture": "#0"},
				"down": {"uv": [3.625, 3.25, 2.75, 3.625], "rotation": 180, "texture": "#0"}
			}
		},
		{
			"name": "stellar",
			"from": [9.48993, 10.10115, 0.67114],
			"to": [6.51007, 5.87296, -4],
			"faces": {
				"east": {"uv": [2.125, 3.375, 2.875, 3.875], "rotation": 180, "texture": "#0"},
				"south": {"uv": [1.875, 3.25, 2.25, 3.75], "rotation": 180, "texture": "#0"},
				"west": {"uv": [1.125, 3.375, 1.875, 3.875], "rotation": 180, "texture": "#0"},
				"up": {"uv": [2.25, 3.25, 1.875, 4], "rotation": 180, "texture": "#0"},
				"down": {"uv": [2.25, 3.25, 1.875, 4], "rotation": 180, "texture": "#0"}
			}
		},
		{
			"name": "stellar",
			"from": [9.48993, 10.10115, 0.4698],
			"to": [6.51007, 5.87296, -4],
			"rotation": {"angle": -22.5, "axis": "y", "origin": [8, 7.98706, 8]},
			"faces": {
				"east": {"uv": [0.375, 3.5, 1.125, 4], "rotation": 180, "texture": "#0"},
				"south": {"uv": [0.5, 3.625, 0, 3.25], "rotation": 180, "texture": "#0"},
				"west": {"uv": [1.125, 3.25, 0.375, 2.75], "rotation": 180, "texture": "#0"},
				"up": {"uv": [0.375, 3.25, 1.25, 3.625], "rotation": 180, "texture": "#0"},
				"down": {"uv": [0.375, 3.25, 1.25, 3.625], "rotation": 180, "texture": "#0"}
			}
		},
		{
			"name": "stellar",
			"from": [9.48993, 10.10115, -0.9396],
			"to": [6.51007, 5.87296, -4],
			"rotation": {"angle": -45, "axis": "y", "origin": [8, 7.98706, 8]},
			"faces": {
				"east": {"uv": [0.75, 3.5, 0, 4], "rotation": 180, "texture": "#0"},
				"south": {"uv": [0.75, 3.75, 1.125, 3.25], "rotation": 180, "texture": "#0"},
				"west": {"uv": [1.875, 3.5, 1.125, 4], "rotation": 180, "texture": "#0"},
				"up": {"uv": [0.75, 3.25, 1.125, 4], "rotation": 180, "texture": "#0"},
				"down": {"uv": [1.125, 4, 0.75, 3.25], "rotation": 180, "texture": "#0"}
			}
		},
		{
			"name": "stellar",
			"from": [20, 10.10115, 9.48993],
			"to": [15.32886, 5.87296, 6.51007],
			"rotation": {"angle": 22.5, "axis": "y", "origin": [8, 7.98706, 8]},
			"faces": {
				"north": {"uv": [1, 2.75, 0.25, 3.25], "rotation": 180, "texture": "#0"},
				"south": {"uv": [0.75, 2.5, 1.5, 3], "rotation": 180, "texture": "#0"},
				"west": {"uv": [0.75, 2.875, 0.375, 2.375], "rotation": 180, "texture": "#0"},
				"up": {"uv": [0.375, 2.375, 0.75, 3.125], "rotation": 180, "texture": "#0"},
				"down": {"uv": [0.75, 2.375, 0.375, 3.125], "rotation": 180, "texture": "#0"}
			}
		},
		{
			"name": "stellar",
			"from": [20, 10.10115, 9.48993],
			"to": [15.32886, 5.87296, 6.51007],
			"faces": {
				"north": {"uv": [0.75, 2.25, 0, 2.75], "rotation": 180, "texture": "#0"},
				"south": {"uv": [0, 2.5, 0.75, 3], "rotation": 180, "texture": "#0"},
				"west": {"uv": [0.5, 2.25, 0, 1.875], "rotation": 180, "texture": "#0"},
				"up": {"uv": [0.75, 1.875, 0, 2.25], "rotation": 180, "texture": "#0"},
				"down": {"uv": [0, 2.25, 0.75, 1.875], "rotation": 180, "texture": "#0"}
			}
		},
		{
			"name": "stellar",
			"from": [20, 10.10115, 9.48993],
			"to": [15.32886, 5.87296, 6.51007],
			"rotation": {"angle": -22.5, "axis": "y", "origin": [8, 7.98706, 8]},
			"faces": {
				"north": {"uv": [1.125, 1.375, 0.375, 0.875], "rotation": 180, "texture": "#0"},
				"south": {"uv": [1, 1.25, 0.25, 1.75], "rotation": 180, "texture": "#0"},
				"west": {"uv": [0.375, 1.375, 0.75, 0.875], "rotation": 180, "texture": "#0"},
				"up": {"uv": [0.5, 1.25, 0.875, 0.5], "rotation": 180, "texture": "#0"},
				"down": {"uv": [0.75, 1.625, 0.375, 0.875], "rotation": 180, "texture": "#0"}
			}
		},
		{
			"name": "stellar",
			"from": [20, 10.10115, 9.48993],
			"to": [16.9396, 5.87296, 6.51007],
			"rotation": {"angle": -45, "axis": "y", "origin": [8, 7.98706, 8]},
			"faces": {
				"north": {"uv": [0.875, 0.625, 0.125, 0.125], "rotation": 180, "texture": "#0"},
				"south": {"uv": [1, 0.875, 1.75, 0.375], "rotation": 180, "texture": "#0"},
				"west": {"uv": [1.125, 0.5, 0.75, 0], "rotation": 180, "texture": "#0"},
				"up": {"uv": [1.125, 0, 0.75, 0.75], "rotation": 180, "texture": "#0"},
				"down": {"uv": [0.75, 0.75, 1.125, 0], "rotation": 180, "texture": "#0"}
			}
		},
		{
			"name": "stellar",
			"from": [9.48993, 10.10115, 20],
			"to": [6.51007, 5.87296, 15.5302],
			"rotation": {"angle": -22.5, "axis": "y", "origin": [8, 7.98706, 8]},
			"faces": {
				"north": {"uv": [3.25, 0.375, 2.75, 0.75], "rotation": 180, "texture": "#0"},
				"east": {"uv": [3.125, 0.625, 2.375, 1.125], "rotation": 180, "texture": "#0"},
				"west": {"uv": [3.25, 0.625, 4, 1.125], "rotation": 180, "texture": "#0"},
				"up": {"uv": [2.75, 0.375, 3.625, 0.75], "rotation": 180, "texture": "#0"},
				"down": {"uv": [2.75, 0.375, 3.625, 0.75], "rotation": 180, "texture": "#0"}
			}
		},
		{
			"name": "stellar",
			"from": [9.48993, 10.10115, 20],
			"to": [6.51007, 5.87296, 15.32886],
			"faces": {
				"north": {"uv": [2.25, 0, 1.875, 0.5], "rotation": 180, "texture": "#0"},
				"east": {"uv": [2.875, 0.125, 2.125, 0.625], "rotation": 180, "texture": "#0"},
				"west": {"uv": [2.375, 0.5, 1.625, 1], "rotation": 180, "texture": "#0"},
				"up": {"uv": [2.25, 0, 1.875, 0.75], "rotation": 180, "texture": "#0"},
				"down": {"uv": [2.25, 0.75, 1.875, 0], "rotation": 180, "texture": "#0"}
			}
		},
		{
			"name": "stellar",
			"from": [9.48993, 10.10115, 20],
			"to": [6.51007, 5.87296, 15.5302],
			"rotation": {"angle": 22.5, "axis": "y", "origin": [8, 7.98706, 8]},
			"faces": {
				"north": {"uv": [1.125, 1.125, 0.625, 0.75], "rotation": 180, "texture": "#0"},
				"east": {"uv": [0.25, 0.125, 1, 0.625], "rotation": 180, "texture": "#0"},
				"west": {"uv": [0.75, 0.875, 1.5, 1.375], "rotation": 180, "texture": "#0"},
				"up": {"uv": [0.375, 0.75, 1.25, 0.375], "rotation": 180, "texture": "#0"},
				"down": {"uv": [0.375, 0.75, 1.25, 0.375], "rotation": 180, "texture": "#0"}
			}
		},
		{
			"name": "stellar",
			"from": [-0.73826, 10.10115, 9.48993],
			"to": [-4, 5.87296, 6.51007],
			"rotation": {"angle": 45, "axis": "y", "origin": [8, 7.98706, 8]},
			"faces": {
				"north": {"uv": [3.125, 0.75, 3.875, 0.25], "rotation": 180, "texture": "#0"},
				"east": {"uv": [2.875, 0.5, 3.25, 0], "rotation": 180, "texture": "#0"},
				"south": {"uv": [2.5, 0.75, 3.25, 0.25], "rotation": 180, "texture": "#0"},
				"up": {"uv": [2.875, 0, 3.25, 0.75], "rotation": 180, "texture": "#0"},
				"down": {"uv": [2.875, 0, 3.25, 0.75], "rotation": 180, "texture": "#0"}
			}
		},
		{
			"name": "stellar",
			"from": [0.67114, 10.10115, 9.48993],
			"to": [-4, 5.87296, 6.51007],
			"rotation": {"angle": 22.5, "axis": "y", "origin": [8, 7.98706, 8]},
			"faces": {
				"north": {"uv": [3.25, 1.5, 4, 2], "rotation": 180, "texture": "#0"},
				"east": {"uv": [3.625, 0.875, 3.25, 1.375], "rotation": 180, "texture": "#0"},
				"south": {"uv": [3.375, 1, 2.875, 1.75], "rotation": 180, "texture": "#0"},
				"up": {"uv": [3.25, 1.625, 3.625, 0.875], "rotation": 180, "texture": "#0"},
				"down": {"uv": [3.625, 1.625, 3.25, 0.875], "rotation": 180, "texture": "#0"}
			}
		}
	]
}