{
	"credit": "Made with Blockbench",
	"textures": {
		"1": "kello:item/decal/small_decwheel_1"
	},
	"elements": [
		{
			"from": [6.5, 2.375, 6.5],
			"to": [9.5, 14.375, 9.5],
			"rotation": {"angle": 0, "axis": "y", "origin": [7.25, 8, 7.25]},
			"faces": {
				"north": {"uv": [5.33333, 0, 6.66667, 5.33333], "texture": "#1"},
				"east": {"uv": [5.33333, 5.33333, 6.66667, 10.66667], "texture": "#1"},
				"south": {"uv": [0, 6, 1.33333, 11.33333], "texture": "#1"},
				"west": {"uv": [1.33333, 6, 2.66667, 11.33333], "texture": "#1"},
				"up": {"uv": [10.33333, 7, 9, 5.66667], "texture": "#1"}
			}
		},
		{
			"from": [6.5, -9.625, 6.5],
			"to": [9.5, 2.375, 9.5],
			"rotation": {"angle": 0, "axis": "y", "origin": [8.375, 8, 6.875]},
			"faces": {
				"north": {"uv": [5.33333, 0, 6.66667, 5.33333], "texture": "#1"},
				"east": {"uv": [5.33333, 5.33333, 6.66667, 10.66667], "texture": "#1"},
				"south": {"uv": [0, 6, 1.33333, 11.33333], "texture": "#1"},
				"west": {"uv": [1.33333, 6, 2.66667, 11.33333], "texture": "#1"}
			}
		}
	],
	"display": {
		"head": {
			"rotation": [0, 180, 0]
		}
	}
}