{
	"credit": "Made with Blockbench",
	"textures": {
		"1": "kello:item/decal/large_decwheel_3",
		"2": "kello:item/decal/large_decwheel_1"
	},
	"elements": [
		{
			"from": [6.46549, 15.95842, 6.45294],
			"to": [9.52614, 23.99168, 9.53868],
			"rotation": {"angle": 0, "axis": "y", "origin": [6.645, 21.05046, 8.08987]},
			"faces": {
				"north": {"uv": [5.66667, 4.66667, 6.66667, 7.33333], "texture": "#2"},
				"east": {"uv": [0, 6.66667, 1, 9.33333], "texture": "#2"},
				"south": {"uv": [1, 6.66667, 2, 9.33333], "texture": "#2"},
				"west": {"uv": [2, 6.66667, 3, 9.33333], "texture": "#2"},
				"up": {"uv": [9.66667, 8.66667, 8.66667, 7.66667], "texture": "#2"}
			}
		},
		{
			"from": [6.46649, 15.95942, 6.45394],
			"to": [9.52514, 23.99068, 9.53768],
			"rotation": {"angle": 0, "axis": "y", "origin": [6.645, 21.05046, 8.08987]},
			"faces": {
				"north": {"uv": [12, 8, 9, 0], "texture": "#1"},
				"east": {"uv": [12, 8, 9, 0], "texture": "#1"},
				"south": {"uv": [12, 8, 9, 0], "texture": "#1"},
				"west": {"uv": [12, 8, 9, 0], "texture": "#1"}
			}
		},
		{
			"from": [9.52514, 23.99068, 9.53768],
			"to": [6.46649, 15.95942, 6.45394],
			"rotation": {"angle": 0, "axis": "y", "origin": [6.645, 21.05046, 8.08987]},
			"faces": {
				"north": {"uv": [12, 8, 9, 0], "rotation": 180, "texture": "#1"},
				"east": {"uv": [12, 8, 9, 0], "rotation": 180, "texture": "#1"},
				"south": {"uv": [12, 8, 9, 0], "rotation": 180, "texture": "#1"},
				"west": {"uv": [12, 8, 9, 0], "rotation": 180, "texture": "#1"}
			}
		},
		{
			"from": [6.46549, 7.95842, 6.45294],
			"to": [9.52614, 15.99168, 9.53868],
			"rotation": {"angle": 0, "axis": "y", "origin": [6.645, 13.05046, 8.08987]},
			"faces": {
				"north": {"uv": [5.66667, 4.66667, 6.66667, 7.33333], "texture": "#2"},
				"east": {"uv": [0, 6.66667, 1, 9.33333], "texture": "#2"},
				"south": {"uv": [1, 6.66667, 2, 9.33333], "texture": "#2"},
				"west": {"uv": [2, 6.66667, 3, 9.33333], "texture": "#2"}
			}
		},
		{
			"from": [6.46649, 7.95942, 6.45394],
			"to": [9.52514, 15.99068, 9.53768],
			"rotation": {"angle": 0, "axis": "y", "origin": [6.645, 13.05046, 8.08987]},
			"faces": {
				"north": {"uv": [12, 8, 9, 0], "texture": "#1"},
				"east": {"uv": [12, 8, 9, 0], "texture": "#1"},
				"south": {"uv": [12, 8, 9, 0], "texture": "#1"},
				"west": {"uv": [12, 8, 9, 0], "texture": "#1"}
			}
		},
		{
			"from": [9.52514, 15.99068, 9.53768],
			"to": [6.46649, 7.95942, 6.45394],
			"rotation": {"angle": 0, "axis": "y", "origin": [6.645, 13.05046, 8.08987]},
			"faces": {
				"north": {"uv": [12, 8, 9, 0], "rotation": 180, "texture": "#1"},
				"east": {"uv": [12, 8, 9, 0], "rotation": 180, "texture": "#1"},
				"south": {"uv": [12, 8, 9, 0], "rotation": 180, "texture": "#1"},
				"west": {"uv": [12, 8, 9, 0], "rotation": 180, "texture": "#1"}
			}
		},
		{
			"from": [6.46549, -0.04158, 6.45294],
			"to": [9.52614, 7.99168, 9.53868],
			"rotation": {"angle": 0, "axis": "y", "origin": [6.645, 5.05046, 8.08987]},
			"faces": {
				"north": {"uv": [5.66667, 4.66667, 6.66667, 7.33333], "texture": "#2"},
				"east": {"uv": [0, 6.66667, 1, 9.33333], "texture": "#2"},
				"south": {"uv": [1, 6.66667, 2, 9.33333], "texture": "#2"},
				"west": {"uv": [2, 6.66667, 3, 9.33333], "texture": "#2"}
			}
		},
		{
			"from": [6.46649, -0.04058, 6.45394],
			"to": [9.52514, 7.99068, 9.53768],
			"rotation": {"angle": 0, "axis": "y", "origin": [6.645, 5.05046, 8.08987]},
			"faces": {
				"north": {"uv": [12, 8, 9, 0], "texture": "#1"},
				"east": {"uv": [12, 8, 9, 0], "texture": "#1"},
				"south": {"uv": [12, 8, 9, 0], "texture": "#1"},
				"west": {"uv": [12, 8, 9, 0], "texture": "#1"}
			}
		},
		{
			"from": [9.52514, 7.99068, 9.53768],
			"to": [6.46649, -0.04058, 6.45394],
			"rotation": {"angle": 0, "axis": "y", "origin": [6.645, 5.05046, 8.08987]},
			"faces": {
				"north": {"uv": [12, 8, 9, 0], "rotation": 180, "texture": "#1"},
				"east": {"uv": [12, 8, 9, 0], "rotation": 180, "texture": "#1"},
				"south": {"uv": [12, 8, 9, 0], "rotation": 180, "texture": "#1"},
				"west": {"uv": [12, 8, 9, 0], "rotation": 180, "texture": "#1"}
			}
		}
	],
	"display": {
		"head": {
			"rotation": [0, 180, 0]
		}
	}
}