{
	"credit": "Made with Blockbench",
	"textures": {
		"0": "kello:item/decal/wall_mellolily",
		"1": "kello:item/decal/wall_mellolily_0"
	},
	"elements": [
		{
			"from": [4.84211, 5.63158, 4.84211],
			"to": [11.15789, 13.52632, 11.15789],
			"rotation": {"angle": 45, "axis": "y", "origin": [8, 8, 8]},
			"faces": {
				"north": {"uv": [11, 2, 13, 4.5], "texture": "#1"},
				"east": {"uv": [11, 2, 13, 4.5], "texture": "#1"},
				"south": {"uv": [11, 2, 13, 4.5], "texture": "#1"},
				"west": {"uv": [11, 2, 13, 4.5], "texture": "#1"},
				"up": {"uv": [11, 0, 13, 2], "rotation": 90, "texture": "#1"},
				"down": {"uv": [11, 4.5, 13, 6.5], "rotation": 270, "texture": "#1"}
			}
		},
		{
			"from": [5.63158, 1.68421, 8],
			"to": [10.36842, 5.63158, 8],
			"rotation": {"angle": 0, "axis": "y", "origin": [8, 3.65789, 8]},
			"faces": {
				"north": {"uv": [8, 1.5, 9.5, 2.75], "texture": "#0", "tintindex": 0},
				"east": {"uv": [0, 0, 0, 0], "texture": "#0", "tintindex": 0},
				"south": {"uv": [9.5, 1.5, 8, 2.75], "texture": "#0", "tintindex": 0},
				"west": {"uv": [0, 0, 0, 0], "texture": "#0", "tintindex": 0}
			}
		},
		{
			"from": [8, 1.68421, 5.63158],
			"to": [8, 5.63158, 10.36842],
			"rotation": {"angle": 0, "axis": "y", "origin": [8, 3.65789, 8]},
			"faces": {
				"north": {"uv": [0, 0, 0, 0], "texture": "#0", "tintindex": 0},
				"east": {"uv": [8, 4.75, 9.5, 6], "texture": "#0", "tintindex": 0},
				"south": {"uv": [0, 0, 0, 0], "texture": "#0", "tintindex": 0},
				"west": {"uv": [9.5, 4.75, 8, 6], "texture": "#0", "tintindex": 0}
			}
		},
		{
			"from": [11.15789, 13.52632, 11.15789],
			"to": [4.84211, 5.63158, 4.84211],
			"rotation": {"angle": 45, "axis": "y", "origin": [8, 8, 8]},
			"faces": {
				"north": {"uv": [11, 4.5, 13, 2], "texture": "#0"},
				"east": {"uv": [11, 4.5, 13, 2], "texture": "#0"},
				"south": {"uv": [11, 4.5, 13, 2], "texture": "#0"},
				"west": {"uv": [11, 4.5, 13, 2], "texture": "#0"},
				"up": {"uv": [13, 4.5, 11, 6.5], "rotation": 90, "texture": "#0"},
				"down": {"uv": [13, 0, 11, 2], "rotation": 270, "texture": "#0"}
			}
		},
		{
			"from": [5.63158, 5.86842, 5.63158],
			"to": [10.36842, 13.36842, 10.36842],
			"rotation": {"angle": 45, "axis": "y", "origin": [8, 8, 8]},
			"faces": {
				"up": {"uv": [11.25, 6.5, 12.75, 8], "rotation": 90, "texture": "#1"},
				"down": {"uv": [11.25, 6.5, 12.75, 8], "rotation": 270, "texture": "#1"}
			}
		},
		{
			"from": [4.44737, 8.78947, 4.44737],
			"to": [11.55263, 10.36842, 11.55263],
			"rotation": {"angle": 45, "axis": "y", "origin": [8, 8, 8]},
			"faces": {
				"north": {"uv": [11, 8, 13.25, 8.5], "texture": "#1", "tintindex": 0},
				"east": {"uv": [11, 8, 13.25, 8.5], "texture": "#1", "tintindex": 0},
				"south": {"uv": [11, 8, 13.25, 8.5], "texture": "#1", "tintindex": 0},
				"west": {"uv": [11, 8, 13.25, 8.5], "texture": "#1", "tintindex": 0}
			}
		},
		{
			"from": [12.97368, 6.42105, 5.23684],
			"to": [12.97368, 11.94737, 10.76316],
			"rotation": {"angle": 0, "axis": "y", "origin": [8, 8, 8]},
			"faces": {
				"north": {"uv": [0, 0, 0, 1.5], "texture": "#1"},
				"east": {"uv": [11, 8.5, 12.75, 10.25], "texture": "#1", "tintindex": 0},
				"south": {"uv": [0, 0, 0, 1.5], "texture": "#1"},
				"west": {"uv": [0, 0, 1.25, 1.5], "texture": "#1"}
			}
		},
		{
			"from": [11.55263, 10.36842, 11.55263],
			"to": [4.44737, 8.78947, 4.44737],
			"rotation": {"angle": 45, "axis": "y", "origin": [8, 8, 8]},
			"faces": {
				"north": {"uv": [11, 8.5, 13.25, 8], "texture": "#1", "tintindex": 0},
				"east": {"uv": [11, 8.5, 13.25, 8], "texture": "#1", "tintindex": 0},
				"south": {"uv": [11, 8.5, 13.25, 8], "texture": "#1", "tintindex": 0},
				"west": {"uv": [11, 8.5, 13.25, 8], "texture": "#1", "tintindex": 0}
			}
		},
		{
			"from": [13.76316, 17.94737, 10.44737],
			"to": [17.71053, 21.89474, 10.44737],
			"rotation": {"angle": -45, "axis": "y", "origin": [15.73684, 17.94737, 10.44737]},
			"faces": {
				"north": {"uv": [16, 2.5, 14.75, 3.75], "texture": "#0"},
				"south": {"uv": [14.75, 2.5, 16, 3.75], "texture": "#0"}
			}
		},
		{
			"from": [13.76316, 17.94737, 10.44737],
			"to": [17.71053, 21.89474, 10.44737],
			"rotation": {"angle": 45, "axis": "y", "origin": [15.73684, 17.94737, 10.44737]},
			"faces": {
				"north": {"uv": [14.75, 2.5, 16, 3.75], "texture": "#0"},
				"south": {"uv": [16, 2.5, 14.75, 3.75], "texture": "#0"}
			}
		},
		{
			"from": [8.71053, 10.28947, 4.44737],
			"to": [12.65789, 14.23684, 4.44737],
			"rotation": {"angle": -45, "axis": "y", "origin": [10.68421, 10.28947, 4.44737]},
			"faces": {
				"north": {"uv": [16, 2.5, 14.75, 3.75], "texture": "#0"},
				"south": {"uv": [14.75, 2.5, 16, 3.75], "texture": "#0"}
			}
		},
		{
			"from": [7.84211, 14.86842, 7.76316],
			"to": [11.78947, 18.81579, 7.76316],
			"rotation": {"angle": -45, "axis": "y", "origin": [9.81579, 14.86842, 7.76316]},
			"faces": {
				"north": {"uv": [16, 1.25, 14.75, 2.5], "texture": "#0", "tintindex": 0},
				"south": {"uv": [14.75, 1.25, 16, 2.5], "texture": "#0", "tintindex": 0}
			}
		},
		{
			"from": [17.39474, 16.36842, 11.94737],
			"to": [21.34211, 20.31579, 11.94737],
			"rotation": {"angle": -45, "axis": "y", "origin": [19.36842, 16.36842, 11.94737]},
			"faces": {
				"north": {"uv": [16, 3.75, 14.75, 5], "texture": "#0", "tintindex": 0},
				"south": {"uv": [14.75, 3.75, 16, 5], "texture": "#0", "tintindex": 0}
			}
		},
		{
			"from": [17.39474, 16.36842, 11.94737],
			"to": [21.34211, 20.31579, 11.94737],
			"rotation": {"angle": 45, "axis": "y", "origin": [19.36842, 16.36842, 11.94737]},
			"faces": {
				"north": {"uv": [14.75, 3.75, 16, 5], "texture": "#0", "tintindex": 0},
				"south": {"uv": [16, 3.75, 14.75, 5], "texture": "#0", "tintindex": 0}
			}
		},
		{
			"from": [11, 13.21053, 3.5],
			"to": [14.94737, 17.15789, 3.5],
			"rotation": {"angle": -45, "axis": "y", "origin": [12.97368, 13.21053, 3.5]},
			"faces": {
				"north": {"uv": [16, 1.25, 14.75, 2.5], "texture": "#0", "tintindex": 0},
				"south": {"uv": [14.75, 1.25, 16, 2.5], "texture": "#0", "tintindex": 0}
			}
		},
		{
			"from": [10.05263, 13.44737, 8.86842],
			"to": [14, 17.39474, 8.86842],
			"rotation": {"angle": 45, "axis": "y", "origin": [12.02632, 13.44737, 8.86842]},
			"faces": {
				"north": {"uv": [14.75, 0, 16, 1.25], "texture": "#0"},
				"south": {"uv": [16, 0, 14.75, 1.25], "texture": "#0"}
			}
		},
		{
			"from": [20.31579, 11.71053, 13.13158],
			"to": [24.26316, 15.65789, 13.13158],
			"rotation": {"angle": -45, "axis": "y", "origin": [22.28947, 11.71053, 13.13158]},
			"faces": {
				"north": {"uv": [16, 0, 14.75, 1.25], "texture": "#0"},
				"south": {"uv": [14.75, 0, 16, 1.25], "texture": "#0"}
			}
		},
		{
			"from": [20.31579, 11.71053, 13.13158],
			"to": [24.26316, 15.65789, 13.13158],
			"rotation": {"angle": 45, "axis": "y", "origin": [22.28947, 11.71053, 13.13158]},
			"faces": {
				"north": {"uv": [14.75, 0, 16, 1.25], "texture": "#0"},
				"south": {"uv": [16, 0, 14.75, 1.25], "texture": "#0"}
			}
		},
		{
			"from": [13.84211, 9.97368, 2.39474],
			"to": [17.78947, 13.92105, 2.39474],
			"rotation": {"angle": -45, "axis": "y", "origin": [15.81579, 9.97368, 2.39474]},
			"faces": {
				"north": {"uv": [16, 0, 14.75, 1.25], "texture": "#0"},
				"south": {"uv": [14.75, 0, 16, 1.25], "texture": "#0"}
			}
		},
		{
			"from": [13.84211, 9.97368, 2.39474],
			"to": [17.78947, 13.92105, 2.39474],
			"rotation": {"angle": 45, "axis": "y", "origin": [15.81579, 9.97368, 2.39474]},
			"faces": {
				"north": {"uv": [14.75, 0, 16, 1.25], "texture": "#0"},
				"south": {"uv": [16, 0, 14.75, 1.25], "texture": "#0"}
			}
		},
		{
			"from": [4.92105, 13.05263, 6.89474],
			"to": [27.02632, 25.68421, 6.89474],
			"rotation": {"angle": -22.5, "axis": "y", "origin": [7.28947, 13.84211, 6.89474]},
			"faces": {
				"north": {"uv": [7, 12, 14, 16], "texture": "#1", "tintindex": 0},
				"south": {"uv": [14, 12, 7, 16], "texture": "#1", "tintindex": 0}
			}
		},
		{
			"from": [7.60526, 13.05263, 6.65789],
			"to": [20.23684, 20.15789, 6.65789],
			"rotation": {"angle": 22.5, "axis": "y", "origin": [5.23684, 13.84211, 6.65789]},
			"faces": {
				"north": {"uv": [2.25, 13.75, 6.25, 16], "texture": "#1", "tintindex": 0},
				"south": {"uv": [6.25, 13.75, 2.25, 16], "texture": "#1", "tintindex": 0}
			}
		},
		{
			"from": [5.23684, 13.05263, 9.02632],
			"to": [5.23684, 20.15789, 21.65789],
			"rotation": {"angle": 22.5, "axis": "y", "origin": [5.23684, 13.84211, 6.65789]},
			"faces": {
				"east": {"uv": [2.25, 13.75, 6.25, 16], "texture": "#1", "tintindex": 0},
				"west": {"uv": [6.25, 13.75, 2.25, 16], "texture": "#1", "tintindex": 0}
			}
		},
		{
			"from": [7.68421, 10.28947, 17.23684],
			"to": [11.63158, 14.23684, 17.23684],
			"rotation": {"angle": -45, "axis": "y", "origin": [9.65789, 10.28947, 17.23684]},
			"faces": {
				"north": {"uv": [16, 2.5, 14.75, 3.75], "texture": "#0"},
				"south": {"uv": [14.75, 2.5, 16, 3.75], "texture": "#0"}
			}
		},
		{
			"from": [7.68421, 10.28947, 17.23684],
			"to": [11.63158, 14.23684, 17.23684],
			"rotation": {"angle": 45, "axis": "y", "origin": [9.65789, 10.28947, 17.23684]},
			"faces": {
				"north": {"uv": [14.75, 2.5, 16, 3.75], "texture": "#0"},
				"south": {"uv": [16, 2.5, 14.75, 3.75], "texture": "#0"}
			}
		},
		{
			"from": [5.55263, 10.21053, 12.18421],
			"to": [9.5, 14.15789, 12.18421],
			"rotation": {"angle": 45, "axis": "y", "origin": [7.52632, 10.21053, 12.18421]},
			"faces": {
				"north": {"uv": [14.75, 3.75, 16, 5], "texture": "#0", "tintindex": 0},
				"south": {"uv": [16, 3.75, 14.75, 5], "texture": "#0", "tintindex": 0}
			}
		},
		{
			"from": [6.5, 13.44737, 14.31579],
			"to": [10.44737, 17.39474, 14.31579],
			"rotation": {"angle": 45, "axis": "y", "origin": [8.47368, 13.44737, 14.31579]},
			"faces": {
				"north": {"uv": [14.75, 0, 16, 1.25], "texture": "#0"},
				"south": {"uv": [16, 0, 14.75, 1.25], "texture": "#0"}
			}
		}
	],
	"display": {
		"head": {
			"rotation": [0, 180, 0]
		}
	}
}