{
	"credit": "Made with Blockbench",
	"textures": {
		"1": "kello:item/decal/large_decwheel_3",
		"2": "kello:item/decal/large_decwheel_1"
	},
	"elements": [
		{
			"from": [5.73468, 19.98128, 5.73468],
			"to": [10.25275, 31.96256, 10.25275],
			"rotation": {"angle": 0, "axis": "y", "origin": [7.37161, 25.07332, 7.37161]},
			"faces": {
				"north": {"uv": [5.66667, 4.66667, 6.66667, 7.33333], "texture": "#2"},
				"east": {"uv": [0, 6.66667, 1, 9.33333], "texture": "#2"},
				"south": {"uv": [1, 6.66667, 2, 9.33333], "texture": "#2"},
				"west": {"uv": [2, 6.66667, 3, 9.33333], "texture": "#2"},
				"up": {"uv": [9.66667, 8.66667, 8.66667, 7.66667], "texture": "#2"}
			}
		},
		{
			"from": [5.73568, 19.98228, 5.73568],
			"to": [10.25175, 31.96156, 10.25175],
			"rotation": {"angle": 0, "axis": "y", "origin": [7.37161, 25.07332, 7.37161]},
			"faces": {
				"north": {"uv": [12, 8, 9, 0], "texture": "#1"},
				"east": {"uv": [12, 8, 9, 0], "texture": "#1"},
				"south": {"uv": [12, 8, 9, 0], "texture": "#1"},
				"west": {"uv": [12, 8, 9, 0], "texture": "#1"}
			}
		},
		{
			"from": [10.25275, 31.96256, 10.25275],
			"to": [5.73468, 19.98128, 5.73468],
			"rotation": {"angle": 0, "axis": "y", "origin": [7.37161, 25.07332, 7.37161]},
			"faces": {
				"north": {"uv": [12, 8, 9, 0], "rotation": 180, "texture": "#1"},
				"east": {"uv": [12, 8, 9, 0], "rotation": 180, "texture": "#1"},
				"south": {"uv": [12, 8, 9, 0], "rotation": 180, "texture": "#1"},
				"west": {"uv": [12, 8, 9, 0], "rotation": 180, "texture": "#1"},
				"down": {"uv": [15, 6, 12, 3], "rotation": 180, "texture": "#1"}
			}
		},
		{
			"from": [5.73468, 7.98128, 5.73468],
			"to": [10.25275, 19.96256, 10.25275],
			"rotation": {"angle": 0, "axis": "y", "origin": [7.37161, 13.07332, 7.37161]},
			"faces": {
				"north": {"uv": [5.66667, 4.66667, 6.66667, 7.33333], "texture": "#2"},
				"east": {"uv": [0, 6.66667, 1, 9.33333], "texture": "#2"},
				"south": {"uv": [1, 6.66667, 2, 9.33333], "texture": "#2"},
				"west": {"uv": [2, 6.66667, 3, 9.33333], "texture": "#2"}
			}
		},
		{
			"from": [5.73568, 7.98228, 5.73568],
			"to": [10.25175, 19.96156, 10.25175],
			"rotation": {"angle": 0, "axis": "y", "origin": [7.37161, 13.07332, 7.37161]},
			"faces": {
				"north": {"uv": [12, 8, 9, 0], "texture": "#1"},
				"east": {"uv": [12, 8, 9, 0], "texture": "#1"},
				"south": {"uv": [12, 8, 9, 0], "texture": "#1"},
				"west": {"uv": [12, 8, 9, 0], "texture": "#1"}
			}
		},
		{
			"from": [10.25275, 19.96256, 10.25275],
			"to": [5.73468, 7.98128, 5.73468],
			"rotation": {"angle": 0, "axis": "y", "origin": [7.37161, 13.07332, 7.37161]},
			"faces": {
				"north": {"uv": [12, 8, 9, 0], "rotation": 180, "texture": "#1"},
				"east": {"uv": [12, 8, 9, 0], "rotation": 180, "texture": "#1"},
				"south": {"uv": [12, 8, 9, 0], "rotation": 180, "texture": "#1"},
				"west": {"uv": [12, 8, 9, 0], "rotation": 180, "texture": "#1"},
				"down": {"uv": [15, 6, 12, 3], "rotation": 180, "texture": "#1"}
			}
		}
	],
	"display": {
		"head": {
			"rotation": [0, 180, 0]
		}
	}
}