{
	"credit": "Made with Blockbench",
	"textures": {
		"1": "kello:item/decal/small_decwheel_1"
	},
	"elements": [
		{
			"from": [7.25, 5.1875, 7.25],
			"to": [8.75, 11.1875, 8.75],
			"rotation": {"angle": 0, "axis": "y", "origin": [7.625, 8, 7.625]},
			"faces": {
				"north": {"uv": [5.33333, 0, 6.66667, 5.33333], "texture": "#1"},
				"east": {"uv": [5.33333, 5.33333, 6.66667, 10.66667], "texture": "#1"},
				"south": {"uv": [0, 6, 1.33333, 11.33333], "texture": "#1"},
				"west": {"uv": [1.33333, 6, 2.66667, 11.33333], "texture": "#1"},
				"up": {"uv": [10.33333, 7, 9, 5.66667], "texture": "#1"}
			}
		},
		{
			"from": [7.25, -0.8125, 7.25],
			"to": [8.75, 5.1875, 8.75],
			"rotation": {"angle": 0, "axis": "y", "origin": [8.1875, 8, 7.4375]},
			"faces": {
				"north": {"uv": [5.33333, 0, 6.66667, 5.33333], "texture": "#1"},
				"east": {"uv": [5.33333, 5.33333, 6.66667, 10.66667], "texture": "#1"},
				"south": {"uv": [0, 6, 1.33333, 11.33333], "texture": "#1"},
				"west": {"uv": [1.33333, 6, 2.66667, 11.33333], "texture": "#1"}
			}
		},
		{
			"from": [7.25, -6.8125, 7.25],
			"to": [8.75, -0.8125, 8.75],
			"rotation": {"angle": 0, "axis": "y", "origin": [7.8125, 8, 7.4375]},
			"faces": {
				"north": {"uv": [5.33333, 0, 6.66667, 5.33333], "texture": "#1"},
				"east": {"uv": [5.33333, 5.33333, 6.66667, 10.66667], "texture": "#1"},
				"south": {"uv": [0, 6, 1.33333, 11.33333], "texture": "#1"},
				"west": {"uv": [1.33333, 6, 2.66667, 11.33333], "texture": "#1"}
			}
		},
		{
			"from": [7.25, -12.8125, 7.25],
			"to": [8.75, -6.8125, 8.75],
			"rotation": {"angle": 0, "axis": "y", "origin": [8.375, 8, 7.625]},
			"faces": {
				"north": {"uv": [5.33333, 0, 6.66667, 5.33333], "texture": "#1"},
				"east": {"uv": [5.33333, 5.33333, 6.66667, 10.66667], "texture": "#1"},
				"south": {"uv": [0, 6, 1.33333, 11.33333], "texture": "#1"},
				"west": {"uv": [1.33333, 6, 2.66667, 11.33333], "texture": "#1"}
			}
		}
	],
	"display": {
		"head": {
			"rotation": [0, 180, 0]
		}
	}
}