{
	"credit": "Made with Blockbench",
	"textures": {
		"2": "kello:item/decal/large_decwheel_1"
	},
	"elements": [
		{
			"from": [6.8, 5.1, 14.4],
			"to": [9.2, 12.5, 20],
			"rotation": {"angle": 0, "axis": "y", "origin": [8, 8, 8]},
			"faces": {
				"east": {"uv": [8.66667, 4.66667, 9.83333, 6.16667], "texture": "#2"},
				"south": {"uv": [6, 7.33333, 6.5, 8.83333], "texture": "#2"},
				"west": {"uv": [8.66667, 6.16667, 9.83333, 7.66667], "texture": "#2"},
				"up": {"uv": [0.5, 10.5, 0, 9.33333], "texture": "#2"},
				"down": {"uv": [1, 9.33333, 0.5, 10.5], "texture": "#2"}
			}
		},
		{
			"from": [6.8, 5.1, 14.4],
			"to": [9.2, 12.5, 20],
			"rotation": {"angle": -22.5, "axis": "y", "origin": [8, 8, 8]},
			"faces": {
				"east": {"uv": [8.66667, 4.66667, 9.83333, 6.16667], "texture": "#2"},
				"south": {"uv": [6, 7.33333, 6.5, 8.83333], "texture": "#2"},
				"west": {"uv": [8.66667, 6.16667, 9.83333, 7.66667], "texture": "#2"},
				"up": {"uv": [0.5, 10.5, 0, 9.33333], "texture": "#2"},
				"down": {"uv": [1, 9.33333, 0.5, 10.5], "texture": "#2"}
			}
		},
		{
			"from": [6.8, 5.1, 14.4],
			"to": [9.2, 12.5, 20],
			"rotation": {"angle": -45, "axis": "y", "origin": [8, 8, 8]},
			"faces": {
				"east": {"uv": [8.66667, 4.66667, 9.83333, 6.16667], "texture": "#2"},
				"south": {"uv": [6, 7.33333, 6.5, 8.83333], "texture": "#2"},
				"west": {"uv": [8.66667, 6.16667, 9.83333, 7.66667], "texture": "#2"},
				"up": {"uv": [0.5, 10.5, 0, 9.33333], "texture": "#2"},
				"down": {"uv": [1, 9.33333, 0.5, 10.5], "texture": "#2"}
			}
		},
		{
			"from": [-4, 5.1, 6.8],
			"to": [1.6, 12.5, 9.2],
			"rotation": {"angle": 22.5, "axis": "y", "origin": [8, 8, 8]},
			"faces": {
				"north": {"uv": [8.66667, 6.16667, 9.83333, 7.66667], "texture": "#2"},
				"south": {"uv": [8.66667, 4.66667, 9.83333, 6.16667], "texture": "#2"},
				"west": {"uv": [6, 7.33333, 6.5, 8.83333], "texture": "#2"},
				"up": {"uv": [0.5, 10.5, 0, 9.33333], "rotation": 90, "texture": "#2"},
				"down": {"uv": [1, 9.33333, 0.5, 10.5], "rotation": 270, "texture": "#2"}
			}
		},
		{
			"from": [-4, 5.1, 6.8],
			"to": [1.6, 12.5, 9.2],
			"rotation": {"angle": 0, "axis": "y", "origin": [8, 8, 8]},
			"faces": {
				"north": {"uv": [8.66667, 6.16667, 9.83333, 7.66667], "texture": "#2"},
				"south": {"uv": [8.66667, 4.66667, 9.83333, 6.16667], "texture": "#2"},
				"west": {"uv": [6, 7.33333, 6.5, 8.83333], "texture": "#2"},
				"up": {"uv": [0.5, 10.5, 0, 9.33333], "rotation": 90, "texture": "#2"},
				"down": {"uv": [1, 9.33333, 0.5, 10.5], "rotation": 270, "texture": "#2"}
			}
		},
		{
			"from": [-4, 5.1, 6.8],
			"to": [1.6, 12.5, 9.2],
			"rotation": {"angle": -22.5, "axis": "y", "origin": [8, 8, 8]},
			"faces": {
				"north": {"uv": [8.66667, 6.16667, 9.83333, 7.66667], "texture": "#2"},
				"south": {"uv": [8.66667, 4.66667, 9.83333, 6.16667], "texture": "#2"},
				"west": {"uv": [6, 7.33333, 6.5, 8.83333], "texture": "#2"},
				"up": {"uv": [0.5, 10.5, 0, 9.33333], "rotation": 90, "texture": "#2"},
				"down": {"uv": [1, 9.33333, 0.5, 10.5], "rotation": 270, "texture": "#2"}
			}
		},
		{
			"from": [-4, 5.1, 6.8],
			"to": [1.6, 12.5, 9.2],
			"rotation": {"angle": -45, "axis": "y", "origin": [8, 8, 8]},
			"faces": {
				"north": {"uv": [8.66667, 6.16667, 9.83333, 7.66667], "texture": "#2"},
				"south": {"uv": [8.66667, 4.66667, 9.83333, 6.16667], "texture": "#2"},
				"west": {"uv": [6, 7.33333, 6.5, 8.83333], "texture": "#2"},
				"up": {"uv": [0.5, 10.5, 0, 9.33333], "rotation": 90, "texture": "#2"},
				"down": {"uv": [1, 9.33333, 0.5, 10.5], "rotation": 270, "texture": "#2"}
			}
		},
		{
			"from": [6.8, 5.1, -4],
			"to": [9.2, 12.5, 1.6],
			"rotation": {"angle": 22.5, "axis": "y", "origin": [8, 8, 8]},
			"faces": {
				"north": {"uv": [6, 7.33333, 6.5, 8.83333], "texture": "#2"},
				"east": {"uv": [8.66667, 6.16667, 9.83333, 7.66667], "texture": "#2"},
				"west": {"uv": [8.66667, 4.66667, 9.83333, 6.16667], "texture": "#2"},
				"up": {"uv": [0.5, 10.5, 0, 9.33333], "rotation": 180, "texture": "#2"},
				"down": {"uv": [1, 9.33333, 0.5, 10.5], "rotation": 180, "texture": "#2"}
			}
		},
		{
			"from": [6.8, 5.1, 14.4],
			"to": [9.2, 12.5, 20],
			"rotation": {"angle": 22.5, "axis": "y", "origin": [8, 8, 8]},
			"faces": {
				"east": {"uv": [8.66667, 4.66667, 9.83333, 6.16667], "texture": "#2"},
				"south": {"uv": [6, 7.33333, 6.5, 8.83333], "texture": "#2"},
				"west": {"uv": [8.66667, 6.16667, 9.83333, 7.66667], "texture": "#2"},
				"up": {"uv": [0.5, 10.5, 0, 9.33333], "texture": "#2"},
				"down": {"uv": [1, 9.33333, 0.5, 10.5], "texture": "#2"}
			}
		},
		{
			"from": [14.4, 5.1, 6.8],
			"to": [20, 12.5, 9.2],
			"rotation": {"angle": -45, "axis": "y", "origin": [8, 8, 8]},
			"faces": {
				"north": {"uv": [8.66667, 4.66667, 9.83333, 6.16667], "texture": "#2"},
				"east": {"uv": [6, 7.33333, 6.5, 8.83333], "texture": "#2"},
				"south": {"uv": [8.66667, 6.16667, 9.83333, 7.66667], "texture": "#2"},
				"up": {"uv": [0.5, 10.5, 0, 9.33333], "rotation": 270, "texture": "#2"},
				"down": {"uv": [1, 9.33333, 0.5, 10.5], "rotation": 90, "texture": "#2"}
			}
		},
		{
			"from": [14.4, 5.1, 6.8],
			"to": [20, 12.5, 9.2],
			"rotation": {"angle": -22.5, "axis": "y", "origin": [8, 8, 8]},
			"faces": {
				"north": {"uv": [8.66667, 4.66667, 9.83333, 6.16667], "texture": "#2"},
				"east": {"uv": [6, 7.33333, 6.5, 8.83333], "texture": "#2"},
				"south": {"uv": [8.66667, 6.16667, 9.83333, 7.66667], "texture": "#2"},
				"up": {"uv": [0.5, 10.5, 0, 9.33333], "rotation": 270, "texture": "#2"},
				"down": {"uv": [1, 9.33333, 0.5, 10.5], "rotation": 90, "texture": "#2"}
			}
		},
		{
			"from": [14.4, 5.1, 6.8],
			"to": [20, 12.5, 9.2],
			"rotation": {"angle": 0, "axis": "y", "origin": [8, 8, 8]},
			"faces": {
				"north": {"uv": [8.66667, 4.66667, 9.83333, 6.16667], "texture": "#2"},
				"east": {"uv": [6, 7.33333, 6.5, 8.83333], "texture": "#2"},
				"south": {"uv": [8.66667, 6.16667, 9.83333, 7.66667], "texture": "#2"},
				"up": {"uv": [0.5, 10.5, 0, 9.33333], "rotation": 270, "texture": "#2"},
				"down": {"uv": [1, 9.33333, 0.5, 10.5], "rotation": 90, "texture": "#2"}
			}
		},
		{
			"from": [14.4, 5.1, 6.8],
			"to": [20, 12.5, 9.2],
			"rotation": {"angle": 22.5, "axis": "y", "origin": [8, 8, 8]},
			"faces": {
				"north": {"uv": [8.66667, 4.66667, 9.83333, 6.16667], "texture": "#2"},
				"east": {"uv": [6, 7.33333, 6.5, 8.83333], "texture": "#2"},
				"south": {"uv": [8.66667, 6.16667, 9.83333, 7.66667], "texture": "#2"},
				"up": {"uv": [0.5, 10.5, 0, 9.33333], "rotation": 270, "texture": "#2"},
				"down": {"uv": [1, 9.33333, 0.5, 10.5], "rotation": 90, "texture": "#2"}
			}
		},
		{
			"from": [6.8, 5.1, -4],
			"to": [9.2, 12.5, 1.6],
			"rotation": {"angle": -45, "axis": "y", "origin": [8, 8, 8]},
			"faces": {
				"north": {"uv": [6, 7.33333, 6.5, 8.83333], "texture": "#2"},
				"east": {"uv": [8.66667, 6.16667, 9.83333, 7.66667], "texture": "#2"},
				"west": {"uv": [8.66667, 4.66667, 9.83333, 6.16667], "texture": "#2"},
				"up": {"uv": [0.5, 10.5, 0, 9.33333], "rotation": 180, "texture": "#2"},
				"down": {"uv": [1, 9.33333, 0.5, 10.5], "rotation": 180, "texture": "#2"}
			}
		},
		{
			"from": [6.8, 5.1, -4],
			"to": [9.2, 12.5, 1.6],
			"rotation": {"angle": -22.5, "axis": "y", "origin": [8, 8, 8]},
			"faces": {
				"north": {"uv": [6, 7.33333, 6.5, 8.83333], "texture": "#2"},
				"east": {"uv": [8.66667, 6.16667, 9.83333, 7.66667], "texture": "#2"},
				"west": {"uv": [8.66667, 4.66667, 9.83333, 6.16667], "texture": "#2"},
				"up": {"uv": [0.5, 10.5, 0, 9.33333], "rotation": 180, "texture": "#2"},
				"down": {"uv": [1, 9.33333, 0.5, 10.5], "rotation": 180, "texture": "#2"}
			}
		},
		{
			"from": [6.8, 5.1, -4],
			"to": [9.2, 12.5, 1.6],
			"rotation": {"angle": 0, "axis": "y", "origin": [8, 8, 8]},
			"faces": {
				"north": {"uv": [6, 7.33333, 6.5, 8.83333], "texture": "#2"},
				"east": {"uv": [8.66667, 6.16667, 9.83333, 7.66667], "texture": "#2"},
				"west": {"uv": [8.66667, 4.66667, 9.83333, 6.16667], "texture": "#2"},
				"up": {"uv": [0.5, 10.5, 0, 9.33333], "rotation": 180, "texture": "#2"},
				"down": {"uv": [1, 9.33333, 0.5, 10.5], "rotation": 180, "texture": "#2"}
			}
		},
		{
			"from": [2.4, 4.43, 0.8],
			"to": [13.6, 13.17, 15.2],
			"rotation": {"angle": 0, "axis": "y", "origin": [8, 8, 8]},
			"faces": {
				"north": {"uv": [3.33333, 3.83333, 5.66667, 2], "texture": "#2"},
				"east": {"uv": [5, 9.16667, 5.33333, 11], "texture": "#2"},
				"south": {"uv": [3.33333, 3.83333, 5.66667, 2], "texture": "#2"},
				"west": {"uv": [2.5, 13.16667, 2.83333, 15], "texture": "#2"},
				"up": {"uv": [5.66667, 14.16667, 3.33333, 11.16667], "texture": "#2"},
				"down": {"uv": [5.66667, 11.16667, 3.33333, 14.16667], "texture": "#2"}
			}
		},
		{
			"from": [0.8, 4.43, 2.4],
			"to": [15.2, 13.17, 13.6],
			"rotation": {"angle": 0, "axis": "y", "origin": [8, 8, 8]},
			"faces": {
				"north": {"uv": [7.66667, 6.5, 8.66667, 8.33333], "texture": "#2"},
				"east": {"uv": [3.33333, 5.5, 5.66667, 7.33333], "texture": "#2"},
				"south": {"uv": [7.66667, 8.33333, 8.66667, 10.16667], "texture": "#2"},
				"west": {"uv": [3.33333, 5.5, 5.66667, 7.33333], "texture": "#2"},
				"up": {"uv": [3, 13, 0, 10.66667], "texture": "#2"},
				"down": {"uv": [3, 10.66667, 0, 13], "texture": "#2"}
			}
		},
		{
			"from": [0, 5.95, 0],
			"to": [16, 11.65, 16],
			"rotation": {"angle": 0, "axis": "y", "origin": [8, 8, 8]},
			"faces": {
				"north": {"uv": [5.66667, 0, 9, 1.16667], "texture": "#2"},
				"east": {"uv": [5.66667, 1.16667, 9, 2.33333], "texture": "#2"},
				"south": {"uv": [5.66667, 2.33333, 9, 3.5], "texture": "#2"},
				"west": {"uv": [5.66667, 3.5, 9, 4.66667], "texture": "#2"},
				"up": {"uv": [0, 0, 3.33333, 3.33333], "texture": "#2"}
			}
		}
	],
	"display": {
		"head": {
			"rotation": [0, 180, 0]
		}
	}
}