{
	"credit": "Made with Blockbench",
	"textures": {
		"1": "kello:item/decal/large_decwheel_2",
		"2": "kello:item/decal/large_decwheel_1",
		"3": "kello:item/interactable/thrown/stellar"
	},
	"elements": [
		{
			"from": [5.01, 0.56, 5.01],
			"to": [10.99, 16.54, 10.99],
			"rotation": {"angle": 0, "axis": "y", "origin": [7.1, 7.35, 7.1]},
			"faces": {
				"north": {"uv": [5.66667, 4.66667, 6.66667, 7.33333], "texture": "#2"},
				"east": {"uv": [0, 6.66667, 1, 9.33333], "texture": "#2"},
				"south": {"uv": [1, 6.66667, 2, 9.33333], "texture": "#2"},
				"west": {"uv": [2, 6.66667, 3, 9.33333], "texture": "#2"},
				"up": {"uv": [9.66667, 8.66667, 8.66667, 7.66667], "texture": "#2"}
			}
		},
		{
			"from": [5, 0.55, 5],
			"to": [11, 16.55, 11],
			"rotation": {"angle": 0, "axis": "y", "origin": [7.1, 7.35, 7.1]},
			"faces": {
				"north": {"uv": [1.25, 1.625, 0.5, 3.625], "texture": "#3"},
				"east": {"uv": [0.75, 1.625, 0, 3.625], "texture": "#3"},
				"south": {"uv": [1.5, 1.625, 0.75, 3.625], "texture": "#3"},
				"west": {"uv": [2.25, 1.625, 1.5, 3.625], "texture": "#3"},
				"up": {"uv": [2, 1.125, 1.25, 0.375], "texture": "#3"}
			}
		},
		{
			"from": [4.95, 0.5, 4.925],
			"to": [11.05, 16.6, 11.075],
			"rotation": {"angle": 0, "axis": "y", "origin": [7.1, 7.35, 7.1]},
			"faces": {
				"north": {"uv": [12, 8, 9, 0], "texture": "#1"},
				"east": {"uv": [3, 8, 0, 0], "texture": "#1"},
				"south": {"uv": [6, 8, 3, 0], "texture": "#1"},
				"west": {"uv": [9, 8, 6, 0], "texture": "#1"},
				"up": {"uv": [15, 6, 12, 3], "texture": "#1"}
			}
		},
		{
			"from": [11.05, 16.6, 11.075],
			"to": [4.95, 0.5, 4.925],
			"rotation": {"angle": 0, "axis": "y", "origin": [7.1, 7.35, 7.1]},
			"faces": {
				"north": {"uv": [6, 8, 3, 0], "rotation": 180, "texture": "#1"},
				"east": {"uv": [9, 8, 6, 0], "rotation": 180, "texture": "#1"},
				"south": {"uv": [12, 8, 9, 0], "rotation": 180, "texture": "#1"},
				"west": {"uv": [3, 8, 0, 0], "rotation": 180, "texture": "#1"},
				"down": {"uv": [15, 6, 12, 3], "rotation": 180, "texture": "#1"}
			}
		}
	],
	"display": {
		"head": {
			"rotation": [0, 180, 0]
		}
	}
}