{
	"credit": "Made with Blockbench",
	"textures": {
		"6": "kello:item/decal/small_decwheel_1"
	},
	"elements": [
		{
			"from": [0, 4.5, 6.5],
			"to": [4, 12.5, 9.5],
			"rotation": {"angle": 0, "axis": "y", "origin": [8, 7.5, 8]},
			"faces": {
				"north": {"uv": [6.66667, 6, 8, 8.66667], "texture": "#6"},
				"south": {"uv": [8, 0, 9.33333, 2.66667], "texture": "#6"},
				"west": {"uv": [8, 5.33333, 9, 8], "texture": "#6"},
				"up": {"uv": [11.33333, 1, 10, 0], "texture": "#6"},
				"down": {"uv": [11.33333, 1, 10, 2], "texture": "#6"}
			}
		},
		{
			"from": [0, 4.5, 6.5],
			"to": [4, 12.5, 9.5],
			"rotation": {"angle": -45, "axis": "y", "origin": [8, 7.5, 8]},
			"faces": {
				"north": {"uv": [6.66667, 6, 8, 8.66667], "texture": "#6"},
				"south": {"uv": [8, 0, 9.33333, 2.66667], "texture": "#6"},
				"west": {"uv": [8, 5.33333, 9, 8], "texture": "#6"},
				"up": {"uv": [11.33333, 1, 10, 0], "texture": "#6"},
				"down": {"uv": [11.33333, 1, 10, 2], "texture": "#6"}
			}
		},
		{
			"from": [6.5, 4.5, 0],
			"to": [9.5, 12.5, 4],
			"rotation": {"angle": 0, "axis": "y", "origin": [8, 7.5, 8]},
			"faces": {
				"north": {"uv": [8, 5.33333, 9, 8], "texture": "#6"},
				"east": {"uv": [6.66667, 6, 8, 8.66667], "texture": "#6"},
				"west": {"uv": [8, 0, 9.33333, 2.66667], "texture": "#6"},
				"up": {"uv": [11.33333, 1, 10, 0], "rotation": 90, "texture": "#6"},
				"down": {"uv": [11.33333, 1, 10, 2], "rotation": 270, "texture": "#6"}
			}
		},
		{
			"from": [6.5, 4.5, 0],
			"to": [9.5, 12.5, 4],
			"rotation": {"angle": -45, "axis": "y", "origin": [8, 7.5, 8]},
			"faces": {
				"north": {"uv": [8, 5.33333, 9, 8], "texture": "#6"},
				"east": {"uv": [6.66667, 6, 8, 8.66667], "texture": "#6"},
				"west": {"uv": [8, 0, 9.33333, 2.66667], "texture": "#6"},
				"up": {"uv": [11.33333, 1, 10, 0], "rotation": 90, "texture": "#6"},
				"down": {"uv": [11.33333, 1, 10, 2], "rotation": 270, "texture": "#6"}
			}
		},
		{
			"from": [6.5, 4.5, 12],
			"to": [9.5, 12.5, 16],
			"rotation": {"angle": -45, "axis": "y", "origin": [8, 7.5, 8]},
			"faces": {
				"east": {"uv": [8, 0, 9.33333, 2.66667], "texture": "#6"},
				"south": {"uv": [8, 5.33333, 9, 8], "texture": "#6"},
				"west": {"uv": [6.66667, 6, 8, 8.66667], "texture": "#6"},
				"up": {"uv": [11.33333, 1, 10, 0], "rotation": 270, "texture": "#6"},
				"down": {"uv": [11.33333, 1, 10, 2], "rotation": 90, "texture": "#6"}
			}
		},
		{
			"from": [12, 4.5, 6.5],
			"to": [16, 12.5, 9.5],
			"rotation": {"angle": 0, "axis": "y", "origin": [8, 7.5, 8]},
			"faces": {
				"north": {"uv": [8, 0, 9.33333, 2.66667], "texture": "#6"},
				"east": {"uv": [8, 5.33333, 9, 8], "texture": "#6"},
				"south": {"uv": [6.66667, 6, 8, 8.66667], "texture": "#6"},
				"up": {"uv": [11.33333, 1, 10, 0], "rotation": 180, "texture": "#6"},
				"down": {"uv": [11.33333, 1, 10, 2], "rotation": 180, "texture": "#6"}
			}
		},
		{
			"from": [12, 4.5, 6.5],
			"to": [16, 12.5, 9.5],
			"rotation": {"angle": -45, "axis": "y", "origin": [8, 7.5, 8]},
			"faces": {
				"north": {"uv": [8, 0, 9.33333, 2.66667], "texture": "#6"},
				"east": {"uv": [8, 5.33333, 9, 8], "texture": "#6"},
				"south": {"uv": [6.66667, 6, 8, 8.66667], "texture": "#6"},
				"up": {"uv": [11.33333, 1, 10, 0], "rotation": 180, "texture": "#6"},
				"down": {"uv": [11.33333, 1, 10, 2], "rotation": 180, "texture": "#6"}
			}
		},
		{
			"from": [6.5, 4.5, 12],
			"to": [9.5, 12.5, 16],
			"rotation": {"angle": 0, "axis": "y", "origin": [8, 7.5, 8]},
			"faces": {
				"east": {"uv": [8, 0, 9.33333, 2.66667], "texture": "#6"},
				"south": {"uv": [8, 5.33333, 9, 8], "texture": "#6"},
				"west": {"uv": [6.66667, 6, 8, 8.66667], "texture": "#6"},
				"up": {"uv": [11.33333, 1, 10, 0], "rotation": 270, "texture": "#6"},
				"down": {"uv": [11.33333, 1, 10, 2], "rotation": 90, "texture": "#6"}
			}
		},
		{
			"from": [4, 4, 4],
			"to": [12, 13, 12],
			"rotation": {"angle": 0, "axis": "y", "origin": [8, 7.5, 8]},
			"faces": {
				"north": {"uv": [0, 3, 2.66667, 6], "texture": "#6"},
				"east": {"uv": [0, 3, 2.66667, 6], "texture": "#6"},
				"south": {"uv": [0, 3, 2.66667, 6], "texture": "#6"},
				"west": {"uv": [0, 3, 2.66667, 6], "texture": "#6"},
				"up": {"uv": [2.66667, 14, 0, 11.33333], "texture": "#6"},
				"down": {"uv": [2.66667, 14, 0, 11.33333], "texture": "#6"}
			}
		}
	],
	"display": {
		"head": {
			"rotation": [0, 180, 0]
		}
	}
}