{
	"credit": "Made with Blockbench",
	"textures": {
		"6": "kello:item/decal/small_decwheel_1"
	},
	"elements": [
		{
			"from": [6, 0.5, 6],
			"to": [10, 16.5, 10],
			"rotation": {"angle": 0, "axis": "y", "origin": [7, 8, 7]},
			"faces": {
				"north": {"uv": [5.33333, 0, 6.66667, 5.33333], "texture": "#6"},
				"east": {"uv": [5.33333, 5.33333, 6.66667, 10.66667], "texture": "#6"},
				"south": {"uv": [0, 6, 1.33333, 11.33333], "texture": "#6"},
				"west": {"uv": [1.33333, 6, 2.66667, 11.33333], "texture": "#6"},
				"up": {"uv": [10.33333, 7, 9, 5.66667], "texture": "#6"}
			}
		}
	],
	"display": {
		"head": {
			"rotation": [0, 180, 0]
		}
	}
}