{
	"credit": "Made with Blockbench",
	"textures": {
		"3": "kello:item/interactable/thrown/stellar",
		"4": "kello:item/interactable/thrown/large_cogwheel_unshade",
		"5": "kello:item/decal/banner_0_icon",
		"6": "kello:item/decal/banner_1_icon",
		"7": "kello:item/decal/dropshadow",
		"8": "kello:item/decal/melloleta_unshade",
		"particle": "kello:item/interactable/thrown/large_cogwheel_unshade"
	},
	"elements": [
		{
			"from": [-4.17394, 2.68796, 1.8103],
			"to": [2.57079, 19.54978, 1.8103],
			"rotation": {"angle": 0, "axis": "y", "origin": [-0.80157, 6.90341, 1.8103]},
			"faces": {
				"north": {"uv": [2.00203, 0, 0, 5.125], "texture": "#5", "tintindex": 0},
				"east": {"uv": [0, 0, 0, 5.125], "texture": "#5", "tintindex": 0},
				"south": {"uv": [0, 0, 2.00203, 5.125], "texture": "#5", "tintindex": 0},
				"west": {"uv": [0, 0, 0, 5.125], "texture": "#5", "tintindex": 0},
				"up": {"uv": [0, 2.05, 0, 0], "rotation": 90, "texture": "#5", "tintindex": 0},
				"down": {"uv": [0, 0, 0, 2.05], "rotation": 270, "texture": "#5", "tintindex": 0}
			}
		},
		{
			"from": [-2.86715, 18.15868, 0.33489],
			"to": [-2.86715, 20.68796, 3.28571],
			"rotation": {"angle": -45, "axis": "z", "origin": [-2.95146, 19.42332, 1.8103]},
			"faces": {
				"north": {"uv": [0, 0, 0.001, 0.001], "texture": "#5"},
				"east": {"uv": [8.38349, 0, 9.25938, 0.76875], "texture": "#5", "tintindex": 0},
				"south": {"uv": [0, 0, 0.001, 0.001], "texture": "#5"},
				"west": {"uv": [9.25938, 0, 8.38349, 0.76875], "texture": "#5", "tintindex": 0},
				"up": {"uv": [0, 2.05, 0, 0], "texture": "#5", "tintindex": 0},
				"down": {"uv": [0, 0, 0, 2.05], "texture": "#5", "tintindex": 0}
			}
		},
		{
			"from": [-7.5463, 10.69732, 1.38876],
			"to": [3.45779, 11.54042, 2.23185],
			"rotation": {"angle": -45, "axis": "z", "origin": [4.67852, 11.11887, 1.8103]},
			"faces": {
				"north": {"uv": [8.38349, 0.25625, 4.00405, 0], "texture": "#5"},
				"east": {"uv": [4.50456, 0.5125, 4.75481, 0.76875], "texture": "#5"},
				"south": {"uv": [4.00405, 0, 8.38349, 0.25625], "texture": "#5"},
				"west": {"uv": [4.50456, 0.76875, 4.75481, 1.025], "texture": "#5"},
				"up": {"uv": [8.38349, 0.25625, 4.00405, 0], "rotation": 180, "texture": "#5"},
				"down": {"uv": [4.00405, 0, 8.38349, 0.25625], "texture": "#5"}
			}
		},
		{
			"from": [13.42921, 2.68796, 1.8103],
			"to": [20.17394, 19.54978, 1.8103],
			"rotation": {"angle": 0, "axis": "y", "origin": [16.80157, 6.90341, 1.8103]},
			"faces": {
				"north": {"uv": [0, 0, 2.00203, 5.125], "texture": "#6", "tintindex": 0},
				"east": {"uv": [0, 0, 0, 5.125], "texture": "#6", "tintindex": 0},
				"south": {"uv": [2.00203, 0, 0, 5.125], "texture": "#6", "tintindex": 0},
				"west": {"uv": [0, 0, 0, 5.125], "texture": "#6", "tintindex": 0},
				"up": {"uv": [0, 0, 0, 2.05], "rotation": 90, "texture": "#6", "tintindex": 0},
				"down": {"uv": [0, 2.05, 0, 0], "rotation": 270, "texture": "#6", "tintindex": 0}
			}
		},
		{
			"from": [12.54221, 10.69732, 1.38876],
			"to": [23.5463, 11.54042, 2.23185],
			"rotation": {"angle": 45, "axis": "z", "origin": [11.32148, 11.11887, 1.8103]},
			"faces": {
				"north": {"uv": [4.00405, 0.25625, 8.38349, 0], "texture": "#6"},
				"east": {"uv": [4.75481, 0.76875, 4.50456, 1.025], "texture": "#6"},
				"south": {"uv": [8.38349, 0, 4.00405, 0.25625], "texture": "#6"},
				"west": {"uv": [4.75481, 0.5125, 4.50456, 0.76875], "texture": "#6"},
				"up": {"uv": [4.00405, 0.25625, 8.38349, 0], "rotation": 180, "texture": "#6"},
				"down": {"uv": [8.38349, 0, 4.00405, 0.25625], "texture": "#6"}
			}
		},
		{
			"from": [18.86715, 18.15868, 0.33489],
			"to": [18.86715, 20.68796, 3.28571],
			"rotation": {"angle": 45, "axis": "z", "origin": [18.95146, 19.42332, 1.8103]},
			"faces": {
				"north": {"uv": [0, 0, 0.001, 0.001], "texture": "#6"},
				"east": {"uv": [8.38349, 0, 9.25938, 0.76875], "texture": "#6", "tintindex": 0},
				"south": {"uv": [0, 0, 0.001, 0.001], "texture": "#6"},
				"west": {"uv": [9.25938, 0, 8.38349, 0.76875], "texture": "#6", "tintindex": 0},
				"up": {"uv": [0, 2.05, 0, 0], "texture": "#6", "tintindex": 0},
				"down": {"uv": [0, 0, 0, 2.05], "texture": "#6", "tintindex": 0}
			}
		},
		{
			"from": [-11, -16, -2],
			"to": [27, 23, -2],
			"rotation": {"angle": 0, "axis": "y", "origin": [7, 7, 7]},
			"faces": {
				"north": {"uv": [0, 0, 16, 16], "texture": "#7"},
				"east": {"uv": [0, 0, 0.25, 3.75], "texture": "#missing"},
				"south": {"uv": [0, 0, 16, 16], "texture": "#7"},
				"west": {"uv": [0, 0, 0.25, 3.75], "texture": "#missing"},
				"up": {"uv": [0, 0, 3.75, 0.25], "texture": "#missing"},
				"down": {"uv": [0, 0, 3.75, 0.25], "texture": "#missing"}
			}
		},
		{
			"from": [-3.2541, 1.9918, 11.38115],
			"to": [-3.2541, 5.68033, 17.52869],
			"rotation": {"angle": -45, "axis": "y", "origin": [-3.13115, 0.02459, 21.83197]},
			"faces": {
				"north": {"uv": [0, 0.0875, 0, 0.0875], "texture": "#8"},
				"east": {"uv": [5.03676, 2.0375, 8.5625, 3.9875], "texture": "#8", "tintindex": 0},
				"south": {"uv": [0, 0.0875, 0, 0.0875], "texture": "#8"},
				"west": {"uv": [8.5625, 2.0375, 5.03676, 3.9875], "texture": "#8", "tintindex": 0},
				"up": {"uv": [0, 0.0875, 0, 0.0875], "texture": "#8"},
				"down": {"uv": [0, 0.0875, 0, 0.0875], "texture": "#8"}
			}
		},
		{
			"from": [-6.32787, 1.9918, 14.45492],
			"to": [-0.18033, 5.68033, 14.45492],
			"rotation": {"angle": -45, "axis": "y", "origin": [-3.13115, 0.02459, 21.83197]},
			"faces": {
				"north": {"uv": [8.5625, 2.0375, 5.03676, 3.9875], "texture": "#8", "tintindex": 0},
				"east": {"uv": [0, 0.0875, 0, 1.55], "texture": "#8", "tintindex": 0},
				"south": {"uv": [5.03676, 0, 8.5625, 1.95], "texture": "#8", "tintindex": 0},
				"west": {"uv": [0, 0.0875, 0, 1.55], "texture": "#8", "tintindex": 0},
				"up": {"uv": [2.51838, 0.0875, 0, 0.0875], "texture": "#8", "tintindex": 0},
				"down": {"uv": [2.51838, 0.0875, 0, 0.0875], "texture": "#8", "tintindex": 0}
			}
		},
		{
			"from": [2.03279, 1.2541, 14.08607],
			"to": [6.95082, 1.2541, 19.0041],
			"rotation": {"angle": 22.5, "axis": "z", "origin": [2.03279, 1.2541, 16.54508]},
			"faces": {
				"north": {"uv": [0, 0, 0.001, 0.001], "texture": "#8"},
				"east": {"uv": [0, 0, 0.001, 0.001], "texture": "#8"},
				"south": {"uv": [0, 0, 0.001, 0.001], "texture": "#8"},
				"west": {"uv": [0, 0, 0.001, 0.001], "texture": "#8"},
				"up": {"uv": [2.01471, 1.95, 0, 0], "texture": "#8", "tintindex": 0},
				"down": {"uv": [2.01471, 0, 0, 1.95], "texture": "#8", "tintindex": 0}
			}
		},
		{
			"from": [-0.42623, 1.2541, 16.54508],
			"to": [4.4918, 1.2541, 21.46311],
			"rotation": {"angle": -22.5, "axis": "x", "origin": [2.03279, 1.2541, 16.54508]},
			"faces": {
				"north": {"uv": [0, 0, 0.001, 0.001], "texture": "#8"},
				"east": {"uv": [0, 0, 0.001, 0.001], "texture": "#8"},
				"south": {"uv": [0, 0, 0.001, 0.001], "texture": "#8"},
				"west": {"uv": [0, 0, 0.001, 0.001], "texture": "#8"},
				"up": {"uv": [0, 0, 2.01471, 1.95], "rotation": 270, "texture": "#8", "tintindex": 0},
				"down": {"uv": [2.01471, 0, 0, 1.95], "rotation": 270, "texture": "#8", "tintindex": 0}
			}
		},
		{
			"from": [-2.88525, 1.2541, 14.08607],
			"to": [2.03279, 1.2541, 19.0041],
			"rotation": {"angle": -22.5, "axis": "z", "origin": [2.03279, 1.2541, 16.54508]},
			"faces": {
				"north": {"uv": [0, 0, 0.001, 0.001], "texture": "#8"},
				"east": {"uv": [0, 0, 0.001, 0.001], "texture": "#8"},
				"south": {"uv": [0, 0, 0.001, 0.001], "texture": "#8"},
				"west": {"uv": [0, 0, 0.001, 0.001], "texture": "#8"},
				"up": {"uv": [0, 0, 2.01471, 1.95], "texture": "#8", "tintindex": 0},
				"down": {"uv": [0, 1.95, 2.01471, 0], "texture": "#8", "tintindex": 0}
			}
		},
		{
			"from": [-3.7459, -4.85246, 14.45492],
			"to": [-2.51639, 2.48361, 14.45492],
			"rotation": {"angle": -45, "axis": "y", "origin": [-3.13115, 2.02459, 21.83197]},
			"faces": {
				"north": {"uv": [4.53309, 7.225, 5.03676, 10.125], "texture": "#8", "tintindex": 0},
				"east": {"uv": [0, 1.375, 0, 2.375], "texture": "#8"},
				"south": {"uv": [4.53309, 7.225, 5.03676, 10.125], "texture": "#8", "tintindex": 0},
				"west": {"uv": [0, 1.375, 0, 2.375], "texture": "#8"},
				"up": {"uv": [0, 1.875, 0, 2.875], "texture": "#8"},
				"down": {"uv": [0, 1.875, 0, 2.875], "texture": "#8"}
			}
		},
		{
			"from": [12.7459, 0.4918, 8.88115],
			"to": [12.7459, 4.18033, 15.02869],
			"rotation": {"angle": -45, "axis": "y", "origin": [12.86885, -1.47541, 19.33197]},
			"faces": {
				"north": {"uv": [0, 0.0875, 0, 0.0875], "texture": "#8"},
				"east": {"uv": [5.03676, 2.0375, 8.5625, 3.9875], "texture": "#8", "tintindex": 0},
				"south": {"uv": [0, 0.0875, 0, 0.0875], "texture": "#8"},
				"west": {"uv": [8.5625, 2.0375, 5.03676, 3.9875], "texture": "#8", "tintindex": 0},
				"up": {"uv": [0, 0.0875, 0, 0.0875], "texture": "#8"},
				"down": {"uv": [0, 0.0875, 0, 0.0875], "texture": "#8"}
			}
		},
		{
			"from": [9.67213, 0.4918, 11.95492],
			"to": [15.81967, 4.18033, 11.95492],
			"rotation": {"angle": -45, "axis": "y", "origin": [12.86885, -1.47541, 19.33197]},
			"faces": {
				"north": {"uv": [8.5625, 2.0375, 5.03676, 3.9875], "texture": "#8", "tintindex": 0},
				"east": {"uv": [0, 0.0875, 0, 1.55], "texture": "#8", "tintindex": 0},
				"south": {"uv": [5.03676, 2.0375, 8.5625, 3.9875], "texture": "#8", "tintindex": 0},
				"west": {"uv": [0, 0.0875, 0, 1.55], "texture": "#8", "tintindex": 0},
				"up": {"uv": [2.51838, 0.0875, 0, 0.0875], "texture": "#8", "tintindex": 0},
				"down": {"uv": [2.51838, 0.0875, 0, 0.0875], "texture": "#8", "tintindex": 0}
			}
		},
		{
			"from": [18.03279, -0.2459, 11.58607],
			"to": [22.95082, -0.2459, 16.5041],
			"rotation": {"angle": 22.5, "axis": "z", "origin": [18.03279, -0.2459, 14.04508]},
			"faces": {
				"north": {"uv": [0, 0, 0.001, 0.001], "texture": "#8"},
				"east": {"uv": [0, 0, 0.001, 0.001], "texture": "#8"},
				"south": {"uv": [0, 0, 0.001, 0.001], "texture": "#8"},
				"west": {"uv": [0, 0, 0.001, 0.001], "texture": "#8"},
				"up": {"uv": [2.01471, 1.95, 0, 0], "texture": "#8", "tintindex": 0},
				"down": {"uv": [2.01471, 0, 0, 1.95], "texture": "#8", "tintindex": 0}
			}
		},
		{
			"from": [13.11475, -0.2459, 11.58607],
			"to": [18.03279, -0.2459, 16.5041],
			"rotation": {"angle": -22.5, "axis": "z", "origin": [18.03279, -0.2459, 14.04508]},
			"faces": {
				"north": {"uv": [0, 0, 0.001, 0.001], "texture": "#8"},
				"east": {"uv": [0, 0, 0.001, 0.001], "texture": "#8"},
				"south": {"uv": [0, 0, 0.001, 0.001], "texture": "#8"},
				"west": {"uv": [0, 0, 0.001, 0.001], "texture": "#8"},
				"up": {"uv": [0, 0, 2.01471, 1.95], "texture": "#8", "tintindex": 0},
				"down": {"uv": [0, 1.95, 2.01471, 0], "texture": "#8", "tintindex": 0}
			}
		},
		{
			"from": [15.57377, -0.2459, 14.04508],
			"to": [20.4918, -0.2459, 18.96311],
			"rotation": {"angle": -22.5, "axis": "x", "origin": [18.03279, -0.2459, 14.04508]},
			"faces": {
				"north": {"uv": [0, 0, 0.001, 0.001], "texture": "#8"},
				"east": {"uv": [0, 0, 0.001, 0.001], "texture": "#8"},
				"south": {"uv": [0, 0, 0.001, 0.001], "texture": "#8"},
				"west": {"uv": [0, 0, 0.001, 0.001], "texture": "#8"},
				"up": {"uv": [0, 0, 2.01471, 1.95], "rotation": 270, "texture": "#8", "tintindex": 0},
				"down": {"uv": [2.01471, 0, 0, 1.95], "rotation": 270, "texture": "#8", "tintindex": 0}
			}
		},
		{
			"from": [12.86885, -5.10246, 11.34016],
			"to": [12.86885, 0.98361, 12.56967],
			"rotation": {"angle": -45, "axis": "y", "origin": [12.86885, -1.47541, 19.33197]},
			"faces": {
				"north": {"uv": [0, 0, 0, 4.9], "texture": "#8", "tintindex": 0},
				"east": {"uv": [4.53309, 5.85, 5.03676, 10.75], "texture": "#8", "tintindex": 0},
				"south": {"uv": [0, 0, 0, 4.9], "texture": "#8", "tintindex": 0},
				"west": {"uv": [4.53309, 5.85, 5.03676, 10.75], "texture": "#8", "tintindex": 0},
				"up": {"uv": [0, 1.875, 0, 2.875], "texture": "#8", "tintindex": 0},
				"down": {"uv": [0, 1.875, 0, 2.875], "texture": "#8", "tintindex": 0}
			}
		},
		{
			"from": [-1.63115, -4.05246, 16.34016],
			"to": [-1.63115, 0.03361, 17.56967],
			"rotation": {"angle": -45, "axis": "y", "origin": [-1.63115, -1.22541, 24.33197]},
			"faces": {
				"north": {"uv": [0, 0, 0, 2.9], "texture": "#8", "tintindex": 0},
				"east": {"uv": [4.53309, 5.85, 4.97426, 8.75], "texture": "#8", "tintindex": 0},
				"south": {"uv": [0, 0, 0, 2.9], "texture": "#8", "tintindex": 0},
				"west": {"uv": [4.53309, 5.85, 4.97426, 8.75], "texture": "#8", "tintindex": 0},
				"up": {"uv": [0, 1.875, 0, 2.875], "texture": "#8", "tintindex": 0},
				"down": {"uv": [0, 1.875, 0, 2.875], "texture": "#8", "tintindex": 0}
			}
		},
		{
			"from": [-1.38525, 0.0041, 16.58607],
			"to": [3.53279, 0.0041, 21.5041],
			"rotation": {"angle": 22.5, "axis": "z", "origin": [3.53279, 0.0041, 19.04508]},
			"faces": {
				"north": {"uv": [0, 0, 0.001, 0.001], "texture": "#8"},
				"east": {"uv": [0, 0, 0.001, 0.001], "texture": "#8"},
				"south": {"uv": [0, 0, 0.001, 0.001], "texture": "#8"},
				"west": {"uv": [0, 0, 0.001, 0.001], "texture": "#8"},
				"up": {"uv": [0, 0, 2.01471, 1.95], "texture": "#8", "tintindex": 0},
				"down": {"uv": [0, 1.95, 2.01471, 0], "texture": "#8", "tintindex": 0}
			}
		},
		{
			"from": [1.07377, 0.0041, 19.04508],
			"to": [5.9918, 0.0041, 23.96311],
			"rotation": {"angle": 22.5, "axis": "x", "origin": [3.53279, 0.0041, 19.04508]},
			"faces": {
				"north": {"uv": [0, 0, 0.001, 0.001], "texture": "#8"},
				"east": {"uv": [0, 0, 0.001, 0.001], "texture": "#8"},
				"south": {"uv": [0, 0, 0.001, 0.001], "texture": "#8"},
				"west": {"uv": [0, 0, 0.001, 0.001], "texture": "#8"},
				"up": {"uv": [0, 0, 2.01471, 1.95], "rotation": 270, "texture": "#8", "tintindex": 0},
				"down": {"uv": [2.01471, 0, 0, 1.95], "rotation": 270, "texture": "#8", "tintindex": 0}
			}
		},
		{
			"from": [3.53279, 0.0041, 16.58607],
			"to": [8.45082, 0.0041, 21.5041],
			"rotation": {"angle": -22.5, "axis": "z", "origin": [3.53279, 0.0041, 19.04508]},
			"faces": {
				"north": {"uv": [0, 0, 0.001, 0.001], "texture": "#8"},
				"east": {"uv": [0, 0, 0.001, 0.001], "texture": "#8"},
				"south": {"uv": [0, 0, 0.001, 0.001], "texture": "#8"},
				"west": {"uv": [0, 0, 0.001, 0.001], "texture": "#8"},
				"up": {"uv": [2.01471, 1.95, 0, 0], "texture": "#8", "tintindex": 0},
				"down": {"uv": [2.01471, 0, 0, 1.95], "texture": "#8", "tintindex": 0}
			}
		},
		{
			"from": [-1.7541, -0.4582, 13.88115],
			"to": [-1.7541, 3.23033, 20.02869],
			"rotation": {"angle": -45, "axis": "y", "origin": [-1.63115, -1.22541, 24.33197]},
			"faces": {
				"north": {"uv": [0, 0.0875, 0, 0.0875], "texture": "#8"},
				"east": {"uv": [5.03676, 2.0375, 8.5625, 3.9875], "texture": "#8", "tintindex": 0},
				"south": {"uv": [0, 0.0875, 0, 0.0875], "texture": "#8"},
				"west": {"uv": [8.5625, 2.0375, 5.03676, 3.9875], "texture": "#8", "tintindex": 0},
				"up": {"uv": [0, 0.0875, 0, 0.0875], "texture": "#8"},
				"down": {"uv": [0, 0.0875, 0, 0.0875], "texture": "#8"}
			}
		},
		{
			"from": [9.4959, 3.2418, 12.63115],
			"to": [9.4959, 6.93033, 18.77869],
			"rotation": {"angle": -45, "axis": "y", "origin": [9.61885, 1.27459, 23.08197]},
			"faces": {
				"north": {"uv": [0, 0.0875, 0, 0.0875], "texture": "#8"},
				"east": {"uv": [5.03676, 2.0375, 8.5625, 3.9875], "texture": "#8", "tintindex": 0},
				"south": {"uv": [0, 0.0875, 0, 0.0875], "texture": "#8"},
				"west": {"uv": [8.5625, 2.0375, 5.03676, 3.9875], "texture": "#8", "tintindex": 0},
				"up": {"uv": [0, 0.0875, 0, 0.0875], "texture": "#8"},
				"down": {"uv": [0, 0.0875, 0, 0.0875], "texture": "#8"}
			}
		},
		{
			"from": [6.42213, 3.2418, 15.70492],
			"to": [12.56967, 6.93033, 15.70492],
			"rotation": {"angle": -45, "axis": "y", "origin": [9.61885, 1.27459, 23.08197]},
			"faces": {
				"north": {"uv": [8.5625, 2.0375, 5.03676, 3.9875], "texture": "#8", "tintindex": 0},
				"east": {"uv": [0, 0.0875, 0, 1.55], "texture": "#8", "tintindex": 0},
				"south": {"uv": [5.03676, 0.0375, 8.5625, 1.9875], "texture": "#8", "tintindex": 0},
				"west": {"uv": [0, 0.0875, 0, 1.55], "texture": "#8", "tintindex": 0},
				"up": {"uv": [2.51838, 0.0875, 0, 0.0875], "texture": "#8", "tintindex": 0},
				"down": {"uv": [2.51838, 0.0875, 0, 0.0875], "texture": "#8", "tintindex": 0}
			}
		},
		{
			"from": [14.78279, 2.5041, 15.33607],
			"to": [19.70082, 2.5041, 20.2541],
			"rotation": {"angle": 22.5, "axis": "z", "origin": [14.78279, 2.5041, 17.79508]},
			"faces": {
				"north": {"uv": [0, 2, 0, 2], "texture": "#8"},
				"east": {"uv": [0, 2, 0, 2], "texture": "#8"},
				"south": {"uv": [0, 2, 0, 2], "texture": "#8"},
				"west": {"uv": [0, 2, 0, 2], "texture": "#8"},
				"up": {"uv": [2.01471, 3.95, 0, 2], "texture": "#8", "tintindex": 0},
				"down": {"uv": [2.01471, 2, 0, 3.95], "texture": "#8", "tintindex": 0}
			}
		},
		{
			"from": [12.32377, 2.5041, 17.79508],
			"to": [17.2418, 2.5041, 22.71311],
			"rotation": {"angle": -22.5, "axis": "x", "origin": [14.78279, 2.5041, 17.79508]},
			"faces": {
				"north": {"uv": [0, 2, 0, 2], "texture": "#8"},
				"east": {"uv": [0, 2, 0, 2], "texture": "#8"},
				"south": {"uv": [0, 2, 0, 2], "texture": "#8"},
				"west": {"uv": [0, 2, 0, 2], "texture": "#8"},
				"up": {"uv": [0, 2, 2.01471, 3.95], "rotation": 270, "texture": "#8", "tintindex": 0},
				"down": {"uv": [2.01471, 2, 0, 3.95], "rotation": 270, "texture": "#8", "tintindex": 0}
			}
		},
		{
			"from": [9.86475, 2.5041, 15.33607],
			"to": [14.78279, 2.5041, 20.2541],
			"rotation": {"angle": -22.5, "axis": "z", "origin": [14.78279, 2.5041, 17.79508]},
			"faces": {
				"north": {"uv": [0, 2, 0, 2], "texture": "#8"},
				"east": {"uv": [0, 2, 0, 2], "texture": "#8"},
				"south": {"uv": [0, 2, 0, 2], "texture": "#8"},
				"west": {"uv": [0, 2, 0, 2], "texture": "#8"},
				"up": {"uv": [0, 2, 2.01471, 3.95], "texture": "#8", "tintindex": 0},
				"down": {"uv": [0, 3.95, 2.01471, 2], "texture": "#8", "tintindex": 0}
			}
		},
		{
			"from": [9.0041, -3.85246, 15.70492],
			"to": [10.23361, 3.73361, 15.70492],
			"rotation": {"angle": -45, "axis": "y", "origin": [9.61885, 3.27459, 23.08197]},
			"faces": {
				"north": {"uv": [4.53309, 8.75, 5.03676, 5.85], "texture": "#8", "tintindex": 0},
				"east": {"uv": [0, 1, 0, 0], "texture": "#8"},
				"south": {"uv": [4.53309, 8.75, 5.03676, 5.85], "texture": "#8", "tintindex": 0},
				"west": {"uv": [0, 1, 0, 0], "texture": "#8"},
				"up": {"uv": [0, 1.875, 0, 2.875], "texture": "#8"},
				"down": {"uv": [0, 1.875, 0, 2.875], "texture": "#8"}
			}
		},
		{
			"from": [-6.7459, -4.85246, 10.70492],
			"to": [-5.51639, -0.76639, 10.70492],
			"rotation": {"angle": -45, "axis": "y", "origin": [-6.13115, -3.22541, 18.08197]},
			"faces": {
				"north": {"uv": [4.53309, 7.75, 4.96176, 6.35], "texture": "#8", "tintindex": 0},
				"east": {"uv": [0, 0, 0.425, 0.5], "texture": "#8"},
				"south": {"uv": [4.53309, 7.75, 4.96176, 6.35], "texture": "#8", "tintindex": 0},
				"west": {"uv": [0, 0, 0.425, 0.5], "texture": "#8"},
				"up": {"uv": [0, 1.875, 0, 2.875], "texture": "#8"},
				"down": {"uv": [0, 1.875, 0, 2.875], "texture": "#8"}
			}
		},
		{
			"from": [-5.88525, -1.9959, 10.33607],
			"to": [-0.96721, -1.9959, 15.2541],
			"rotation": {"angle": -45, "axis": "z", "origin": [-0.96721, -1.9959, 12.79508]},
			"faces": {
				"north": {"uv": [0, 2, 0, 2], "texture": "#8"},
				"east": {"uv": [0, 2, 0, 2], "texture": "#8"},
				"south": {"uv": [0, 2, 0, 2], "texture": "#8"},
				"west": {"uv": [0, 2, 0, 2], "texture": "#8"},
				"up": {"uv": [0, 2, 2.01471, 3.95], "texture": "#8", "tintindex": 0},
				"down": {"uv": [0, 3.95, 2.01471, 2], "texture": "#8", "tintindex": 0}
			}
		},
		{
			"from": [-3.42623, -1.9959, 12.79508],
			"to": [1.4918, -1.9959, 17.71311],
			"rotation": {"angle": -45, "axis": "x", "origin": [-0.96721, -1.9959, 12.79508]},
			"faces": {
				"north": {"uv": [0, 2, 0, 2], "texture": "#8"},
				"east": {"uv": [0, 2, 0, 2], "texture": "#8"},
				"south": {"uv": [0, 2, 0, 2], "texture": "#8"},
				"west": {"uv": [0, 2, 0, 2], "texture": "#8"},
				"up": {"uv": [0, 2, 2.01471, 3.95], "rotation": 270, "texture": "#8", "tintindex": 0},
				"down": {"uv": [2.01471, 2, 0, 3.95], "rotation": 270, "texture": "#8", "tintindex": 0}
			}
		},
		{
			"from": [-0.96721, -1.9959, 10.33607],
			"to": [3.95082, -1.9959, 15.2541],
			"rotation": {"angle": 45, "axis": "z", "origin": [-0.96721, -1.9959, 14.04508]},
			"faces": {
				"north": {"uv": [0, 2, 0, 2], "texture": "#8"},
				"east": {"uv": [0, 2, 0, 2], "texture": "#8"},
				"south": {"uv": [0, 2, 0, 2], "texture": "#8"},
				"west": {"uv": [0, 2, 0, 2], "texture": "#8"},
				"up": {"uv": [2.01471, 3.95, 0, 2], "texture": "#8", "tintindex": 0},
				"down": {"uv": [2.01471, 2, 0, 3.95], "texture": "#8", "tintindex": 0}
			}
		},
		{
			"from": [3.4959, 0.2418, 8.88115],
			"to": [3.4959, 3.93033, 15.02869],
			"rotation": {"angle": -45, "axis": "y", "origin": [3.61885, -0.72541, 19.33197]},
			"faces": {
				"north": {"uv": [0, 0.0875, 0, 0.0875], "texture": "#8"},
				"east": {"uv": [5.03676, 0, 8.5625, 1.95], "texture": "#8", "tintindex": 0},
				"south": {"uv": [0, 0.0875, 0, 0.0875], "texture": "#8"},
				"west": {"uv": [8.5625, 2.0375, 5.03676, 3.9875], "texture": "#8", "tintindex": 0},
				"up": {"uv": [0, 0.0875, 0, 0.0875], "texture": "#8"},
				"down": {"uv": [0, 0.0875, 0, 0.0875], "texture": "#8"}
			}
		},
		{
			"from": [0.42213, 0.2418, 11.95492],
			"to": [6.56967, 3.93033, 11.95492],
			"rotation": {"angle": -45, "axis": "y", "origin": [3.61885, -0.72541, 19.33197]},
			"faces": {
				"north": {"uv": [8.5625, 2.0375, 5.03676, 3.9875], "texture": "#8", "tintindex": 0},
				"east": {"uv": [0, 0.0875, 0, 1.55], "texture": "#8", "tintindex": 0},
				"south": {"uv": [5.03676, 2.0375, 8.5625, 3.9875], "texture": "#8", "tintindex": 0},
				"west": {"uv": [0, 0.0875, 0, 1.55], "texture": "#8", "tintindex": 0},
				"up": {"uv": [2.51838, 0.0875, 0, 0.0875], "texture": "#8", "tintindex": 0},
				"down": {"uv": [2.51838, 0.0875, 0, 0.0875], "texture": "#8", "tintindex": 0}
			}
		},
		{
			"from": [8.78279, 0.5041, 11.58607],
			"to": [13.70082, 0.5041, 16.5041],
			"rotation": {"angle": -22.5, "axis": "z", "origin": [8.78279, 0.5041, 15.29508]},
			"faces": {
				"north": {"uv": [0, 2, 0, 2], "texture": "#8"},
				"east": {"uv": [0, 2, 0, 2], "texture": "#8"},
				"south": {"uv": [0, 2, 0, 2], "texture": "#8"},
				"west": {"uv": [0, 2, 0, 2], "texture": "#8"},
				"up": {"uv": [2.01471, 3.95, 0, 2], "texture": "#8", "tintindex": 0},
				"down": {"uv": [2.01471, 2, 0, 3.95], "texture": "#8", "tintindex": 0}
			}
		},
		{
			"from": [6.32377, 0.5041, 14.04508],
			"to": [11.2418, 0.5041, 18.96311],
			"rotation": {"angle": 22.5, "axis": "x", "origin": [8.78279, 0.5041, 14.04508]},
			"faces": {
				"north": {"uv": [0, 2, 0, 2], "texture": "#8"},
				"east": {"uv": [0, 2, 0, 2], "texture": "#8"},
				"south": {"uv": [0, 2, 0, 2], "texture": "#8"},
				"west": {"uv": [0, 2, 0, 2], "texture": "#8"},
				"up": {"uv": [0, 2, 2.01471, 3.95], "rotation": 270, "texture": "#8", "tintindex": 0},
				"down": {"uv": [2.01471, 2, 0, 3.95], "rotation": 270, "texture": "#8", "tintindex": 0}
			}
		},
		{
			"from": [3.86475, 0.5041, 11.58607],
			"to": [8.78279, 0.5041, 16.5041],
			"rotation": {"angle": 22.5, "axis": "z", "origin": [8.78279, 0.5041, 14.04508]},
			"faces": {
				"north": {"uv": [0, 2, 0, 2], "texture": "#8"},
				"east": {"uv": [0, 2, 0, 2], "texture": "#8"},
				"south": {"uv": [0, 2, 0, 2], "texture": "#8"},
				"west": {"uv": [0, 2, 0, 2], "texture": "#8"},
				"up": {"uv": [0, 2, 2.01471, 3.95], "texture": "#8", "tintindex": 0},
				"down": {"uv": [0, 3.95, 2.01471, 2], "texture": "#8", "tintindex": 0}
			}
		},
		{
			"from": [3.0041, -5.85246, 11.95492],
			"to": [4.23361, 0.73361, 11.95492],
			"rotation": {"angle": -45, "axis": "y", "origin": [3.61885, -0.72541, 19.33197]},
			"faces": {
				"north": {"uv": [4.53309, 8.75, 4.96176, 5.85], "texture": "#8", "tintindex": 0},
				"east": {"uv": [0, 1, 0, 0], "texture": "#8"},
				"south": {"uv": [4.53309, 8.75, 4.96176, 5.85], "texture": "#8", "tintindex": 0},
				"west": {"uv": [0, 1, 0, 0], "texture": "#8"},
				"up": {"uv": [0, 1.875, 0, 2.875], "texture": "#8"},
				"down": {"uv": [0, 1.875, 0, 2.875], "texture": "#8"}
			}
		},
		{
			"from": [12.28279, -1.9959, 18.08607],
			"to": [17.20082, -1.9959, 23.0041],
			"rotation": {"angle": 45, "axis": "z", "origin": [12.28279, -1.9959, 21.79508]},
			"faces": {
				"north": {"uv": [0, 0, 0.001, 0.001], "texture": "#8"},
				"east": {"uv": [0, 0, 0.001, 0.001], "texture": "#8"},
				"south": {"uv": [0, 0, 0.001, 0.001], "texture": "#8"},
				"west": {"uv": [0, 0, 0.001, 0.001], "texture": "#8"},
				"up": {"uv": [2.01471, 1.95, 0, 0], "texture": "#8", "tintindex": 0},
				"down": {"uv": [2.01471, 0, 0, 1.95], "texture": "#8", "tintindex": 0}
			}
		},
		{
			"from": [9.82377, -1.9959, 20.54508],
			"to": [14.7418, -1.9959, 25.46311],
			"rotation": {"angle": -45, "axis": "x", "origin": [12.28279, -1.9959, 20.54508]},
			"faces": {
				"north": {"uv": [0, 0, 0.001, 0.001], "texture": "#8"},
				"east": {"uv": [0, 0, 0.001, 0.001], "texture": "#8"},
				"south": {"uv": [0, 0, 0.001, 0.001], "texture": "#8"},
				"west": {"uv": [0, 0, 0.001, 0.001], "texture": "#8"},
				"up": {"uv": [0, 0, 2.01471, 1.95], "rotation": 270, "texture": "#8", "tintindex": 0},
				"down": {"uv": [2.01471, 0, 0, 1.95], "rotation": 270, "texture": "#8", "tintindex": 0}
			}
		},
		{
			"from": [7.36475, -1.9959, 18.08607],
			"to": [12.28279, -1.9959, 23.0041],
			"rotation": {"angle": -45, "axis": "z", "origin": [12.28279, -1.9959, 20.54508]},
			"faces": {
				"north": {"uv": [0, 0, 0.001, 0.001], "texture": "#8"},
				"east": {"uv": [0, 0, 0.001, 0.001], "texture": "#8"},
				"south": {"uv": [0, 0, 0.001, 0.001], "texture": "#8"},
				"west": {"uv": [0, 0, 0.001, 0.001], "texture": "#8"},
				"up": {"uv": [0, 0, 2.01471, 1.95], "texture": "#8", "tintindex": 0},
				"down": {"uv": [0, 1.95, 2.01471, 0], "texture": "#8", "tintindex": 0}
			}
		},
		{
			"from": [7.11885, -3.85246, 17.84016],
			"to": [7.11885, -0.76639, 19.06967],
			"rotation": {"angle": -45, "axis": "y", "origin": [7.11885, -3.22541, 25.83197]},
			"faces": {
				"north": {"uv": [0, 0.4125, 0, 2.775], "texture": "#8", "tintindex": 0},
				"east": {"uv": [4.53309, 6.2625, 4.99926, 8.625], "texture": "#8", "tintindex": 0},
				"south": {"uv": [0, 0.4125, 0, 2.775], "texture": "#8", "tintindex": 0},
				"west": {"uv": [4.53309, 6.2625, 4.99926, 8.625], "texture": "#8", "tintindex": 0},
				"up": {"uv": [0, 1.875, 0, 2.875], "texture": "#8", "tintindex": 0},
				"down": {"uv": [0, 1.875, 0, 2.875], "texture": "#8", "tintindex": 0}
			}
		},
		{
			"from": [2.02014, 1.99713, 7.05866],
			"to": [13.97986, 13.95685, 8.94624],
			"rotation": {"angle": 0, "axis": "x", "origin": [8, 7.97699, 8.00245]},
			"faces": {
				"east": {"uv": [7.33333, 4, 14.66667, 4.33333], "rotation": 270, "texture": "#4"},
				"south": {"uv": [7.33333, 7.33333, 0, 0], "texture": "#4"},
				"west": {"uv": [7.33333, 4, 14.66667, 4.33333], "rotation": 90, "texture": "#4"},
				"up": {"uv": [7.33333, 4, 14.66667, 4.33333], "rotation": 180, "texture": "#4"},
				"down": {"uv": [7.33333, 4, 14.66667, 4.33333], "texture": "#4"}
			}
		},
		{
			"name": "stellar",
			"from": [5.8255, 10.15149, 6.51504],
			"to": [10.1745, 12.32599, 9.48987],
			"rotation": {"angle": 0, "axis": "x", "origin": [8, 7.97699, 8.00245]},
			"faces": {
				"south": {"uv": [2.5, 2.625, 1.5, 3.125], "texture": "#3"},
				"down": {"uv": [2.5, 3.25, 1.5, 2.625], "texture": "#3"}
			}
		},
		{
			"name": "stellar",
			"from": [5.8255, 3.62799, 6.51504],
			"to": [10.1745, 5.80249, 9.48987],
			"rotation": {"angle": 0, "axis": "x", "origin": [8, 7.97699, 8.00245]},
			"faces": {
				"south": {"uv": [2.5, 1.625, 1.5, 1.125], "texture": "#3"},
				"up": {"uv": [1.5, 1.125, 2.5, 1.625], "rotation": 180, "texture": "#3"}
			}
		},
		{
			"name": "stellar",
			"from": [10.1745, 3.62799, 6.51504],
			"to": [13.43624, 12.32599, 9.48987],
			"rotation": {"angle": 0, "axis": "x", "origin": [8, 7.97699, 8.00245]},
			"faces": {
				"east": {"uv": [1.375, 3.125, 0.75, 1.125], "texture": "#3"},
				"south": {"uv": [1.5, 3.125, 0.75, 1.125], "texture": "#3"},
				"west": {"uv": [1.25, 1.125, 0.75, 3.125], "rotation": 180, "texture": "#3"},
				"up": {"uv": [5.75, 1.125, 6.5, 1.5], "rotation": 180, "texture": "#3"},
				"down": {"uv": [5.75, 1.125, 6.5, 1.5], "texture": "#3"}
			}
		},
		{
			"name": "stellar",
			"from": [2.56376, 3.62799, 6.51504],
			"to": [5.8255, 12.32599, 9.48987],
			"rotation": {"angle": 0, "axis": "x", "origin": [8, 7.97699, 8.00245]},
			"faces": {
				"east": {"uv": [2.625, 3.125, 3.25, 1.125], "texture": "#3"},
				"south": {"uv": [3.25, 3.125, 2.5, 1.125], "texture": "#3"},
				"west": {"uv": [3.25, 1.125, 2.625, 3.125], "rotation": 180, "texture": "#3"},
				"up": {"uv": [6.5, 1.125, 5.75, 1.5], "rotation": 180, "texture": "#3"},
				"down": {"uv": [6.5, 1.125, 5.75, 1.5], "texture": "#3"}
			}
		},
		{
			"name": "stellar",
			"from": [3.651, 12.32599, 6.51504],
			"to": [12.349, 13.41323, 9.48987],
			"rotation": {"angle": 0, "axis": "x", "origin": [8, 7.97699, 8.00245]},
			"faces": {
				"east": {"uv": [2.75, 5.375, 3, 5.75], "rotation": 270, "texture": "#3"},
				"south": {"uv": [1, 3.125, 3, 3.375], "rotation": 180, "texture": "#3"},
				"west": {"uv": [5, 5.375, 5.25, 5.75], "rotation": 90, "texture": "#3"},
				"up": {"uv": [1.125, 3.75, 2.875, 3.125], "texture": "#3"}
			}
		},
		{
			"name": "stellar",
			"from": [3.651, 2.54075, 6.51504],
			"to": [12.349, 3.62799, 9.48987],
			"rotation": {"angle": 0, "axis": "x", "origin": [8, 7.97699, 8.00245]},
			"faces": {
				"east": {"uv": [5, 5.375, 5.25, 5.75], "rotation": 270, "texture": "#3"},
				"south": {"uv": [3, 1.125, 1, 0.875], "texture": "#3"},
				"west": {"uv": [2.75, 5.375, 3, 5.75], "rotation": 90, "texture": "#3"},
				"down": {"uv": [2.75, 1.5, 1, 0.875], "texture": "#3"}
			}
		},
		{
			"from": [5.8255, 3.62799, 6.42972],
			"to": [10.1745, 5.80249, 9.55027],
			"rotation": {"angle": 0, "axis": "x", "origin": [8, 7.97699, 8.00245]},
			"faces": {
				"south": {"uv": [4.66667, 9.33333, 2, 8], "texture": "#4"}
			}
		},
		{
			"from": [10.1745, 3.62799, 6.42972],
			"to": [13.43624, 12.32599, 9.55027],
			"rotation": {"angle": 0, "axis": "x", "origin": [8, 7.97699, 8.00245]},
			"faces": {
				"south": {"uv": [2, 13.33333, 0, 8], "texture": "#4"}
			}
		},
		{
			"from": [5.8255, 10.15149, 6.42972],
			"to": [10.1745, 12.32599, 9.55027],
			"rotation": {"angle": 0, "axis": "x", "origin": [8, 7.97699, 8.00245]},
			"faces": {
				"south": {"uv": [4.66667, 13.33333, 2, 12], "texture": "#4"}
			}
		},
		{
			"from": [2.56376, 3.62799, 6.42972],
			"to": [5.8255, 12.32599, 9.55027],
			"rotation": {"angle": 0, "axis": "x", "origin": [8, 7.97699, 8.00245]},
			"faces": {
				"south": {"uv": [6.66667, 13.33333, 4.66667, 8], "texture": "#4"}
			}
		},
		{
			"from": [3.651, 12.32599, 6.42972],
			"to": [12.349, 13.41323, 9.55027],
			"rotation": {"angle": 0, "axis": "x", "origin": [8, 7.97699, 8.00245]},
			"faces": {
				"south": {"uv": [0.66667, 13.33333, 6, 14], "rotation": 180, "texture": "#4"}
			}
		},
		{
			"from": [3.651, 2.54075, 6.42972],
			"to": [12.349, 3.62799, 9.55027],
			"rotation": {"angle": 0, "axis": "x", "origin": [8, 7.97699, 8.00245]},
			"faces": {
				"south": {"uv": [6, 8, 0.66667, 7.33333], "texture": "#4"}
			}
		},
		{
			"from": [12.89262, 7.14646, 6.71134],
			"to": [16.71309, 8.80753, 9.30866],
			"rotation": {"angle": 0, "axis": "x", "origin": [2, 13.97699, 2.01971]},
			"faces": {
				"east": {"uv": [7.33333, 1, 8.66667, 0], "rotation": 180, "texture": "#4"},
				"south": {"uv": [9.33333, 1, 7.33333, 2], "texture": "#4"},
				"up": {"uv": [7.33333, 2, 8.66667, 4], "rotation": 90, "texture": "#4"},
				"down": {"uv": [7.33333, 4, 8.66667, 2], "rotation": 270, "texture": "#4"}
			}
		},
		{
			"from": [-0.71309, 7.14646, 6.71134],
			"to": [3.10738, 8.80753, 9.30866],
			"rotation": {"angle": 0, "axis": "x", "origin": [14, 13.97699, 2.01971]},
			"faces": {
				"south": {"uv": [7.33333, 1, 9.33333, 2], "texture": "#4"},
				"west": {"uv": [7.33333, 0, 8.66667, 1], "texture": "#4"},
				"up": {"uv": [7.33333, 4, 8.66667, 2], "rotation": 90, "texture": "#4"},
				"down": {"uv": [7.33333, 2, 8.66667, 4], "rotation": 270, "texture": "#4"}
			}
		},
		{
			"from": [-0.71309, 7.14646, 6.71134],
			"to": [3.10738, 8.80753, 9.30866],
			"rotation": {"angle": 22.5, "axis": "z", "origin": [8, 7.97699, 8.01001]},
			"faces": {
				"south": {"uv": [7.33333, 1, 9.33333, 2], "texture": "#4"},
				"west": {"uv": [7.33333, 0, 8.66667, 1], "texture": "#4"},
				"up": {"uv": [7.33333, 4, 8.66667, 2], "rotation": 90, "texture": "#4"},
				"down": {"uv": [7.33333, 2, 8.66667, 4], "rotation": 270, "texture": "#4"}
			}
		},
		{
			"from": [12.89262, 7.14646, 6.71134],
			"to": [16.71309, 8.80753, 9.30866],
			"rotation": {"angle": 22.5, "axis": "z", "origin": [8, 7.97699, 8.01001]},
			"faces": {
				"east": {"uv": [7.33333, 1, 8.66667, 0], "rotation": 180, "texture": "#4"},
				"south": {"uv": [9.33333, 1, 7.33333, 2], "texture": "#4"},
				"up": {"uv": [7.33333, 2, 8.66667, 4], "rotation": 90, "texture": "#4"},
				"down": {"uv": [7.33333, 4, 8.66667, 2], "rotation": 270, "texture": "#4"}
			}
		},
		{
			"from": [-0.71309, 7.14646, 6.71134],
			"to": [3.10738, 8.80753, 9.30866],
			"rotation": {"angle": 45, "axis": "z", "origin": [8, 7.97699, 8.01001]},
			"faces": {
				"south": {"uv": [7.33333, 1, 9.33333, 2], "texture": "#4"},
				"west": {"uv": [7.33333, 0, 8.66667, 1], "texture": "#4"},
				"up": {"uv": [7.33333, 4, 8.66667, 2], "rotation": 90, "texture": "#4"},
				"down": {"uv": [7.33333, 2, 8.66667, 4], "rotation": 270, "texture": "#4"}
			}
		},
		{
			"from": [12.89262, 7.14646, 6.71134],
			"to": [16.71309, 8.80753, 9.30866],
			"rotation": {"angle": 45, "axis": "z", "origin": [8, 7.97699, 8.01001]},
			"faces": {
				"east": {"uv": [7.33333, 1, 8.66667, 0], "rotation": 180, "texture": "#4"},
				"south": {"uv": [9.33333, 1, 7.33333, 2], "texture": "#4"},
				"up": {"uv": [7.33333, 2, 8.66667, 4], "rotation": 90, "texture": "#4"},
				"down": {"uv": [7.33333, 4, 8.66667, 2], "rotation": 270, "texture": "#4"}
			}
		},
		{
			"from": [7.16947, 12.86961, 6.71134],
			"to": [8.83053, 16.69008, 9.30866],
			"rotation": {"angle": 0, "axis": "x", "origin": [8, 7.97699, 8.01001]},
			"faces": {
				"east": {"uv": [7.33333, 4, 8.66667, 2], "rotation": 180, "texture": "#4"},
				"south": {"uv": [9.33333, 1, 7.33333, 2], "rotation": 270, "texture": "#4"},
				"west": {"uv": [7.33333, 2, 8.66667, 4], "texture": "#4"},
				"up": {"uv": [7.33333, 1, 8.66667, 0], "rotation": 90, "texture": "#4"}
			}
		},
		{
			"from": [7.16947, 12.86961, 6.71134],
			"to": [8.83053, 16.69008, 9.30866],
			"rotation": {"angle": 22.5, "axis": "z", "origin": [8, 7.97699, 8.01001]},
			"faces": {
				"east": {"uv": [7.33333, 4, 8.66667, 2], "rotation": 180, "texture": "#4"},
				"south": {"uv": [9.33333, 1, 7.33333, 2], "rotation": 270, "texture": "#4"},
				"west": {"uv": [7.33333, 2, 8.66667, 4], "texture": "#4"},
				"up": {"uv": [7.33333, 1, 8.66667, 0], "rotation": 90, "texture": "#4"}
			}
		},
		{
			"from": [-0.71309, 7.14646, 6.71134],
			"to": [3.10738, 8.80753, 9.30866],
			"rotation": {"angle": -22.5, "axis": "z", "origin": [8, 7.97699, 8.01001]},
			"faces": {
				"south": {"uv": [9.33333, 1, 7.33333, 2], "rotation": 180, "texture": "#4"},
				"west": {"uv": [7.33333, 1, 8.66667, 0], "texture": "#4"},
				"up": {"uv": [7.33333, 4, 8.66667, 2], "rotation": 90, "texture": "#4"},
				"down": {"uv": [7.33333, 2, 8.66667, 4], "rotation": 270, "texture": "#4"}
			}
		},
		{
			"from": [7.16947, -0.7361, 6.71134],
			"to": [8.83053, 3.08437, 9.30866],
			"rotation": {"angle": 0, "axis": "x", "origin": [8, 7.97699, 8.01001]},
			"faces": {
				"east": {"uv": [7.33333, 2, 8.66667, 4], "rotation": 180, "texture": "#4"},
				"south": {"uv": [7.33333, 1, 9.33333, 2], "rotation": 270, "texture": "#4"},
				"west": {"uv": [7.33333, 4, 8.66667, 2], "texture": "#4"},
				"down": {"uv": [7.33333, 0, 8.66667, 1], "rotation": 270, "texture": "#4"}
			}
		},
		{
			"from": [7.16947, -0.7361, 6.71134],
			"to": [8.83053, 3.08437, 9.30866],
			"rotation": {"angle": 22.5, "axis": "z", "origin": [8, 7.97699, 8.01001]},
			"faces": {
				"east": {"uv": [7.33333, 2, 8.66667, 4], "rotation": 180, "texture": "#4"},
				"south": {"uv": [7.33333, 1, 9.33333, 2], "rotation": 270, "texture": "#4"},
				"west": {"uv": [7.33333, 4, 8.66667, 2], "texture": "#4"},
				"down": {"uv": [7.33333, 0, 8.66667, 1], "rotation": 270, "texture": "#4"}
			}
		},
		{
			"from": [12.89262, 7.14646, 6.71134],
			"to": [16.71309, 8.80753, 9.30866],
			"rotation": {"angle": -22.5, "axis": "z", "origin": [8, 7.97699, 8.01001]},
			"faces": {
				"east": {"uv": [7.33333, 0, 8.66667, 1], "rotation": 180, "texture": "#4"},
				"south": {"uv": [7.33333, 1, 9.33333, 2], "rotation": 180, "texture": "#4"},
				"up": {"uv": [7.33333, 2, 8.66667, 4], "rotation": 90, "texture": "#4"},
				"down": {"uv": [7.33333, 4, 8.66667, 2], "rotation": 270, "texture": "#4"}
			}
		},
		{
			"from": [-0.71309, 7.14646, 6.71134],
			"to": [3.10738, 8.80753, 9.30866],
			"rotation": {"angle": -45, "axis": "z", "origin": [8, 7.97699, 8.01001]},
			"faces": {
				"south": {"uv": [9.33333, 1, 7.33333, 2], "rotation": 180, "texture": "#4"},
				"west": {"uv": [7.33333, 1, 8.66667, 0], "texture": "#4"},
				"up": {"uv": [7.33333, 4, 8.66667, 2], "rotation": 90, "texture": "#4"},
				"down": {"uv": [7.33333, 2, 8.66667, 4], "rotation": 270, "texture": "#4"}
			}
		},
		{
			"from": [12.89262, 7.14646, 6.71134],
			"to": [16.71309, 8.80753, 9.30866],
			"rotation": {"angle": -45, "axis": "z", "origin": [8, 7.97699, 8.01001]},
			"faces": {
				"east": {"uv": [7.33333, 0, 8.66667, 1], "rotation": 180, "texture": "#4"},
				"south": {"uv": [7.33333, 1, 9.33333, 2], "rotation": 180, "texture": "#4"},
				"up": {"uv": [7.33333, 2, 8.66667, 4], "rotation": 90, "texture": "#4"},
				"down": {"uv": [7.33333, 4, 8.66667, 2], "rotation": 270, "texture": "#4"}
			}
		},
		{
			"from": [7.16947, -0.7361, 6.71134],
			"to": [8.83053, 3.08437, 9.30866],
			"rotation": {"angle": -22.5, "axis": "z", "origin": [8, 7.97699, 8.01001]},
			"faces": {
				"east": {"uv": [7.33333, 2, 8.66667, 4], "rotation": 180, "texture": "#4"},
				"south": {"uv": [7.33333, 1, 9.33333, 2], "rotation": 270, "texture": "#4"},
				"west": {"uv": [7.33333, 4, 8.66667, 2], "texture": "#4"},
				"down": {"uv": [7.33333, 0, 8.66667, 1], "rotation": 270, "texture": "#4"}
			}
		},
		{
			"from": [7.16947, 12.86961, 6.71134],
			"to": [8.83053, 16.69008, 9.30866],
			"rotation": {"angle": -22.5, "axis": "z", "origin": [8, 7.97699, 8.01001]},
			"faces": {
				"east": {"uv": [7.33333, 4, 8.66667, 2], "rotation": 180, "texture": "#4"},
				"south": {"uv": [9.33333, 1, 7.33333, 2], "rotation": 270, "texture": "#4"},
				"west": {"uv": [7.33333, 2, 8.66667, 4], "texture": "#4"},
				"up": {"uv": [7.33333, 1, 8.66667, 0], "rotation": 90, "texture": "#4"}
			}
		},
		{
			"name": "stellar",
			"from": [-0.69799, 7.16155, 6.72645],
			"to": [3.10738, 8.79243, 9.29356],
			"rotation": {"angle": 45, "axis": "z", "origin": [8, 7.97699, 8.01001]},
			"faces": {
				"east": {"uv": [0, 0, 0, 0], "rotation": 270, "texture": "#3"},
				"south": {"uv": [2.875, 0, 3.25, 0.75], "rotation": 90, "texture": "#3"},
				"west": {"uv": [2.875, 0.5, 3.25, 0], "rotation": 90, "texture": "#3"},
				"up": {"uv": [2.5, 0.75, 3.25, 0.25], "rotation": 180, "texture": "#3"},
				"down": {"uv": [3.125, 0.75, 3.875, 0.25], "texture": "#3"}
			}
		},
		{
			"name": "stellar",
			"from": [7.18456, -0.721, 6.72645],
			"to": [8.81544, 3.08437, 9.29356],
			"rotation": {"angle": 22.5, "axis": "z", "origin": [8, 7.97699, 8.01001]},
			"faces": {
				"east": {"uv": [0.75, 0.875, 1.5, 1.375], "rotation": 270, "texture": "#3"},
				"south": {"uv": [0.375, 0.75, 1.25, 0.375], "rotation": 90, "texture": "#3"},
				"west": {"uv": [0.25, 0.125, 1, 0.625], "rotation": 90, "texture": "#3"},
				"up": {"uv": [0, 0, 0, 0], "rotation": 180, "texture": "#3"},
				"down": {"uv": [1.125, 1.125, 0.625, 0.75], "rotation": 90, "texture": "#3"}
			}
		},
		{
			"name": "stellar",
			"from": [7.18456, -0.721, 6.72645],
			"to": [8.81544, 3.08437, 9.29356],
			"rotation": {"angle": 0, "axis": "x", "origin": [2, 13.97699, 2.01971]},
			"faces": {
				"east": {"uv": [2.375, 0.5, 1.625, 1], "rotation": 270, "texture": "#3"},
				"south": {"uv": [2.25, 0.75, 1.875, 0], "texture": "#3"},
				"west": {"uv": [2.875, 0.125, 2.125, 0.625], "rotation": 90, "texture": "#3"},
				"up": {"uv": [0, 0, 0, 0], "rotation": 180, "texture": "#3"},
				"down": {"uv": [2.25, 0, 1.875, 0.5], "texture": "#3"}
			}
		},
		{
			"name": "stellar",
			"from": [7.18456, -0.721, 6.72645],
			"to": [8.81544, 3.08437, 9.29356],
			"rotation": {"angle": -22.5, "axis": "z", "origin": [8, 7.97699, 8.01001]},
			"faces": {
				"east": {"uv": [3.25, 0.625, 4, 1.125], "rotation": 270, "texture": "#3"},
				"south": {"uv": [2.75, 0.375, 3.625, 0.75], "rotation": 90, "texture": "#3"},
				"west": {"uv": [3.125, 0.625, 2.375, 1.125], "rotation": 270, "texture": "#3"},
				"up": {"uv": [0, 0, 0, 0], "rotation": 180, "texture": "#3"},
				"down": {"uv": [3.25, 0.375, 2.75, 0.75], "rotation": 90, "texture": "#3"}
			}
		},
		{
			"name": "stellar",
			"from": [12.89262, 7.16155, 6.72645],
			"to": [16.69799, 8.79243, 9.29356],
			"rotation": {"angle": -45, "axis": "z", "origin": [8, 7.97699, 8.01001]},
			"faces": {
				"east": {"uv": [1.125, 0.5, 0.75, 0], "rotation": 270, "texture": "#3"},
				"south": {"uv": [0.75, 0.75, 1.125, 0], "rotation": 90, "texture": "#3"},
				"west": {"uv": [0, 0, 0, 0], "rotation": 90, "texture": "#3"},
				"up": {"uv": [1, 0.875, 1.75, 0.375], "rotation": 180, "texture": "#3"},
				"down": {"uv": [0.875, 0.625, 0.125, 0.125], "texture": "#3"}
			}
		},
		{
			"name": "stellar",
			"from": [12.89262, 7.16155, 6.72645],
			"to": [16.69799, 8.79243, 9.29356],
			"rotation": {"angle": -22.5, "axis": "z", "origin": [8, 7.97699, 8.01001]},
			"faces": {
				"east": {"uv": [0.375, 1.375, 0.75, 0.875], "rotation": 270, "texture": "#3"},
				"south": {"uv": [0.75, 1.625, 0.375, 0.875], "rotation": 90, "texture": "#3"},
				"west": {"uv": [0, 0, 0, 0], "rotation": 90, "texture": "#3"},
				"up": {"uv": [1, 1.25, 0.25, 1.75], "rotation": 180, "texture": "#3"},
				"down": {"uv": [1.125, 1.375, 0.375, 0.875], "texture": "#3"}
			}
		},
		{
			"name": "stellar",
			"from": [12.89262, 7.16155, 6.72645],
			"to": [16.69799, 8.79243, 9.29356],
			"rotation": {"angle": 0, "axis": "x", "origin": [2, 13.97699, 2.01971]},
			"faces": {
				"east": {"uv": [0.5, 2.25, 0, 1.875], "rotation": 180, "texture": "#3"},
				"south": {"uv": [0, 2.25, 0.75, 1.875], "rotation": 180, "texture": "#3"},
				"west": {"uv": [0, 0, 0, 0], "rotation": 90, "texture": "#3"},
				"up": {"uv": [0, 2.5, 0.75, 3], "rotation": 180, "texture": "#3"},
				"down": {"uv": [0.75, 2.25, 0, 2.75], "texture": "#3"}
			}
		},
		{
			"name": "stellar",
			"from": [12.89262, 7.16155, 6.72645],
			"to": [16.69799, 8.79243, 9.29356],
			"rotation": {"angle": 22.5, "axis": "z", "origin": [8, 7.97699, 8.01001]},
			"faces": {
				"east": {"uv": [0.75, 2.875, 0.375, 2.375], "rotation": 90, "texture": "#3"},
				"south": {"uv": [0.75, 2.375, 0.375, 3.125], "rotation": 90, "texture": "#3"},
				"west": {"uv": [0, 0, 0, 0], "rotation": 90, "texture": "#3"},
				"up": {"uv": [0.75, 2.5, 1.5, 3], "rotation": 180, "texture": "#3"},
				"down": {"uv": [1, 2.75, 0.25, 3.25], "texture": "#3"}
			}
		},
		{
			"name": "stellar",
			"from": [7.18456, 12.86961, 6.72645],
			"to": [8.81544, 16.67498, 9.29356],
			"rotation": {"angle": -45, "axis": "z", "origin": [8, 7.97699, 8.01001]},
			"faces": {
				"east": {"uv": [1.875, 3.5, 1.125, 4], "rotation": 270, "texture": "#3"},
				"south": {"uv": [1.125, 4, 0.75, 3.25], "rotation": 180, "texture": "#3"},
				"west": {"uv": [0.75, 3.5, 0, 4], "rotation": 90, "texture": "#3"},
				"up": {"uv": [0.75, 3.75, 1.125, 3.25], "texture": "#3"},
				"down": {"uv": [0, 0, 0, 0], "texture": "#3"}
			}
		},
		{
			"name": "stellar",
			"from": [7.18456, 12.86961, 6.72645],
			"to": [8.81544, 16.67498, 9.29356],
			"rotation": {"angle": -22.5, "axis": "z", "origin": [8, 7.97699, 8.01001]},
			"faces": {
				"east": {"uv": [1.125, 3.25, 0.375, 2.75], "rotation": 270, "texture": "#3"},
				"south": {"uv": [0.375, 3.25, 1.25, 3.625], "rotation": 90, "texture": "#3"},
				"west": {"uv": [0.375, 3.5, 1.125, 4], "rotation": 90, "texture": "#3"},
				"up": {"uv": [0.5, 3.625, 0, 3.25], "rotation": 270, "texture": "#3"},
				"down": {"uv": [0, 0, 0, 0], "texture": "#3"}
			}
		},
		{
			"name": "stellar",
			"from": [7.18456, 12.86961, 6.72645],
			"to": [8.81544, 16.67498, 9.29356],
			"rotation": {"angle": 0, "axis": "x", "origin": [2, 13.97699, 2.01971]},
			"faces": {
				"east": {"uv": [1.125, 3.375, 1.875, 3.875], "rotation": 270, "texture": "#3"},
				"south": {"uv": [2.25, 3.25, 1.875, 4], "texture": "#3"},
				"west": {"uv": [2.125, 3.375, 2.875, 3.875], "rotation": 90, "texture": "#3"},
				"up": {"uv": [1.875, 3.25, 2.25, 3.75], "rotation": 180, "texture": "#3"},
				"down": {"uv": [0, 0, 0, 0], "texture": "#3"}
			}
		},
		{
			"name": "stellar",
			"from": [7.18456, 12.86961, 6.72645],
			"to": [8.81544, 16.67498, 9.29356],
			"rotation": {"angle": 22.5, "axis": "z", "origin": [8, 7.97699, 8.01001]},
			"faces": {
				"east": {"uv": [3.375, 3.5, 2.875, 2.75], "texture": "#3"},
				"south": {"uv": [3.625, 3.25, 2.75, 3.625], "rotation": 90, "texture": "#3"},
				"west": {"uv": [3.375, 3.25, 2.875, 4], "rotation": 180, "texture": "#3"},
				"up": {"uv": [3.25, 3.625, 2.75, 3.25], "rotation": 270, "texture": "#3"},
				"down": {"uv": [0, 0, 0, 0], "texture": "#3"}
			}
		},
		{
			"name": "stellar",
			"from": [7.18456, 12.86961, 6.72645],
			"to": [8.81544, 16.67498, 9.29356],
			"rotation": {"angle": 45, "axis": "z", "origin": [8, 7.97699, 8.01001]},
			"faces": {
				"east": {"uv": [3.125, 3.25, 2.375, 3.75], "rotation": 90, "texture": "#3"},
				"south": {"uv": [2.875, 3.25, 3.25, 4], "rotation": 180, "texture": "#3"},
				"west": {"uv": [3.125, 3.875, 3.875, 3.375], "rotation": 90, "texture": "#3"},
				"up": {"uv": [2.875, 3.75, 3.25, 3.25], "rotation": 180, "texture": "#3"},
				"down": {"uv": [0, 0, 0, 0], "texture": "#3"}
			}
		},
		{
			"name": "stellar",
			"from": [-0.69799, 7.16155, 6.72645],
			"to": [3.10738, 8.79243, 9.29356],
			"rotation": {"angle": -22.5, "axis": "z", "origin": [8, 7.97699, 8.01001]},
			"faces": {
				"east": {"uv": [0, 0, 0, 0], "rotation": 270, "texture": "#3"},
				"south": {"uv": [3.25, 2.375, 3.625, 3.125], "rotation": 90, "texture": "#3"},
				"west": {"uv": [3.25, 3.125, 3.625, 2.625], "rotation": 90, "texture": "#3"},
				"up": {"uv": [2.625, 3, 3.375, 2.5], "rotation": 180, "texture": "#3"},
				"down": {"uv": [4, 2.5, 3.5, 3.25], "rotation": 90, "texture": "#3"}
			}
		},
		{
			"name": "stellar",
			"from": [-0.69799, 7.16155, 6.72645],
			"to": [3.10738, 8.79243, 9.29356],
			"rotation": {"angle": 0, "axis": "x", "origin": [2, 13.97699, 2.01971]},
			"faces": {
				"east": {"uv": [0, 0, 0, 0], "rotation": 270, "texture": "#3"},
				"south": {"uv": [4, 1.875, 3.25, 2.25], "rotation": 180, "texture": "#3"},
				"west": {"uv": [3.25, 1.875, 3.75, 2.25], "rotation": 180, "texture": "#3"},
				"up": {"uv": [3.875, 2.375, 3.125, 1.875], "rotation": 180, "texture": "#3"},
				"down": {"uv": [4, 2, 3.25, 1.5], "texture": "#3"}
			}
		},
		{
			"name": "stellar",
			"from": [-0.69799, 7.16155, 6.72645],
			"to": [3.10738, 8.79243, 9.29356],
			"rotation": {"angle": 22.5, "axis": "z", "origin": [8, 7.97699, 8.01001]},
			"faces": {
				"east": {"uv": [0, 0, 0, 0], "rotation": 270, "texture": "#3"},
				"south": {"uv": [3.625, 1.625, 3.25, 0.875], "rotation": 90, "texture": "#3"},
				"west": {"uv": [3.625, 0.875, 3.25, 1.375], "rotation": 90, "texture": "#3"},
				"up": {"uv": [3.375, 1, 2.875, 1.75], "rotation": 270, "texture": "#3"},
				"down": {"uv": [3.25, 1.5, 4, 2], "texture": "#3"}
			}
		},
		{
			"name": "stellar",
			"from": [2.50336, 9.09444, 9.59557],
			"to": [-1, 6.85954, 6.42443],
			"rotation": {"angle": 0, "axis": "x", "origin": [2, 13.97699, 2.01971]},
			"faces": {
				"east": {"uv": [3.25, 1.875, 3.75, 2.25], "rotation": 90, "texture": "#3"},
				"south": {"uv": [3.25, 2.25, 4, 1.875], "rotation": 180, "texture": "#3"},
				"up": {"uv": [4, 2, 3.25, 1.5], "texture": "#3"},
				"down": {"uv": [3.875, 2.375, 3.125, 1.875], "rotation": 180, "texture": "#3"}
			}
		},
		{
			"name": "stellar",
			"from": [2.50336, 9.09444, 9.59557],
			"to": [-1, 6.85954, 6.42443],
			"rotation": {"angle": -22.5, "axis": "z", "origin": [8, 7.97699, 8.01001]},
			"faces": {
				"east": {"uv": [3.25, 3.125, 3.625, 2.625], "rotation": 90, "texture": "#3"},
				"south": {"uv": [3.625, 3.125, 3.25, 2.375], "rotation": 180, "texture": "#3"},
				"up": {"uv": [4, 2.5, 3.5, 3.25], "texture": "#3"},
				"down": {"uv": [2.625, 3, 3.375, 2.5], "rotation": 180, "texture": "#3"}
			}
		},
		{
			"name": "stellar",
			"from": [9.11745, 16.97699, 9.59557],
			"to": [6.88255, 14.53069, 6.42443],
			"rotation": {"angle": 45, "axis": "z", "origin": [8, 7.97699, 8.01001]},
			"faces": {
				"east": {"uv": [3.125, 3.875, 3.875, 3.375], "rotation": 90, "texture": "#3"},
				"south": {"uv": [2.875, 3.25, 3.25, 4], "rotation": 180, "texture": "#3"},
				"west": {"uv": [3.125, 3.25, 2.375, 3.75], "rotation": 270, "texture": "#3"},
				"down": {"uv": [2.875, 3.75, 3.25, 3.25], "rotation": 180, "texture": "#3"}
			}
		},
		{
			"name": "stellar",
			"from": [9.11745, 16.97699, 9.59557],
			"to": [6.88255, 13.47364, 6.42443],
			"rotation": {"angle": 22.5, "axis": "z", "origin": [8, 7.97699, 8.01001]},
			"faces": {
				"east": {"uv": [3.375, 3.25, 2.875, 4], "rotation": 90, "texture": "#3"},
				"south": {"uv": [3.625, 3.25, 2.75, 3.625], "rotation": 180, "texture": "#3"},
				"west": {"uv": [3.375, 3.5, 2.875, 2.75], "rotation": 270, "texture": "#3"},
				"down": {"uv": [3.25, 3.625, 2.75, 3.25], "rotation": 180, "texture": "#3"}
			}
		},
		{
			"name": "stellar",
			"from": [9.11745, 16.97699, 9.59557],
			"to": [6.88255, 13.47364, 6.42443],
			"rotation": {"angle": 0, "axis": "x", "origin": [2, 13.97699, 2.01971]},
			"faces": {
				"east": {"uv": [2.125, 3.375, 2.875, 3.875], "rotation": 90, "texture": "#3"},
				"south": {"uv": [2.25, 3.25, 1.875, 4], "rotation": 180, "texture": "#3"},
				"west": {"uv": [1.125, 3.375, 1.875, 3.875], "rotation": 270, "texture": "#3"},
				"down": {"uv": [1.875, 3.25, 2.25, 3.75], "rotation": 180, "texture": "#3"}
			}
		},
		{
			"name": "stellar",
			"from": [9.11745, 16.97699, 9.59557],
			"to": [6.88255, 13.62464, 6.42443],
			"rotation": {"angle": -22.5, "axis": "z", "origin": [8, 7.97699, 8.01001]},
			"faces": {
				"east": {"uv": [0.375, 3.5, 1.125, 4], "rotation": 90, "texture": "#3"},
				"south": {"uv": [0.375, 3.25, 1.25, 3.625], "rotation": 180, "texture": "#3"},
				"west": {"uv": [1.125, 3.25, 0.375, 2.75], "rotation": 270, "texture": "#3"},
				"down": {"uv": [0.5, 3.625, 0, 3.25], "rotation": 180, "texture": "#3"}
			}
		},
		{
			"name": "stellar",
			"from": [9.11745, 16.97699, 9.59557],
			"to": [6.88255, 14.68169, 6.42443],
			"rotation": {"angle": -45, "axis": "z", "origin": [8, 7.97699, 8.01001]},
			"faces": {
				"east": {"uv": [0.75, 3.5, 0, 4], "rotation": 90, "texture": "#3"},
				"south": {"uv": [0.75, 3.25, 1.125, 4], "rotation": 180, "texture": "#3"},
				"west": {"uv": [1.875, 3.5, 1.125, 4], "rotation": 270, "texture": "#3"},
				"down": {"uv": [0.75, 3.75, 1.125, 3.25], "rotation": 180, "texture": "#3"}
			}
		},
		{
			"name": "stellar",
			"from": [17, 9.09444, 9.59557],
			"to": [13.49665, 6.85954, 6.42443],
			"rotation": {"angle": 22.5, "axis": "z", "origin": [8, 7.97699, 8.01001]},
			"faces": {
				"south": {"uv": [0.375, 2.375, 0.75, 3.125], "rotation": 180, "texture": "#3"},
				"west": {"uv": [0.75, 2.875, 0.375, 2.375], "rotation": 270, "texture": "#3"},
				"up": {"uv": [1, 2.75, 0.25, 3.25], "texture": "#3"},
				"down": {"uv": [0.75, 2.5, 1.5, 3], "rotation": 180, "texture": "#3"}
			}
		},
		{
			"name": "stellar",
			"from": [17, 9.09444, 9.59557],
			"to": [13.49665, 6.85954, 6.42443],
			"rotation": {"angle": 0, "axis": "x", "origin": [2, 13.97699, 2.01971]},
			"faces": {
				"south": {"uv": [0.75, 1.875, 0, 2.25], "rotation": 180, "texture": "#3"},
				"west": {"uv": [0.5, 2.25, 0, 1.875], "rotation": 270, "texture": "#3"},
				"up": {"uv": [0.75, 2.25, 0, 2.75], "texture": "#3"},
				"down": {"uv": [0, 2.5, 0.75, 3], "rotation": 180, "texture": "#3"}
			}
		},
		{
			"name": "stellar",
			"from": [17, 9.09444, 9.59557],
			"to": [13.49665, 6.85954, 6.42443],
			"rotation": {"angle": -22.5, "axis": "z", "origin": [8, 7.97699, 8.01001]},
			"faces": {
				"south": {"uv": [0.5, 1.25, 0.875, 0.5], "rotation": 180, "texture": "#3"},
				"west": {"uv": [0.375, 1.375, 0.75, 0.875], "rotation": 270, "texture": "#3"},
				"up": {"uv": [1.125, 1.375, 0.375, 0.875], "texture": "#3"},
				"down": {"uv": [1, 1.25, 0.25, 1.75], "rotation": 180, "texture": "#3"}
			}
		},
		{
			"name": "stellar",
			"from": [17, 9.09444, 9.59557],
			"to": [14.7047, 6.85954, 6.42443],
			"rotation": {"angle": -45, "axis": "z", "origin": [8, 7.97699, 8.01001]},
			"faces": {
				"south": {"uv": [1.125, 0, 0.75, 0.75], "rotation": 180, "texture": "#3"},
				"west": {"uv": [1.125, 0.5, 0.75, 0], "rotation": 270, "texture": "#3"},
				"up": {"uv": [0.875, 0.625, 0.125, 0.125], "texture": "#3"},
				"down": {"uv": [1, 0.875, 1.75, 0.375], "rotation": 180, "texture": "#3"}
			}
		},
		{
			"name": "stellar",
			"from": [9.11745, 2.32934, 9.59557],
			"to": [6.88255, -1.02301, 6.42443],
			"rotation": {"angle": -22.5, "axis": "z", "origin": [8, 7.97699, 8.01001]},
			"faces": {
				"east": {"uv": [3.125, 0.625, 2.375, 1.125], "rotation": 90, "texture": "#3"},
				"south": {"uv": [2.75, 0.375, 3.625, 0.75], "rotation": 180, "texture": "#3"},
				"west": {"uv": [3.25, 0.625, 4, 1.125], "rotation": 270, "texture": "#3"},
				"up": {"uv": [3.25, 0.375, 2.75, 0.75], "texture": "#3"}
			}
		},
		{
			"name": "stellar",
			"from": [9.11745, 2.48034, 9.59557],
			"to": [6.88255, -1.02301, 6.42443],
			"rotation": {"angle": 0, "axis": "x", "origin": [2, 13.97699, 2.01971]},
			"faces": {
				"east": {"uv": [2.875, 0.125, 2.125, 0.625], "rotation": 90, "texture": "#3"},
				"south": {"uv": [2.25, 0, 1.875, 0.75], "rotation": 180, "texture": "#3"},
				"west": {"uv": [2.375, 0.5, 1.625, 1], "rotation": 270, "texture": "#3"},
				"up": {"uv": [2.25, 0, 1.875, 0.5], "texture": "#3"}
			}
		},
		{
			"name": "stellar",
			"from": [9.11745, 2.32934, 9.59557],
			"to": [6.88255, -1.02301, 6.42443],
			"rotation": {"angle": 22.5, "axis": "z", "origin": [8, 7.97699, 8.01001]},
			"faces": {
				"east": {"uv": [0.25, 0.125, 1, 0.625], "rotation": 90, "texture": "#3"},
				"south": {"uv": [0.375, 0.75, 1.25, 0.375], "rotation": 180, "texture": "#3"},
				"west": {"uv": [0.75, 0.875, 1.5, 1.375], "rotation": 270, "texture": "#3"},
				"up": {"uv": [1.125, 1.125, 0.625, 0.75], "texture": "#3"}
			}
		},
		{
			"name": "stellar",
			"from": [1.4463, 9.09444, 9.59557],
			"to": [-1, 6.85954, 6.42443],
			"rotation": {"angle": 45, "axis": "z", "origin": [8, 7.97699, 8.01001]},
			"faces": {
				"east": {"uv": [2.875, 0.5, 3.25, 0], "rotation": 90, "texture": "#3"},
				"south": {"uv": [2.875, 0, 3.25, 0.75], "rotation": 180, "texture": "#3"},
				"up": {"uv": [3.125, 0.75, 3.875, 0.25], "texture": "#3"},
				"down": {"uv": [2.5, 0.75, 3.25, 0.25], "rotation": 180, "texture": "#3"}
			}
		},
		{
			"name": "stellar",
			"from": [2.50336, 9.09444, 9.59557],
			"to": [-1, 6.85954, 6.42443],
			"rotation": {"angle": 22.5, "axis": "z", "origin": [8, 7.97699, 8.01001]},
			"faces": {
				"east": {"uv": [3.625, 0.875, 3.25, 1.375], "rotation": 90, "texture": "#3"},
				"south": {"uv": [3.25, 1.625, 3.625, 0.875], "rotation": 180, "texture": "#3"},
				"up": {"uv": [3.25, 1.5, 4, 2], "texture": "#3"},
				"down": {"uv": [3.375, 1, 2.875, 1.75], "rotation": 180, "texture": "#3"}
			}
		}
	],
	"display": {
		"thirdperson_righthand": {
			"scale": [0, 0, 0]
		},
		"thirdperson_lefthand": {
			"rotation": [67.21, -1.97, 79.74],
			"translation": [1.5, -0.5, 1],
			"scale": [0.45, 0.45, 0.45]
		},
		"firstperson_righthand": {
			"scale": [0, 0, 0]
		},
		"firstperson_lefthand": {
			"rotation": [-64.79, 5.55, 64.96],
			"translation": [5.5, 1.75, -1.75],
			"scale": [0.55, 0.45, 0.55]
		},
		"gui": {
			"rotation": [20, 0, 0],
			"translation": [0, -0.75, 0],
			"scale": [0.95, 0.95, 0.95]
		}
	},
	"groups": [
		{
			"name": "large_cog",
			"origin": [8, 8.01607, 8],
			"color": 0,
			"children": []
		},
		{
			"name": "flag",
			"origin": [0.30679, 14.74473, 10.8103],
			"color": 0,
			"children": [0, 1, 2, 3, 4, 5]
		},
		6,
		{
			"name": "melloleta",
			"origin": [-2.70492, 0.81967, 20.06557],
			"color": 0,
			"children": [7, 8, 9, 10, 11, 12, 13, 14, 15, 16, 17, 18, 19, 20, 21, 22, 23, 24, 25, 26, 27, 28, 29, 30, 31, 32, 33, 34, 35, 36, 37, 38, 39, 40, 41, 42, 43]
		},
		44,
		45,
		46,
		47,
		48,
		49,
		50,
		51,
		52,
		53,
		54,
		55,
		56,
		57,
		58,
		59,
		60,
		61,
		62,
		63,
		64,
		65,
		66,
		67,
		68,
		69,
		70,
		71,
		72,
		73,
		74,
		75,
		76,
		77,
		78,
		79,
		80,
		81,
		82,
		83,
		84,
		85,
		86,
		87,
		88,
		89,
		90,
		91,
		92,
		93,
		94,
		95,
		96,
		97,
		98,
		99,
		100,
		101,
		102,
		103,
		104
	]
}