{
	"credit": "Made with Blockbench",
	"textures": {
		"3": "kello:item/interactable/thrown/stellar",
		"4": "kello:item/interactable/thrown/large_cogwheel",
		"particle": "kello:item/interactable/thrown/large_cogwheel"
	},
	"elements": [
		{
			"from": [-1.96644, 6.40482, -1.96644],
			"to": [17.96644, 9.55079, 17.96644],
			"rotation": {"angle": 0, "axis": "y", "origin": [8, 7.97781, 8]},
			"faces": {
				"north": {"uv": [7.33333, 4, 14.66667, 4.33333], "texture": "#4"},
				"east": {"uv": [7.33333, 4, 14.66667, 4.33333], "texture": "#4"},
				"south": {"uv": [7.33333, 4, 14.66667, 4.33333], "texture": "#4"},
				"west": {"uv": [7.33333, 4, 14.66667, 4.33333], "texture": "#4"},
				"up": {"uv": [7.33333, 7.33333, 0, 0], "texture": "#4"},
				"down": {"uv": [7.33333, 0, 0, 7.33333], "texture": "#4"}
			}
		},
		{
			"name": "stellar",
			"from": [4.37584, 5.49878, 0.75168],
			"to": [11.62416, 10.45683, 4.37584],
			"rotation": {"angle": 0, "axis": "y", "origin": [8, 7.97781, 8]},
			"faces": {
				"south": {"uv": [2.5, 3.25, 1.5, 2.625], "texture": "#3"},
				"up": {"uv": [2.5, 2.625, 1.5, 3.125], "texture": "#3"},
				"down": {"uv": [2.5, 2.625, 1.5, 3.125], "texture": "#3"}
			}
		},
		{
			"name": "stellar",
			"from": [4.37584, 5.49878, 11.62416],
			"to": [11.62416, 10.45683, 15.24833],
			"rotation": {"angle": 0, "axis": "y", "origin": [8, 7.97781, 8]},
			"faces": {
				"north": {"uv": [1.5, 1.125, 2.5, 1.625], "texture": "#3"},
				"up": {"uv": [2.5, 1.625, 1.5, 1.125], "texture": "#3"},
				"down": {"uv": [2.5, 1.125, 1.5, 1.625], "texture": "#3"}
			}
		},
		{
			"name": "stellar",
			"from": [11.62416, 5.49878, 0.75168],
			"to": [17.0604, 10.45683, 15.24833],
			"rotation": {"angle": 0, "axis": "y", "origin": [8, 7.97781, 8]},
			"faces": {
				"north": {"uv": [5.75, 1.125, 6.5, 1.5], "texture": "#3"},
				"east": {"uv": [1.375, 3.125, 0.75, 1.125], "rotation": 90, "texture": "#3"},
				"south": {"uv": [5.75, 1.125, 6.5, 1.5], "texture": "#3"},
				"west": {"uv": [1.25, 1.125, 0.75, 3.125], "rotation": 90, "texture": "#3"},
				"up": {"uv": [1.5, 3.125, 0.75, 1.125], "texture": "#3"},
				"down": {"uv": [1.5, 1.125, 0.75, 3.125], "texture": "#3"}
			}
		},
		{
			"name": "stellar",
			"from": [-1.0604, 5.49878, 0.75168],
			"to": [4.37584, 10.45683, 15.24833],
			"rotation": {"angle": 0, "axis": "y", "origin": [8, 7.97781, 8]},
			"faces": {
				"north": {"uv": [6.5, 1.125, 5.75, 1.5], "texture": "#3"},
				"east": {"uv": [2.625, 3.125, 3.25, 1.125], "rotation": 90, "texture": "#3"},
				"south": {"uv": [6.5, 1.125, 5.75, 1.5], "texture": "#3"},
				"west": {"uv": [3.25, 1.125, 2.625, 3.125], "rotation": 90, "texture": "#3"},
				"up": {"uv": [3.25, 3.125, 2.5, 1.125], "texture": "#3"},
				"down": {"uv": [3.25, 1.125, 2.5, 3.125], "texture": "#3"}
			}
		},
		{
			"name": "stellar",
			"from": [0.75168, 5.49878, -1.0604],
			"to": [15.24833, 10.45683, 0.75168],
			"rotation": {"angle": 0, "axis": "y", "origin": [8, 7.97781, 8]},
			"faces": {
				"north": {"uv": [1.125, 3.75, 2.875, 3.125], "rotation": 180, "texture": "#3"},
				"east": {"uv": [2.75, 5.375, 3, 5.75], "texture": "#3"},
				"west": {"uv": [5, 5.375, 5.25, 5.75], "texture": "#3"},
				"up": {"uv": [1, 3.125, 3, 3.375], "rotation": 180, "texture": "#3"},
				"down": {"uv": [1, 3.375, 3, 3.125], "rotation": 180, "texture": "#3"}
			}
		},
		{
			"name": "stellar",
			"from": [0.75168, 5.49878, 15.24833],
			"to": [15.24833, 10.45683, 17.0604],
			"rotation": {"angle": 0, "axis": "y", "origin": [8, 7.97781, 8]},
			"faces": {
				"east": {"uv": [5, 5.375, 5.25, 5.75], "texture": "#3"},
				"south": {"uv": [2.75, 1.5, 1, 0.875], "texture": "#3"},
				"west": {"uv": [2.75, 5.375, 3, 5.75], "texture": "#3"},
				"up": {"uv": [3, 1.125, 1, 0.875], "texture": "#3"},
				"down": {"uv": [3, 0.875, 1, 1.125], "texture": "#3"}
			}
		},
		{
			"from": [4.37584, 5.35658, 11.62416],
			"to": [11.62416, 10.55751, 15.24833],
			"rotation": {"angle": 0, "axis": "y", "origin": [8, 7.97781, 8]},
			"faces": {
				"up": {"uv": [4.66667, 9.33333, 2, 8], "texture": "#4"},
				"down": {"uv": [4.66667, 8, 2, 9.33333], "texture": "#4"}
			}
		},
		{
			"from": [11.62416, 5.35658, 0.75168],
			"to": [17.0604, 10.55751, 15.24833],
			"rotation": {"angle": 0, "axis": "y", "origin": [8, 7.97781, 8]},
			"faces": {
				"up": {"uv": [2, 13.33333, 0, 8], "texture": "#4"},
				"down": {"uv": [2, 8, 0, 13.33333], "texture": "#4"}
			}
		},
		{
			"from": [4.37584, 5.35658, 0.75168],
			"to": [11.62416, 10.55751, 4.37584],
			"rotation": {"angle": 0, "axis": "y", "origin": [8, 7.97781, 8]},
			"faces": {
				"up": {"uv": [4.66667, 13.33333, 2, 12], "texture": "#4"},
				"down": {"uv": [4.66667, 12, 2, 13.33333], "texture": "#4"}
			}
		},
		{
			"from": [-1.0604, 5.35658, 0.75168],
			"to": [4.37584, 10.55751, 15.24833],
			"rotation": {"angle": 0, "axis": "y", "origin": [8, 7.97781, 8]},
			"faces": {
				"up": {"uv": [6.66667, 13.33333, 4.66667, 8], "texture": "#4"},
				"down": {"uv": [6.66667, 8, 4.66667, 13.33333], "texture": "#4"}
			}
		},
		{
			"from": [0.75168, 5.35658, -1.0604],
			"to": [15.24833, 10.55751, 0.75168],
			"rotation": {"angle": 0, "axis": "y", "origin": [8, 7.97781, 8]},
			"faces": {
				"up": {"uv": [0.66667, 13.33333, 6, 14], "rotation": 180, "texture": "#4"},
				"down": {"uv": [6, 8, 0.66667, 7.33333], "texture": "#4"}
			}
		},
		{
			"from": [0.75168, 5.35658, 15.24833],
			"to": [15.24833, 10.55751, 17.0604],
			"rotation": {"angle": 0, "axis": "y", "origin": [8, 7.97781, 8]},
			"faces": {
				"up": {"uv": [6, 8, 0.66667, 7.33333], "texture": "#4"},
				"down": {"uv": [6, 7.33333, 0.66667, 8], "texture": "#4"}
			}
		},
		{
			"from": [16.15436, 5.82596, 6.61578],
			"to": [22.52181, 10.15482, 9.38422],
			"rotation": {"angle": 0, "axis": "y", "origin": [-2, -1.99343, -2]},
			"faces": {
				"north": {"uv": [7.33333, 2, 8.66667, 4], "rotation": 270, "texture": "#4"},
				"east": {"uv": [7.33333, 1, 8.66667, 0], "rotation": 270, "texture": "#4"},
				"south": {"uv": [7.33333, 4, 8.66667, 2], "rotation": 270, "texture": "#4"},
				"up": {"uv": [9.33333, 1, 7.33333, 2], "texture": "#4"},
				"down": {"uv": [9.33333, 1, 7.33333, 2], "texture": "#4"}
			}
		},
		{
			"from": [-6.52181, 5.82596, 6.61578],
			"to": [-0.15436, 10.15482, 9.38422],
			"rotation": {"angle": 0, "axis": "y", "origin": [18, -1.99343, -2]},
			"faces": {
				"north": {"uv": [7.33333, 4, 8.66667, 2], "rotation": 270, "texture": "#4"},
				"south": {"uv": [7.33333, 2, 8.66667, 4], "rotation": 270, "texture": "#4"},
				"west": {"uv": [7.33333, 0, 8.66667, 1], "rotation": 270, "texture": "#4"},
				"up": {"uv": [7.33333, 1, 9.33333, 2], "texture": "#4"},
				"down": {"uv": [7.33333, 1, 9.33333, 2], "texture": "#4"}
			}
		},
		{
			"from": [-6.52181, 5.82596, 6.61578],
			"to": [-0.15436, 10.15482, 9.38422],
			"rotation": {"angle": 22.5, "axis": "y", "origin": [8, 7.9904, 8]},
			"faces": {
				"north": {"uv": [7.33333, 4, 8.66667, 2], "rotation": 270, "texture": "#4"},
				"south": {"uv": [7.33333, 2, 8.66667, 4], "rotation": 270, "texture": "#4"},
				"west": {"uv": [7.33333, 0, 8.66667, 1], "rotation": 270, "texture": "#4"},
				"up": {"uv": [7.33333, 1, 9.33333, 2], "texture": "#4"},
				"down": {"uv": [7.33333, 1, 9.33333, 2], "texture": "#4"}
			}
		},
		{
			"from": [16.15436, 5.82596, 6.61578],
			"to": [22.52181, 10.15482, 9.38422],
			"rotation": {"angle": 22.5, "axis": "y", "origin": [8, 7.9904, 8]},
			"faces": {
				"north": {"uv": [7.33333, 2, 8.66667, 4], "rotation": 270, "texture": "#4"},
				"east": {"uv": [7.33333, 1, 8.66667, 0], "rotation": 270, "texture": "#4"},
				"south": {"uv": [7.33333, 4, 8.66667, 2], "rotation": 270, "texture": "#4"},
				"up": {"uv": [9.33333, 1, 7.33333, 2], "texture": "#4"},
				"down": {"uv": [9.33333, 1, 7.33333, 2], "texture": "#4"}
			}
		},
		{
			"from": [-6.52181, 5.82596, 6.61578],
			"to": [-0.15436, 10.15482, 9.38422],
			"rotation": {"angle": 45, "axis": "y", "origin": [8, 7.9904, 8]},
			"faces": {
				"north": {"uv": [7.33333, 4, 8.66667, 2], "rotation": 270, "texture": "#4"},
				"south": {"uv": [7.33333, 2, 8.66667, 4], "rotation": 270, "texture": "#4"},
				"west": {"uv": [7.33333, 0, 8.66667, 1], "rotation": 270, "texture": "#4"},
				"up": {"uv": [7.33333, 1, 9.33333, 2], "texture": "#4"},
				"down": {"uv": [7.33333, 1, 9.33333, 2], "texture": "#4"}
			}
		},
		{
			"from": [16.15436, 5.82596, 6.61578],
			"to": [22.52181, 10.15482, 9.38422],
			"rotation": {"angle": 45, "axis": "y", "origin": [8, 7.9904, 8]},
			"faces": {
				"north": {"uv": [7.33333, 2, 8.66667, 4], "rotation": 270, "texture": "#4"},
				"east": {"uv": [7.33333, 1, 8.66667, 0], "rotation": 270, "texture": "#4"},
				"south": {"uv": [7.33333, 4, 8.66667, 2], "rotation": 270, "texture": "#4"},
				"up": {"uv": [9.33333, 1, 7.33333, 2], "texture": "#4"},
				"down": {"uv": [9.33333, 1, 7.33333, 2], "texture": "#4"}
			}
		},
		{
			"from": [6.61578, 5.82596, -6.52181],
			"to": [9.38422, 10.15482, -0.15436],
			"rotation": {"angle": 0, "axis": "y", "origin": [8, 7.9904, 8]},
			"faces": {
				"north": {"uv": [7.33333, 1, 8.66667, 0], "rotation": 270, "texture": "#4"},
				"east": {"uv": [7.33333, 4, 8.66667, 2], "rotation": 270, "texture": "#4"},
				"west": {"uv": [7.33333, 2, 8.66667, 4], "rotation": 270, "texture": "#4"},
				"up": {"uv": [9.33333, 1, 7.33333, 2], "rotation": 270, "texture": "#4"},
				"down": {"uv": [9.33333, 1, 7.33333, 2], "rotation": 90, "texture": "#4"}
			}
		},
		{
			"from": [6.61578, 5.82596, -6.52181],
			"to": [9.38422, 10.15482, -0.15436],
			"rotation": {"angle": 22.5, "axis": "y", "origin": [8, 7.9904, 8]},
			"faces": {
				"north": {"uv": [7.33333, 1, 8.66667, 0], "rotation": 270, "texture": "#4"},
				"east": {"uv": [7.33333, 4, 8.66667, 2], "rotation": 270, "texture": "#4"},
				"west": {"uv": [7.33333, 2, 8.66667, 4], "rotation": 270, "texture": "#4"},
				"up": {"uv": [9.33333, 1, 7.33333, 2], "rotation": 270, "texture": "#4"},
				"down": {"uv": [9.33333, 1, 7.33333, 2], "rotation": 90, "texture": "#4"}
			}
		},
		{
			"from": [-6.52181, 5.82596, 6.61578],
			"to": [-0.15436, 10.15482, 9.38422],
			"rotation": {"angle": -22.5, "axis": "y", "origin": [8, 7.9904, 8]},
			"faces": {
				"north": {"uv": [7.33333, 4, 8.66667, 2], "rotation": 270, "texture": "#4"},
				"south": {"uv": [7.33333, 2, 8.66667, 4], "rotation": 270, "texture": "#4"},
				"west": {"uv": [7.33333, 1, 8.66667, 0], "rotation": 270, "texture": "#4"},
				"up": {"uv": [9.33333, 1, 7.33333, 2], "rotation": 180, "texture": "#4"},
				"down": {"uv": [9.33333, 1, 7.33333, 2], "rotation": 180, "texture": "#4"}
			}
		},
		{
			"from": [6.61578, 5.82596, 16.15436],
			"to": [9.38422, 10.15482, 22.52181],
			"rotation": {"angle": 0, "axis": "y", "origin": [8, 7.9904, 8]},
			"faces": {
				"east": {"uv": [7.33333, 2, 8.66667, 4], "rotation": 270, "texture": "#4"},
				"south": {"uv": [7.33333, 0, 8.66667, 1], "rotation": 270, "texture": "#4"},
				"west": {"uv": [7.33333, 4, 8.66667, 2], "rotation": 270, "texture": "#4"},
				"up": {"uv": [7.33333, 1, 9.33333, 2], "rotation": 270, "texture": "#4"},
				"down": {"uv": [7.33333, 1, 9.33333, 2], "rotation": 90, "texture": "#4"}
			}
		},
		{
			"from": [6.61578, 5.82596, 16.15436],
			"to": [9.38422, 10.15482, 22.52181],
			"rotation": {"angle": 22.5, "axis": "y", "origin": [8, 7.9904, 8]},
			"faces": {
				"east": {"uv": [7.33333, 2, 8.66667, 4], "rotation": 270, "texture": "#4"},
				"south": {"uv": [7.33333, 0, 8.66667, 1], "rotation": 270, "texture": "#4"},
				"west": {"uv": [7.33333, 4, 8.66667, 2], "rotation": 270, "texture": "#4"},
				"up": {"uv": [7.33333, 1, 9.33333, 2], "rotation": 270, "texture": "#4"},
				"down": {"uv": [7.33333, 1, 9.33333, 2], "rotation": 90, "texture": "#4"}
			}
		},
		{
			"from": [16.15436, 5.82596, 6.61578],
			"to": [22.52181, 10.15482, 9.38422],
			"rotation": {"angle": -22.5, "axis": "y", "origin": [8, 7.9904, 8]},
			"faces": {
				"north": {"uv": [7.33333, 2, 8.66667, 4], "rotation": 270, "texture": "#4"},
				"east": {"uv": [7.33333, 0, 8.66667, 1], "rotation": 270, "texture": "#4"},
				"south": {"uv": [7.33333, 4, 8.66667, 2], "rotation": 270, "texture": "#4"},
				"up": {"uv": [7.33333, 1, 9.33333, 2], "rotation": 180, "texture": "#4"},
				"down": {"uv": [7.33333, 1, 9.33333, 2], "rotation": 180, "texture": "#4"}
			}
		},
		{
			"from": [-6.52181, 5.82596, 6.61578],
			"to": [-0.15436, 10.15482, 9.38422],
			"rotation": {"angle": -45, "axis": "y", "origin": [8, 7.9904, 8]},
			"faces": {
				"north": {"uv": [7.33333, 4, 8.66667, 2], "rotation": 270, "texture": "#4"},
				"south": {"uv": [7.33333, 2, 8.66667, 4], "rotation": 270, "texture": "#4"},
				"west": {"uv": [7.33333, 1, 8.66667, 0], "rotation": 270, "texture": "#4"},
				"up": {"uv": [9.33333, 1, 7.33333, 2], "rotation": 180, "texture": "#4"},
				"down": {"uv": [9.33333, 1, 7.33333, 2], "rotation": 180, "texture": "#4"}
			}
		},
		{
			"from": [16.15436, 5.82596, 6.61578],
			"to": [22.52181, 10.15482, 9.38422],
			"rotation": {"angle": -45, "axis": "y", "origin": [8, 7.9904, 8]},
			"faces": {
				"north": {"uv": [7.33333, 2, 8.66667, 4], "rotation": 270, "texture": "#4"},
				"east": {"uv": [7.33333, 0, 8.66667, 1], "rotation": 270, "texture": "#4"},
				"south": {"uv": [7.33333, 4, 8.66667, 2], "rotation": 270, "texture": "#4"},
				"up": {"uv": [7.33333, 1, 9.33333, 2], "rotation": 180, "texture": "#4"},
				"down": {"uv": [7.33333, 1, 9.33333, 2], "rotation": 180, "texture": "#4"}
			}
		},
		{
			"from": [6.61578, 5.82596, 16.15436],
			"to": [9.38422, 10.15482, 22.52181],
			"rotation": {"angle": -22.5, "axis": "y", "origin": [8, 7.9904, 8]},
			"faces": {
				"east": {"uv": [7.33333, 2, 8.66667, 4], "rotation": 270, "texture": "#4"},
				"south": {"uv": [7.33333, 0, 8.66667, 1], "rotation": 270, "texture": "#4"},
				"west": {"uv": [7.33333, 4, 8.66667, 2], "rotation": 270, "texture": "#4"},
				"up": {"uv": [7.33333, 1, 9.33333, 2], "rotation": 270, "texture": "#4"},
				"down": {"uv": [7.33333, 1, 9.33333, 2], "rotation": 90, "texture": "#4"}
			}
		},
		{
			"from": [6.61578, 5.82596, -6.52181],
			"to": [9.38422, 10.15482, -0.15436],
			"rotation": {"angle": -22.5, "axis": "y", "origin": [8, 7.9904, 8]},
			"faces": {
				"north": {"uv": [7.33333, 1, 8.66667, 0], "rotation": 270, "texture": "#4"},
				"east": {"uv": [7.33333, 4, 8.66667, 2], "rotation": 270, "texture": "#4"},
				"west": {"uv": [7.33333, 2, 8.66667, 4], "rotation": 270, "texture": "#4"},
				"up": {"uv": [9.33333, 1, 7.33333, 2], "rotation": 270, "texture": "#4"},
				"down": {"uv": [9.33333, 1, 7.33333, 2], "rotation": 90, "texture": "#4"}
			}
		},
		{
			"name": "stellar",
			"from": [-6.49665, 5.85113, 6.64094],
			"to": [-0.15436, 10.12966, 9.35906],
			"rotation": {"angle": 45, "axis": "y", "origin": [8, 7.9904, 8]},
			"faces": {
				"north": {"uv": [2.5, 0.75, 3.25, 0.25], "texture": "#3"},
				"east": {"uv": [0, 0, 0, 0], "texture": "#3"},
				"south": {"uv": [3.125, 0.75, 3.875, 0.25], "texture": "#3"},
				"west": {"uv": [2.875, 0.5, 3.25, 0], "texture": "#3"},
				"up": {"uv": [2.875, 0, 3.25, 0.75], "rotation": 90, "texture": "#3"},
				"down": {"uv": [2.875, 0, 3.25, 0.75], "rotation": 90, "texture": "#3"}
			}
		},
		{
			"name": "stellar",
			"from": [6.64094, 5.85113, 16.15436],
			"to": [9.35906, 10.12966, 22.49665],
			"rotation": {"angle": 22.5, "axis": "y", "origin": [8, 7.9904, 8]},
			"faces": {
				"north": {"uv": [0, 0, 0, 0], "texture": "#3"},
				"east": {"uv": [0.75, 0.875, 1.5, 1.375], "texture": "#3"},
				"south": {"uv": [1.125, 1.125, 0.625, 0.75], "rotation": 90, "texture": "#3"},
				"west": {"uv": [0.25, 0.125, 1, 0.625], "texture": "#3"},
				"up": {"uv": [0.375, 0.75, 1.25, 0.375], "rotation": 90, "texture": "#3"},
				"down": {"uv": [0.375, 0.75, 1.25, 0.375], "rotation": 90, "texture": "#3"}
			}
		},
		{
			"name": "stellar",
			"from": [6.64094, 5.85113, 16.15436],
			"to": [9.35906, 10.12966, 22.49665],
			"rotation": {"angle": 0, "axis": "y", "origin": [-2, -1.99343, -2]},
			"faces": {
				"north": {"uv": [0, 0, 0, 0], "texture": "#3"},
				"east": {"uv": [2.375, 0.5, 1.625, 1], "texture": "#3"},
				"south": {"uv": [2.25, 0, 1.875, 0.5], "texture": "#3"},
				"west": {"uv": [2.875, 0.125, 2.125, 0.625], "texture": "#3"},
				"up": {"uv": [2.25, 0.75, 1.875, 0], "texture": "#3"},
				"down": {"uv": [2.25, 0, 1.875, 0.75], "texture": "#3"}
			}
		},
		{
			"name": "stellar",
			"from": [6.64094, 5.85113, 16.15436],
			"to": [9.35906, 10.12966, 22.49665],
			"rotation": {"angle": -22.5, "axis": "y", "origin": [8, 7.9904, 8]},
			"faces": {
				"north": {"uv": [0, 0, 0, 0], "texture": "#3"},
				"east": {"uv": [3.25, 0.625, 4, 1.125], "texture": "#3"},
				"south": {"uv": [3.25, 0.375, 2.75, 0.75], "rotation": 90, "texture": "#3"},
				"west": {"uv": [3.125, 0.625, 2.375, 1.125], "rotation": 180, "texture": "#3"},
				"up": {"uv": [2.75, 0.375, 3.625, 0.75], "rotation": 90, "texture": "#3"},
				"down": {"uv": [2.75, 0.375, 3.625, 0.75], "rotation": 90, "texture": "#3"}
			}
		},
		{
			"name": "stellar",
			"from": [16.15436, 5.85113, 6.64094],
			"to": [22.49665, 10.12966, 9.35906],
			"rotation": {"angle": -45, "axis": "y", "origin": [8, 7.9904, 8]},
			"faces": {
				"north": {"uv": [1, 0.875, 1.75, 0.375], "texture": "#3"},
				"east": {"uv": [1.125, 0.5, 0.75, 0], "texture": "#3"},
				"south": {"uv": [0.875, 0.625, 0.125, 0.125], "texture": "#3"},
				"west": {"uv": [0, 0, 0, 0], "texture": "#3"},
				"up": {"uv": [0.75, 0.75, 1.125, 0], "rotation": 90, "texture": "#3"},
				"down": {"uv": [1.125, 0, 0.75, 0.75], "rotation": 90, "texture": "#3"}
			}
		},
		{
			"name": "stellar",
			"from": [16.15436, 5.85113, 6.64094],
			"to": [22.49665, 10.12966, 9.35906],
			"rotation": {"angle": -22.5, "axis": "y", "origin": [8, 7.9904, 8]},
			"faces": {
				"north": {"uv": [1, 1.25, 0.25, 1.75], "texture": "#3"},
				"east": {"uv": [0.375, 1.375, 0.75, 0.875], "texture": "#3"},
				"south": {"uv": [1.125, 1.375, 0.375, 0.875], "texture": "#3"},
				"west": {"uv": [0, 0, 0, 0], "texture": "#3"},
				"up": {"uv": [0.75, 1.625, 0.375, 0.875], "rotation": 90, "texture": "#3"},
				"down": {"uv": [0.5, 1.25, 0.875, 0.5], "rotation": 90, "texture": "#3"}
			}
		},
		{
			"name": "stellar",
			"from": [16.15436, 5.85113, 6.64094],
			"to": [22.49665, 10.12966, 9.35906],
			"rotation": {"angle": 0, "axis": "y", "origin": [-2, -1.99343, -2]},
			"faces": {
				"north": {"uv": [0, 2.5, 0.75, 3], "texture": "#3"},
				"east": {"uv": [0.5, 2.25, 0, 1.875], "rotation": 270, "texture": "#3"},
				"south": {"uv": [0.75, 2.25, 0, 2.75], "texture": "#3"},
				"west": {"uv": [0, 0, 0, 0], "texture": "#3"},
				"up": {"uv": [0, 2.25, 0.75, 1.875], "rotation": 180, "texture": "#3"},
				"down": {"uv": [0.75, 1.875, 0, 2.25], "rotation": 180, "texture": "#3"}
			}
		},
		{
			"name": "stellar",
			"from": [16.15436, 5.85113, 6.64094],
			"to": [22.49665, 10.12966, 9.35906],
			"rotation": {"angle": 22.5, "axis": "y", "origin": [8, 7.9904, 8]},
			"faces": {
				"north": {"uv": [0.75, 2.5, 1.5, 3], "texture": "#3"},
				"east": {"uv": [0.75, 2.875, 0.375, 2.375], "rotation": 180, "texture": "#3"},
				"south": {"uv": [1, 2.75, 0.25, 3.25], "texture": "#3"},
				"west": {"uv": [0, 0, 0, 0], "texture": "#3"},
				"up": {"uv": [0.75, 2.375, 0.375, 3.125], "rotation": 90, "texture": "#3"},
				"down": {"uv": [0.375, 2.375, 0.75, 3.125], "rotation": 90, "texture": "#3"}
			}
		},
		{
			"name": "stellar",
			"from": [6.64094, 5.85113, -6.49665],
			"to": [9.35906, 10.12966, -0.15436],
			"rotation": {"angle": -45, "axis": "y", "origin": [8, 7.9904, 8]},
			"faces": {
				"north": {"uv": [0.75, 3.75, 1.125, 3.25], "rotation": 180, "texture": "#3"},
				"east": {"uv": [1.875, 3.5, 1.125, 4], "texture": "#3"},
				"south": {"uv": [0, 0, 0, 0], "texture": "#3"},
				"west": {"uv": [0.75, 3.5, 0, 4], "texture": "#3"},
				"up": {"uv": [1.125, 4, 0.75, 3.25], "rotation": 180, "texture": "#3"},
				"down": {"uv": [0.75, 3.25, 1.125, 4], "texture": "#3"}
			}
		},
		{
			"name": "stellar",
			"from": [6.64094, 5.85113, -6.49665],
			"to": [9.35906, 10.12966, -0.15436],
			"rotation": {"angle": -22.5, "axis": "y", "origin": [8, 7.9904, 8]},
			"faces": {
				"north": {"uv": [0.5, 3.625, 0, 3.25], "rotation": 90, "texture": "#3"},
				"east": {"uv": [1.125, 3.25, 0.375, 2.75], "texture": "#3"},
				"south": {"uv": [0, 0, 0, 0], "texture": "#3"},
				"west": {"uv": [0.375, 3.5, 1.125, 4], "texture": "#3"},
				"up": {"uv": [0.375, 3.25, 1.25, 3.625], "rotation": 90, "texture": "#3"},
				"down": {"uv": [0.375, 3.25, 1.25, 3.625], "rotation": 90, "texture": "#3"}
			}
		},
		{
			"name": "stellar",
			"from": [6.64094, 5.85113, -6.49665],
			"to": [9.35906, 10.12966, -0.15436],
			"rotation": {"angle": 0, "axis": "y", "origin": [-2, -1.99343, -2]},
			"faces": {
				"north": {"uv": [1.875, 3.25, 2.25, 3.75], "texture": "#3"},
				"east": {"uv": [1.125, 3.375, 1.875, 3.875], "texture": "#3"},
				"south": {"uv": [0, 0, 0, 0], "texture": "#3"},
				"west": {"uv": [2.125, 3.375, 2.875, 3.875], "texture": "#3"},
				"up": {"uv": [2.25, 3.25, 1.875, 4], "texture": "#3"},
				"down": {"uv": [2.25, 3.25, 1.875, 4], "texture": "#3"}
			}
		},
		{
			"name": "stellar",
			"from": [6.64094, 5.85113, -6.49665],
			"to": [9.35906, 10.12966, -0.15436],
			"rotation": {"angle": 22.5, "axis": "y", "origin": [8, 7.9904, 8]},
			"faces": {
				"north": {"uv": [3.25, 3.625, 2.75, 3.25], "rotation": 90, "texture": "#3"},
				"east": {"uv": [3.375, 3.5, 2.875, 2.75], "rotation": 90, "texture": "#3"},
				"south": {"uv": [0, 0, 0, 0], "texture": "#3"},
				"west": {"uv": [3.375, 3.25, 2.875, 4], "rotation": 90, "texture": "#3"},
				"up": {"uv": [3.625, 3.25, 2.75, 3.625], "rotation": 90, "texture": "#3"},
				"down": {"uv": [3.625, 3.25, 2.75, 3.625], "rotation": 90, "texture": "#3"}
			}
		},
		{
			"name": "stellar",
			"from": [6.64094, 5.85113, -6.49665],
			"to": [9.35906, 10.12966, -0.15436],
			"rotation": {"angle": 45, "axis": "y", "origin": [8, 7.9904, 8]},
			"faces": {
				"north": {"uv": [2.875, 3.75, 3.25, 3.25], "texture": "#3"},
				"east": {"uv": [3.125, 3.25, 2.375, 3.75], "rotation": 180, "texture": "#3"},
				"south": {"uv": [0, 0, 0, 0], "texture": "#3"},
				"west": {"uv": [3.125, 3.875, 3.875, 3.375], "texture": "#3"},
				"up": {"uv": [2.875, 3.25, 3.25, 4], "rotation": 180, "texture": "#3"},
				"down": {"uv": [2.875, 3.25, 3.25, 4], "rotation": 180, "texture": "#3"}
			}
		},
		{
			"name": "stellar",
			"from": [-6.49665, 5.85113, 6.64094],
			"to": [-0.15436, 10.12966, 9.35906],
			"rotation": {"angle": -22.5, "axis": "y", "origin": [8, 7.9904, 8]},
			"faces": {
				"north": {"uv": [2.625, 3, 3.375, 2.5], "texture": "#3"},
				"east": {"uv": [0, 0, 0, 0], "texture": "#3"},
				"south": {"uv": [4, 2.5, 3.5, 3.25], "rotation": 90, "texture": "#3"},
				"west": {"uv": [3.25, 3.125, 3.625, 2.625], "texture": "#3"},
				"up": {"uv": [3.25, 2.375, 3.625, 3.125], "rotation": 90, "texture": "#3"},
				"down": {"uv": [3.625, 3.125, 3.25, 2.375], "rotation": 90, "texture": "#3"}
			}
		},
		{
			"name": "stellar",
			"from": [-6.49665, 5.85113, 6.64094],
			"to": [-0.15436, 10.12966, 9.35906],
			"rotation": {"angle": 0, "axis": "y", "origin": [-2, -1.99343, -2]},
			"faces": {
				"north": {"uv": [3.875, 2.375, 3.125, 1.875], "texture": "#3"},
				"east": {"uv": [0, 0, 0, 0], "texture": "#3"},
				"south": {"uv": [4, 2, 3.25, 1.5], "texture": "#3"},
				"west": {"uv": [3.25, 1.875, 3.75, 2.25], "rotation": 90, "texture": "#3"},
				"up": {"uv": [4, 1.875, 3.25, 2.25], "rotation": 180, "texture": "#3"},
				"down": {"uv": [3.25, 2.25, 4, 1.875], "rotation": 180, "texture": "#3"}
			}
		},
		{
			"name": "stellar",
			"from": [-6.49665, 5.85113, 6.64094],
			"to": [-0.15436, 10.12966, 9.35906],
			"rotation": {"angle": 22.5, "axis": "y", "origin": [8, 7.9904, 8]},
			"faces": {
				"north": {"uv": [3.375, 1, 2.875, 1.75], "rotation": 90, "texture": "#3"},
				"east": {"uv": [0, 0, 0, 0], "texture": "#3"},
				"south": {"uv": [3.25, 1.5, 4, 2], "texture": "#3"},
				"west": {"uv": [3.625, 0.875, 3.25, 1.375], "texture": "#3"},
				"up": {"uv": [3.625, 1.625, 3.25, 0.875], "rotation": 90, "texture": "#3"},
				"down": {"uv": [3.25, 1.625, 3.625, 0.875], "rotation": 90, "texture": "#3"}
			}
		},
		{
			"name": "stellar",
			"from": [-1.16108, 10.63301, 9.86241],
			"to": [-7, 5.34777, 6.13759],
			"rotation": {"angle": 0, "axis": "y", "origin": [-2, -1.99343, -2]},
			"faces": {
				"north": {"uv": [4, 2, 3.25, 1.5], "rotation": 180, "texture": "#3"},
				"east": {"uv": [3.25, 1.875, 3.75, 2.25], "rotation": 180, "texture": "#3"},
				"south": {"uv": [3.875, 2.375, 3.125, 1.875], "rotation": 180, "texture": "#3"},
				"up": {"uv": [3.25, 2.25, 4, 1.875], "rotation": 180, "texture": "#3"},
				"down": {"uv": [4, 1.875, 3.25, 2.25], "rotation": 180, "texture": "#3"}
			}
		},
		{
			"name": "stellar",
			"from": [-1.16108, 10.63301, 9.86241],
			"to": [-7, 5.34777, 6.13759],
			"rotation": {"angle": -22.5, "axis": "y", "origin": [8, 7.9904, 8]},
			"faces": {
				"north": {"uv": [4, 2.5, 3.5, 3.25], "rotation": 180, "texture": "#3"},
				"east": {"uv": [3.25, 3.125, 3.625, 2.625], "rotation": 180, "texture": "#3"},
				"south": {"uv": [2.625, 3, 3.375, 2.5], "rotation": 180, "texture": "#3"},
				"up": {"uv": [3.625, 3.125, 3.25, 2.375], "rotation": 180, "texture": "#3"},
				"down": {"uv": [3.25, 2.375, 3.625, 3.125], "rotation": 180, "texture": "#3"}
			}
		},
		{
			"name": "stellar",
			"from": [9.86241, 10.63301, -2.92282],
			"to": [6.13759, 5.34777, -7],
			"rotation": {"angle": 45, "axis": "y", "origin": [8, 7.9904, 8]},
			"faces": {
				"east": {"uv": [3.125, 3.875, 3.875, 3.375], "rotation": 180, "texture": "#3"},
				"south": {"uv": [2.875, 3.75, 3.25, 3.25], "rotation": 180, "texture": "#3"},
				"west": {"uv": [3.125, 3.25, 2.375, 3.75], "rotation": 180, "texture": "#3"},
				"up": {"uv": [2.875, 3.25, 3.25, 4], "rotation": 180, "texture": "#3"},
				"down": {"uv": [2.875, 3.25, 3.25, 4], "rotation": 180, "texture": "#3"}
			}
		},
		{
			"name": "stellar",
			"from": [9.86241, 10.63301, -1.16108],
			"to": [6.13759, 5.34777, -7],
			"rotation": {"angle": 22.5, "axis": "y", "origin": [8, 7.9904, 8]},
			"faces": {
				"east": {"uv": [3.375, 3.25, 2.875, 4], "rotation": 180, "texture": "#3"},
				"south": {"uv": [3.25, 3.625, 2.75, 3.25], "rotation": 180, "texture": "#3"},
				"west": {"uv": [3.375, 3.5, 2.875, 2.75], "rotation": 180, "texture": "#3"},
				"up": {"uv": [3.625, 3.25, 2.75, 3.625], "rotation": 180, "texture": "#3"},
				"down": {"uv": [3.625, 3.25, 2.75, 3.625], "rotation": 180, "texture": "#3"}
			}
		},
		{
			"name": "stellar",
			"from": [9.86241, 10.63301, -1.16108],
			"to": [6.13759, 5.34777, -7],
			"rotation": {"angle": 0, "axis": "y", "origin": [-2, -1.99343, -2]},
			"faces": {
				"east": {"uv": [2.125, 3.375, 2.875, 3.875], "rotation": 180, "texture": "#3"},
				"south": {"uv": [1.875, 3.25, 2.25, 3.75], "rotation": 180, "texture": "#3"},
				"west": {"uv": [1.125, 3.375, 1.875, 3.875], "rotation": 180, "texture": "#3"},
				"up": {"uv": [2.25, 3.25, 1.875, 4], "rotation": 180, "texture": "#3"},
				"down": {"uv": [2.25, 3.25, 1.875, 4], "rotation": 180, "texture": "#3"}
			}
		},
		{
			"name": "stellar",
			"from": [9.86241, 10.63301, -1.41275],
			"to": [6.13759, 5.34777, -7],
			"rotation": {"angle": -22.5, "axis": "y", "origin": [8, 7.9904, 8]},
			"faces": {
				"east": {"uv": [0.375, 3.5, 1.125, 4], "rotation": 180, "texture": "#3"},
				"south": {"uv": [0.5, 3.625, 0, 3.25], "rotation": 180, "texture": "#3"},
				"west": {"uv": [1.125, 3.25, 0.375, 2.75], "rotation": 180, "texture": "#3"},
				"up": {"uv": [0.375, 3.25, 1.25, 3.625], "rotation": 180, "texture": "#3"},
				"down": {"uv": [0.375, 3.25, 1.25, 3.625], "rotation": 180, "texture": "#3"}
			}
		},
		{
			"name": "stellar",
			"from": [9.86241, 10.63301, -3.1745],
			"to": [6.13759, 5.34777, -7],
			"rotation": {"angle": -45, "axis": "y", "origin": [8, 7.9904, 8]},
			"faces": {
				"east": {"uv": [0.75, 3.5, 0, 4], "rotation": 180, "texture": "#3"},
				"south": {"uv": [0.75, 3.75, 1.125, 3.25], "rotation": 180, "texture": "#3"},
				"west": {"uv": [1.875, 3.5, 1.125, 4], "rotation": 180, "texture": "#3"},
				"up": {"uv": [0.75, 3.25, 1.125, 4], "rotation": 180, "texture": "#3"},
				"down": {"uv": [1.125, 4, 0.75, 3.25], "rotation": 180, "texture": "#3"}
			}
		},
		{
			"name": "stellar",
			"from": [23, 10.63301, 9.86241],
			"to": [17.16108, 5.34777, 6.13759],
			"rotation": {"angle": 22.5, "axis": "y", "origin": [8, 7.9904, 8]},
			"faces": {
				"north": {"uv": [1, 2.75, 0.25, 3.25], "rotation": 180, "texture": "#3"},
				"south": {"uv": [0.75, 2.5, 1.5, 3], "rotation": 180, "texture": "#3"},
				"west": {"uv": [0.75, 2.875, 0.375, 2.375], "rotation": 180, "texture": "#3"},
				"up": {"uv": [0.375, 2.375, 0.75, 3.125], "rotation": 180, "texture": "#3"},
				"down": {"uv": [0.75, 2.375, 0.375, 3.125], "rotation": 180, "texture": "#3"}
			}
		},
		{
			"name": "stellar",
			"from": [23, 10.63301, 9.86241],
			"to": [17.16108, 5.34777, 6.13759],
			"rotation": {"angle": 0, "axis": "y", "origin": [-2, -1.99343, -2]},
			"faces": {
				"north": {"uv": [0.75, 2.25, 0, 2.75], "rotation": 180, "texture": "#3"},
				"south": {"uv": [0, 2.5, 0.75, 3], "rotation": 180, "texture": "#3"},
				"west": {"uv": [0.5, 2.25, 0, 1.875], "rotation": 180, "texture": "#3"},
				"up": {"uv": [0.75, 1.875, 0, 2.25], "rotation": 180, "texture": "#3"},
				"down": {"uv": [0, 2.25, 0.75, 1.875], "rotation": 180, "texture": "#3"}
			}
		},
		{
			"name": "stellar",
			"from": [23, 10.63301, 9.86241],
			"to": [17.16108, 5.34777, 6.13759],
			"rotation": {"angle": -22.5, "axis": "y", "origin": [8, 7.9904, 8]},
			"faces": {
				"north": {"uv": [1.125, 1.375, 0.375, 0.875], "rotation": 180, "texture": "#3"},
				"south": {"uv": [1, 1.25, 0.25, 1.75], "rotation": 180, "texture": "#3"},
				"west": {"uv": [0.375, 1.375, 0.75, 0.875], "rotation": 180, "texture": "#3"},
				"up": {"uv": [0.5, 1.25, 0.875, 0.5], "rotation": 180, "texture": "#3"},
				"down": {"uv": [0.75, 1.625, 0.375, 0.875], "rotation": 180, "texture": "#3"}
			}
		},
		{
			"name": "stellar",
			"from": [23, 10.63301, 9.86241],
			"to": [19.1745, 5.34777, 6.13759],
			"rotation": {"angle": -45, "axis": "y", "origin": [8, 7.9904, 8]},
			"faces": {
				"north": {"uv": [0.875, 0.625, 0.125, 0.125], "rotation": 180, "texture": "#3"},
				"south": {"uv": [1, 0.875, 1.75, 0.375], "rotation": 180, "texture": "#3"},
				"west": {"uv": [1.125, 0.5, 0.75, 0], "rotation": 180, "texture": "#3"},
				"up": {"uv": [1.125, 0, 0.75, 0.75], "rotation": 180, "texture": "#3"},
				"down": {"uv": [0.75, 0.75, 1.125, 0], "rotation": 180, "texture": "#3"}
			}
		},
		{
			"name": "stellar",
			"from": [9.86241, 10.63301, 23],
			"to": [6.13759, 5.34777, 17.41275],
			"rotation": {"angle": -22.5, "axis": "y", "origin": [8, 7.9904, 8]},
			"faces": {
				"north": {"uv": [3.25, 0.375, 2.75, 0.75], "rotation": 180, "texture": "#3"},
				"east": {"uv": [3.125, 0.625, 2.375, 1.125], "rotation": 180, "texture": "#3"},
				"west": {"uv": [3.25, 0.625, 4, 1.125], "rotation": 180, "texture": "#3"},
				"up": {"uv": [2.75, 0.375, 3.625, 0.75], "rotation": 180, "texture": "#3"},
				"down": {"uv": [2.75, 0.375, 3.625, 0.75], "rotation": 180, "texture": "#3"}
			}
		},
		{
			"name": "stellar",
			"from": [9.86241, 10.63301, 23],
			"to": [6.13759, 5.34777, 17.16108],
			"rotation": {"angle": 0, "axis": "y", "origin": [-2, -1.99343, -2]},
			"faces": {
				"north": {"uv": [2.25, 0, 1.875, 0.5], "rotation": 180, "texture": "#3"},
				"east": {"uv": [2.875, 0.125, 2.125, 0.625], "rotation": 180, "texture": "#3"},
				"west": {"uv": [2.375, 0.5, 1.625, 1], "rotation": 180, "texture": "#3"},
				"up": {"uv": [2.25, 0, 1.875, 0.75], "rotation": 180, "texture": "#3"},
				"down": {"uv": [2.25, 0.75, 1.875, 0], "rotation": 180, "texture": "#3"}
			}
		},
		{
			"name": "stellar",
			"from": [9.86241, 10.63301, 23],
			"to": [6.13759, 5.34777, 17.41275],
			"rotation": {"angle": 22.5, "axis": "y", "origin": [8, 7.9904, 8]},
			"faces": {
				"north": {"uv": [1.125, 1.125, 0.625, 0.75], "rotation": 180, "texture": "#3"},
				"east": {"uv": [0.25, 0.125, 1, 0.625], "rotation": 180, "texture": "#3"},
				"west": {"uv": [0.75, 0.875, 1.5, 1.375], "rotation": 180, "texture": "#3"},
				"up": {"uv": [0.375, 0.75, 1.25, 0.375], "rotation": 180, "texture": "#3"},
				"down": {"uv": [0.375, 0.75, 1.25, 0.375], "rotation": 180, "texture": "#3"}
			}
		},
		{
			"name": "stellar",
			"from": [-2.92282, 10.63301, 9.86241],
			"to": [-7, 5.34777, 6.13759],
			"rotation": {"angle": 45, "axis": "y", "origin": [8, 7.9904, 8]},
			"faces": {
				"north": {"uv": [3.125, 0.75, 3.875, 0.25], "rotation": 180, "texture": "#3"},
				"east": {"uv": [2.875, 0.5, 3.25, 0], "rotation": 180, "texture": "#3"},
				"south": {"uv": [2.5, 0.75, 3.25, 0.25], "rotation": 180, "texture": "#3"},
				"up": {"uv": [2.875, 0, 3.25, 0.75], "rotation": 180, "texture": "#3"},
				"down": {"uv": [2.875, 0, 3.25, 0.75], "rotation": 180, "texture": "#3"}
			}
		},
		{
			"name": "stellar",
			"from": [-1.16108, 10.63301, 9.86241],
			"to": [-7, 5.34777, 6.13759],
			"rotation": {"angle": 22.5, "axis": "y", "origin": [8, 7.9904, 8]},
			"faces": {
				"north": {"uv": [3.25, 1.5, 4, 2], "rotation": 180, "texture": "#3"},
				"east": {"uv": [3.625, 0.875, 3.25, 1.375], "rotation": 180, "texture": "#3"},
				"south": {"uv": [3.375, 1, 2.875, 1.75], "rotation": 180, "texture": "#3"},
				"up": {"uv": [3.25, 1.625, 3.625, 0.875], "rotation": 180, "texture": "#3"},
				"down": {"uv": [3.625, 1.625, 3.25, 0.875], "rotation": 180, "texture": "#3"}
			}
		}
	],
	"display": {
		"thirdperson_righthand": {
			"scale": [0, 0, 0]
		},
		"thirdperson_lefthand": {
			"rotation": [67.21, -1.97, 79.74],
			"translation": [1.5, -0.5, 1],
			"scale": [0.45, 0.45, 0.45]
		},
		"firstperson_righthand": {
			"scale": [0, 0, 0]
		},
		"firstperson_lefthand": {
			"rotation": [-64.79, 5.55, 64.96],
			"translation": [5.5, 1.75, -1.75],
			"scale": [0.55, 0.45, 0.55]
		},
		"gui": {
			"rotation": [-169.26, 46.26, -121.65]
		}
	}
}