{
	"credit": "Made with Blockbench",
	"textures": {
		"0": "kello:item/decal/wall_mellolily"
	},
	"elements": [
		{
			"from": [12.05461, 6.07509, 16.60068],
			"to": [12.05461, 8.12287, 18.64846],
			"rotation": {"angle": -45, "axis": "y", "origin": [12.05461, 6.07509, 17.62457]},
			"faces": {
				"east": {"uv": [14.75, 1.25, 16, 2.5], "texture": "#0"},
				"west": {"uv": [16, 1.25, 14.75, 2.5], "texture": "#0"}
			}
		},
		{
			"from": [10.94881, 4.51877, 16.15017],
			"to": [10.94881, 6.56655, 18.19795],
			"rotation": {"angle": 45, "axis": "y", "origin": [10.94881, 4.51877, 17.17406]},
			"faces": {
				"east": {"uv": [16, 1.25, 14.75, 2.5], "texture": "#0", "tintindex": 0},
				"west": {"uv": [14.75, 1.25, 16, 2.5], "texture": "#0", "tintindex": 0}
			}
		},
		{
			"from": [9.43345, 5.21502, 15.53584],
			"to": [9.43345, 7.2628, 17.58362],
			"rotation": {"angle": -45, "axis": "y", "origin": [9.43345, 5.21502, 16.55973]},
			"faces": {
				"east": {"uv": [14.75, 3.75, 16, 5], "texture": "#0", "tintindex": 0},
				"west": {"uv": [16, 3.75, 14.75, 5], "texture": "#0", "tintindex": 0}
			}
		},
		{
			"from": [14.34812, 6.8942, 12.58703],
			"to": [14.34812, 8.94198, 14.63481],
			"rotation": {"angle": -45, "axis": "y", "origin": [14.34812, 6.8942, 13.61092]},
			"faces": {
				"east": {"uv": [14.75, 2.5, 16, 3.75], "texture": "#0"},
				"west": {"uv": [16, 2.5, 14.75, 3.75], "texture": "#0"}
			}
		},
		{
			"from": [14.34812, 6.8942, 12.58703],
			"to": [14.34812, 8.94198, 14.63481],
			"rotation": {"angle": 45, "axis": "y", "origin": [14.34812, 6.8942, 13.61092]},
			"faces": {
				"east": {"uv": [16, 2.5, 14.75, 3.75], "texture": "#0"},
				"west": {"uv": [14.75, 2.5, 16, 3.75], "texture": "#0"}
			}
		},
		{
			"from": [12.30034, 9.02389, 12.58703],
			"to": [12.30034, 11.07167, 14.63481],
			"rotation": {"angle": 45, "axis": "y", "origin": [12.30034, 9.02389, 13.61092]},
			"faces": {
				"east": {"uv": [16, 0, 14.75, 1.25], "texture": "#0"},
				"west": {"uv": [14.75, 0, 16, 1.25], "texture": "#0"}
			}
		},
		{
			"from": [10.66212, 8.12287, 12.58703],
			"to": [10.66212, 10.17065, 14.63481],
			"rotation": {"angle": -45, "axis": "y", "origin": [10.66212, 8.12287, 13.61092]},
			"faces": {
				"east": {"uv": [14.75, 1.25, 16, 2.5], "texture": "#0", "tintindex": 0},
				"west": {"uv": [16, 1.25, 14.75, 2.5], "texture": "#0", "tintindex": 0}
			}
		},
		{
			"from": [9.02389, 8.12287, 12.58703],
			"to": [9.02389, 10.17065, 14.63481],
			"rotation": {"angle": -45, "axis": "y", "origin": [9.02389, 8.12287, 13.61092]},
			"faces": {
				"east": {"uv": [14.75, 0, 16, 1.25], "texture": "#0"},
				"west": {"uv": [16, 0, 14.75, 1.25], "texture": "#0"}
			}
		},
		{
			"from": [8.20478, 10.53925, 12.62799],
			"to": [8.20478, 12.58703, 14.67577],
			"rotation": {"angle": 45, "axis": "y", "origin": [8.20478, 10.53925, 13.65188]},
			"faces": {
				"east": {"uv": [16, 2.5, 14.75, 3.75], "texture": "#0"},
				"west": {"uv": [14.75, 2.5, 16, 3.75], "texture": "#0"}
			}
		},
		{
			"from": [8.20478, 10.53925, 12.62799],
			"to": [8.20478, 12.58703, 14.67577],
			"rotation": {"angle": -45, "axis": "y", "origin": [8.20478, 10.53925, 13.65188]},
			"faces": {
				"east": {"uv": [14.75, 2.5, 16, 3.75], "texture": "#0"},
				"west": {"uv": [16, 2.5, 14.75, 3.75], "texture": "#0"}
			}
		},
		{
			"from": [6.157, 11.35836, 12.62799],
			"to": [6.157, 13.40614, 14.67577],
			"rotation": {"angle": -45, "axis": "y", "origin": [6.157, 11.35836, 13.65188]},
			"faces": {
				"east": {"uv": [14.75, 1.25, 16, 2.5], "texture": "#0", "tintindex": 0},
				"west": {"uv": [16, 1.25, 14.75, 2.5], "texture": "#0", "tintindex": 0}
			}
		},
		{
			"from": [5.66553, 6.07509, 13.93857],
			"to": [5.66553, 8.12287, 15.98635],
			"rotation": {"angle": 45, "axis": "y", "origin": [5.66553, 6.07509, 14.96246]},
			"faces": {
				"east": {"uv": [16, 0, 14.75, 1.25], "texture": "#0"},
				"west": {"uv": [14.75, 0, 16, 1.25], "texture": "#0"}
			}
		},
		{
			"from": [6.44369, 3.20819, 14.26621],
			"to": [6.44369, 5.25597, 16.31399],
			"rotation": {"angle": 45, "axis": "y", "origin": [6.44369, 3.20819, 15.2901]},
			"faces": {
				"east": {"uv": [16, 3.75, 14.75, 5], "texture": "#0"},
				"west": {"uv": [14.75, 3.75, 16, 5], "texture": "#0"}
			}
		},
		{
			"from": [5.99317, 5.29693, 8.32765],
			"to": [5.99317, 7.34471, 10.37543],
			"rotation": {"angle": 45, "axis": "y", "origin": [5.99317, 5.29693, 9.35154]},
			"faces": {
				"east": {"uv": [16, 2.5, 14.75, 3.75], "texture": "#0"},
				"west": {"uv": [14.75, 2.5, 16, 3.75], "texture": "#0"}
			}
		},
		{
			"from": [5.99317, 5.29693, 8.32765],
			"to": [5.99317, 7.34471, 10.37543],
			"rotation": {"angle": -45, "axis": "y", "origin": [5.99317, 5.29693, 9.35154]},
			"faces": {
				"east": {"uv": [14.75, 2.5, 16, 3.75], "texture": "#0"},
				"west": {"uv": [16, 2.5, 14.75, 3.75], "texture": "#0"}
			}
		},
		{
			"from": [13.97952, 9.88396, 4.96928],
			"to": [13.97952, 11.93174, 7.01706],
			"rotation": {"angle": -45, "axis": "y", "origin": [13.97952, 9.88396, 5.99317]},
			"faces": {
				"east": {"uv": [14.75, 3.75, 16, 5], "texture": "#0", "tintindex": 0},
				"west": {"uv": [16, 3.75, 14.75, 5], "texture": "#0", "tintindex": 0}
			}
		},
		{
			"from": [14.38908, 5.74744, 4.84642],
			"to": [14.38908, 7.79522, 6.8942],
			"rotation": {"angle": 45, "axis": "y", "origin": [14.38908, 5.74744, 5.87031]},
			"faces": {
				"east": {"uv": [16, 2.5, 14.75, 3.75], "texture": "#0"},
				"west": {"uv": [14.75, 2.5, 16, 3.75], "texture": "#0"}
			}
		},
		{
			"from": [14.38908, 5.74744, 4.84642],
			"to": [14.38908, 7.79522, 6.8942],
			"rotation": {"angle": -45, "axis": "y", "origin": [14.38908, 5.74744, 5.87031]},
			"faces": {
				"east": {"uv": [14.75, 2.5, 16, 3.75], "texture": "#0"},
				"west": {"uv": [16, 2.5, 14.75, 3.75], "texture": "#0"}
			}
		},
		{
			"from": [12.50512, 8.53242, 5.54266],
			"to": [12.50512, 10.5802, 7.59044],
			"rotation": {"angle": 45, "axis": "y", "origin": [12.50512, 8.53242, 6.56655]},
			"faces": {
				"east": {"uv": [16, 0, 14.75, 1.25], "texture": "#0"},
				"west": {"uv": [14.75, 0, 16, 1.25], "texture": "#0"}
			}
		},
		{
			"from": [12.50512, 8.53242, 5.54266],
			"to": [12.50512, 10.5802, 7.59044],
			"rotation": {"angle": -45, "axis": "y", "origin": [12.50512, 8.53242, 6.56655]},
			"faces": {
				"east": {"uv": [14.75, 0, 16, 1.25], "texture": "#0"},
				"west": {"uv": [16, 0, 14.75, 1.25], "texture": "#0"}
			}
		},
		{
			"from": [9.76109, 8.90102, 6.77133],
			"to": [9.76109, 10.94881, 8.81911],
			"rotation": {"angle": 45, "axis": "y", "origin": [9.76109, 8.90102, 7.79522]},
			"faces": {
				"east": {"uv": [16, 1.25, 14.75, 2.5], "texture": "#0", "tintindex": 0},
				"west": {"uv": [14.75, 1.25, 16, 2.5], "texture": "#0", "tintindex": 0}
			}
		},
		{
			"from": [10.5802, 6.44369, 6.44369],
			"to": [10.5802, 8.49147, 8.49147],
			"rotation": {"angle": 45, "axis": "y", "origin": [10.5802, 6.44369, 7.46758]},
			"faces": {
				"east": {"uv": [16, 0, 14.75, 1.25], "texture": "#0"},
				"west": {"uv": [14.75, 0, 16, 1.25], "texture": "#0"}
			}
		},
		{
			"from": [10.5802, 6.44369, 6.44369],
			"to": [10.5802, 8.49147, 8.49147],
			"rotation": {"angle": -45, "axis": "y", "origin": [10.5802, 6.44369, 7.46758]},
			"faces": {
				"east": {"uv": [14.75, 0, 16, 1.25], "texture": "#0"},
				"west": {"uv": [16, 0, 14.75, 1.25], "texture": "#0"}
			}
		},
		{
			"from": [7.54949, 7.2628, 7.67235],
			"to": [7.54949, 9.31058, 9.72014],
			"rotation": {"angle": 45, "axis": "y", "origin": [7.54949, 7.2628, 8.69625]},
			"faces": {
				"east": {"uv": [16, 2.5, 14.75, 3.75], "texture": "#0"},
				"west": {"uv": [14.75, 2.5, 16, 3.75], "texture": "#0"}
			}
		},
		{
			"from": [7.54949, 7.2628, 7.67235],
			"to": [7.54949, 9.31058, 9.72014],
			"rotation": {"angle": -45, "axis": "y", "origin": [7.54949, 7.2628, 8.69625]},
			"faces": {
				"east": {"uv": [14.75, 2.5, 16, 3.75], "texture": "#0"},
				"west": {"uv": [16, 2.5, 14.75, 3.75], "texture": "#0"}
			}
		},
		{
			"from": [7.95904, 3.98635, 14.88055],
			"to": [7.95904, 6.03413, 16.92833],
			"rotation": {"angle": -45, "axis": "y", "origin": [7.95904, 3.98635, 15.90444]},
			"faces": {
				"east": {"uv": [14.75, 0, 16, 1.25], "texture": "#0"},
				"west": {"uv": [16, 0, 14.75, 1.25], "texture": "#0"}
			}
		},
		{
			"from": [7.95904, 3.98635, 14.88055],
			"to": [7.95904, 6.03413, 16.92833],
			"rotation": {"angle": 45, "axis": "y", "origin": [7.95904, 3.98635, 15.90444]},
			"faces": {
				"east": {"uv": [16, 0, 14.75, 1.25], "texture": "#0"},
				"west": {"uv": [14.75, 0, 16, 1.25], "texture": "#0"}
			}
		},
		{
			"from": [7.95904, 0.30034, 11.19454],
			"to": [7.95904, 2.34812, 13.24232],
			"rotation": {"angle": -45, "axis": "y", "origin": [7.95904, 0.30034, 12.21843]},
			"faces": {
				"east": {"uv": [14.75, 2.5, 16, 3.75], "texture": "#0"},
				"west": {"uv": [16, 2.5, 14.75, 3.75], "texture": "#0"}
			}
		},
		{
			"from": [7.95904, 0.30034, 11.19454],
			"to": [7.95904, 2.34812, 13.24232],
			"rotation": {"angle": 45, "axis": "y", "origin": [7.95904, 0.30034, 12.21843]},
			"faces": {
				"east": {"uv": [16, 2.5, 14.75, 3.75], "texture": "#0"},
				"west": {"uv": [14.75, 2.5, 16, 3.75], "texture": "#0"}
			}
		},
		{
			"from": [7.54949, 0.7099, -0.0273],
			"to": [7.54949, 2.75768, 2.02048],
			"rotation": {"angle": -45, "axis": "y", "origin": [7.54949, 0.7099, 0.99659]},
			"faces": {
				"east": {"uv": [14.75, 4, 16, 5.25], "texture": "#0"},
				"west": {"uv": [16, 4, 14.75, 5.25], "texture": "#0"}
			}
		},
		{
			"from": [10.5802, -0.10922, 1.20137],
			"to": [10.5802, 1.93857, 3.24915],
			"rotation": {"angle": 45, "axis": "y", "origin": [10.5802, -0.10922, 2.22526]},
			"faces": {
				"east": {"uv": [16, 0, 14.75, 1.25], "texture": "#0"},
				"west": {"uv": [14.75, 0, 16, 1.25], "texture": "#0"}
			}
		},
		{
			"from": [10.5802, -0.10922, 1.20137],
			"to": [10.5802, 1.93857, 3.24915],
			"rotation": {"angle": -45, "axis": "y", "origin": [10.5802, -0.10922, 2.22526]},
			"faces": {
				"east": {"uv": [14.75, 0, 16, 1.25], "texture": "#0"},
				"west": {"uv": [16, 0, 14.75, 1.25], "texture": "#0"}
			}
		},
		{
			"from": [9.76109, 2.34812, 0.87372],
			"to": [9.76109, 4.3959, 2.9215],
			"rotation": {"angle": -45, "axis": "y", "origin": [9.76109, 2.34812, 1.89761]},
			"faces": {
				"east": {"uv": [14.75, 1.25, 16, 2.5], "texture": "#0", "tintindex": 0},
				"west": {"uv": [16, 1.25, 14.75, 2.5], "texture": "#0", "tintindex": 0}
			}
		},
		{
			"from": [12.50512, 1.97952, 2.10239],
			"to": [12.50512, 4.0273, 4.15017],
			"rotation": {"angle": 45, "axis": "y", "origin": [12.50512, 1.97952, 3.12628]},
			"faces": {
				"east": {"uv": [16, 0, 14.75, 1.25], "texture": "#0"},
				"west": {"uv": [14.75, 0, 16, 1.25], "texture": "#0"}
			}
		},
		{
			"from": [12.50512, 1.97952, 2.10239],
			"to": [12.50512, 4.0273, 4.15017],
			"rotation": {"angle": -45, "axis": "y", "origin": [12.50512, 1.97952, 3.12628]},
			"faces": {
				"east": {"uv": [14.75, 0, 16, 1.25], "texture": "#0"},
				"west": {"uv": [16, 0, 14.75, 1.25], "texture": "#0"}
			}
		},
		{
			"from": [14.38908, -0.80546, 2.79863],
			"to": [14.38908, 1.24232, 4.84642],
			"rotation": {"angle": 45, "axis": "y", "origin": [14.38908, -0.80546, 3.82253]},
			"faces": {
				"east": {"uv": [16, 2.5, 14.75, 3.75], "texture": "#0"},
				"west": {"uv": [14.75, 2.5, 16, 3.75], "texture": "#0"}
			}
		},
		{
			"from": [14.38908, -0.80546, 2.79863],
			"to": [14.38908, 1.24232, 4.84642],
			"rotation": {"angle": -45, "axis": "y", "origin": [14.38908, -0.80546, 3.82253]},
			"faces": {
				"east": {"uv": [14.75, 2.5, 16, 3.75], "texture": "#0"},
				"west": {"uv": [16, 2.5, 14.75, 3.75], "texture": "#0"}
			}
		},
		{
			"from": [13.97952, 3.33106, 2.67577],
			"to": [13.97952, 5.37884, 4.72355],
			"rotation": {"angle": -45, "axis": "y", "origin": [13.97952, 3.33106, 3.69966]},
			"faces": {
				"east": {"uv": [14.75, 3.75, 16, 5], "texture": "#0", "tintindex": 0},
				"west": {"uv": [16, 3.75, 14.75, 5], "texture": "#0", "tintindex": 0}
			}
		},
		{
			"from": [5.99317, -1.25597, -0.68259],
			"to": [5.99317, 0.79181, 1.36519],
			"rotation": {"angle": 45, "axis": "y", "origin": [5.99317, -1.25597, 0.3413]},
			"faces": {
				"east": {"uv": [16, 2.5, 14.75, 3.75], "texture": "#0"},
				"west": {"uv": [14.75, 2.5, 16, 3.75], "texture": "#0"}
			}
		},
		{
			"from": [6.44369, -0.47782, 11.80887],
			"to": [6.44369, 1.56997, 13.85666],
			"rotation": {"angle": -45, "axis": "y", "origin": [6.44369, -0.47782, 12.83276]},
			"faces": {
				"east": {"uv": [14.75, 0, 16, 1.25], "texture": "#0"},
				"west": {"uv": [16, 0, 14.75, 1.25], "texture": "#0"}
			}
		},
		{
			"from": [6.44369, -0.47782, 11.80887],
			"to": [6.44369, 1.56997, 13.85666],
			"rotation": {"angle": 45, "axis": "y", "origin": [6.44369, -0.47782, 12.83276]},
			"faces": {
				"east": {"uv": [16, 0, 14.75, 1.25], "texture": "#0"},
				"west": {"uv": [14.75, 0, 16, 1.25], "texture": "#0"}
			}
		},
		{
			"from": [5.66553, 2.38908, 12.13652],
			"to": [5.66553, 4.43686, 14.1843],
			"rotation": {"angle": -45, "axis": "y", "origin": [5.66553, 2.38908, 13.16041]},
			"faces": {
				"east": {"uv": [14.75, 0, 16, 1.25], "texture": "#0"},
				"west": {"uv": [16, 0, 14.75, 1.25], "texture": "#0"}
			}
		},
		{
			"from": [5.66553, 2.38908, 12.13652],
			"to": [5.66553, 4.43686, 14.1843],
			"rotation": {"angle": 45, "axis": "y", "origin": [5.66553, 2.38908, 13.16041]},
			"faces": {
				"east": {"uv": [16, 0, 14.75, 1.25], "texture": "#0"},
				"west": {"uv": [14.75, 0, 16, 1.25], "texture": "#0"}
			}
		},
		{
			"from": [6.157, 8.08191, -2.11604],
			"to": [6.157, 10.12969, -0.06826],
			"rotation": {"angle": 45, "axis": "y", "origin": [6.157, 8.08191, -1.09215]},
			"faces": {
				"east": {"uv": [16, 1.25, 14.75, 2.5], "texture": "#0", "tintindex": 0},
				"west": {"uv": [14.75, 1.25, 16, 2.5], "texture": "#0", "tintindex": 0}
			}
		},
		{
			"from": [8.20478, 7.2628, -2.11604],
			"to": [8.20478, 9.31058, -0.06826],
			"rotation": {"angle": -45, "axis": "y", "origin": [8.20478, 7.2628, -1.09215]},
			"faces": {
				"east": {"uv": [14.75, 0, 16, 1.25], "texture": "#0"},
				"west": {"uv": [16, 0, 14.75, 1.25], "texture": "#0"}
			}
		},
		{
			"from": [9.02389, 4.84642, -2.07509],
			"to": [9.02389, 6.8942, -0.0273],
			"rotation": {"angle": 45, "axis": "y", "origin": [9.02389, 4.84642, -1.05119]},
			"faces": {
				"east": {"uv": [16, 0, 14.75, 1.25], "texture": "#0"},
				"west": {"uv": [14.75, 0, 16, 1.25], "texture": "#0"}
			}
		},
		{
			"from": [9.02389, 4.84642, -2.07509],
			"to": [9.02389, 6.8942, -0.0273],
			"rotation": {"angle": -45, "axis": "y", "origin": [9.02389, 4.84642, -1.05119]},
			"faces": {
				"east": {"uv": [14.75, 0, 16, 1.25], "texture": "#0"},
				"west": {"uv": [16, 0, 14.75, 1.25], "texture": "#0"}
			}
		},
		{
			"from": [10.66212, 4.84642, -2.07509],
			"to": [10.66212, 6.8942, -0.0273],
			"rotation": {"angle": -45, "axis": "y", "origin": [10.66212, 4.84642, -1.05119]},
			"faces": {
				"east": {"uv": [14.75, 1.25, 16, 2.5], "texture": "#0", "tintindex": 0},
				"west": {"uv": [16, 1.25, 14.75, 2.5], "texture": "#0", "tintindex": 0}
			}
		},
		{
			"from": [12.30034, 5.74744, -2.07509],
			"to": [12.30034, 7.79522, -0.0273],
			"rotation": {"angle": -45, "axis": "y", "origin": [12.30034, 5.74744, -1.05119]},
			"faces": {
				"east": {"uv": [14.75, 0, 16, 1.25], "texture": "#0"},
				"west": {"uv": [16, 0, 14.75, 1.25], "texture": "#0"}
			}
		},
		{
			"from": [12.30034, 5.74744, -2.07509],
			"to": [12.30034, 7.79522, -0.0273],
			"rotation": {"angle": 45, "axis": "y", "origin": [12.30034, 5.74744, -1.05119]},
			"faces": {
				"east": {"uv": [16, 0, 14.75, 1.25], "texture": "#0"},
				"west": {"uv": [14.75, 0, 16, 1.25], "texture": "#0"}
			}
		},
		{
			"from": [14.34812, 3.61775, -2.07509],
			"to": [14.34812, 5.66553, -0.0273],
			"rotation": {"angle": 45, "axis": "y", "origin": [14.34812, 3.61775, -1.05119]},
			"faces": {
				"east": {"uv": [16, 1.25, 14.75, 2.5], "texture": "#0"},
				"west": {"uv": [14.75, 1.25, 16, 2.5], "texture": "#0"}
			}
		},
		{
			"from": [9.43345, 1.52901, 10.53925],
			"to": [9.43345, 3.57679, 12.58703],
			"rotation": {"angle": -45, "axis": "y", "origin": [9.43345, 1.52901, 11.56314]},
			"faces": {
				"east": {"uv": [14.75, 3.75, 16, 5], "texture": "#0", "tintindex": 0},
				"west": {"uv": [16, 3.75, 14.75, 5], "texture": "#0", "tintindex": 0}
			}
		},
		{
			"from": [10.94881, 0.83276, 9.92491],
			"to": [10.94881, 2.88055, 11.9727],
			"rotation": {"angle": 45, "axis": "y", "origin": [10.94881, 0.83276, 10.94881]},
			"faces": {
				"east": {"uv": [16, 1.25, 14.75, 2.5], "texture": "#0", "tintindex": 0},
				"west": {"uv": [14.75, 1.25, 16, 2.5], "texture": "#0", "tintindex": 0}
			}
		},
		{
			"from": [12.05461, 2.38908, 9.4744],
			"to": [12.05461, 4.43686, 11.52218],
			"rotation": {"angle": -45, "axis": "y", "origin": [12.05461, 2.38908, 10.49829]},
			"faces": {
				"east": {"uv": [14.75, 2.5, 16, 3.75], "texture": "#0"},
				"west": {"uv": [16, 2.5, 14.75, 3.75], "texture": "#0"}
			}
		},
		{
			"from": [12.05461, 2.38908, 9.4744],
			"to": [12.05461, 4.43686, 11.52218],
			"rotation": {"angle": 45, "axis": "y", "origin": [12.05461, 2.38908, 10.49829]},
			"faces": {
				"east": {"uv": [16, 2.5, 14.75, 3.75], "texture": "#0"},
				"west": {"uv": [14.75, 2.5, 16, 3.75], "texture": "#0"}
			}
		},
		{
			"from": [7.95904, 13.8157, 7.50853],
			"to": [7.95904, 15.86348, 9.55631],
			"rotation": {"angle": -45, "axis": "y", "origin": [7.95904, 13.8157, 8.53242]},
			"faces": {
				"east": {"uv": [14.75, 0, 16, 1.25], "texture": "#0"},
				"west": {"uv": [16, 0, 14.75, 1.25], "texture": "#0"}
			}
		},
		{
			"from": [7.54949, 11.76792, 3.16724],
			"to": [7.54949, 13.8157, 5.21502],
			"rotation": {"angle": 45, "axis": "y", "origin": [7.54949, 11.76792, 4.19113]},
			"faces": {
				"east": {"uv": [16, 2.5, 14.75, 3.75], "texture": "#0"},
				"west": {"uv": [14.75, 2.5, 16, 3.75], "texture": "#0"}
			}
		},
		{
			"from": [10.5802, 10.94881, 1.93857],
			"to": [10.5802, 12.99659, 3.98635],
			"rotation": {"angle": -45, "axis": "y", "origin": [10.5802, 10.94881, 2.96246]},
			"faces": {
				"east": {"uv": [14.75, 3.75, 16, 5], "texture": "#0"},
				"west": {"uv": [16, 3.75, 14.75, 5], "texture": "#0"}
			}
		},
		{
			"from": [9.76109, 13.40614, 2.26621],
			"to": [9.76109, 15.45392, 4.31399],
			"rotation": {"angle": 45, "axis": "y", "origin": [9.76109, 13.40614, 3.2901]},
			"faces": {
				"east": {"uv": [16, 1.25, 14.75, 2.5], "texture": "#0", "tintindex": 0},
				"west": {"uv": [14.75, 1.25, 16, 2.5], "texture": "#0", "tintindex": 0}
			}
		},
		{
			"from": [12.50512, 13.03754, 1.03754],
			"to": [12.50512, 15.08532, 3.08532],
			"rotation": {"angle": -45, "axis": "y", "origin": [12.50512, 13.03754, 2.06143]},
			"faces": {
				"east": {"uv": [14.75, 0, 16, 1.25], "texture": "#0"},
				"west": {"uv": [16, 0, 14.75, 1.25], "texture": "#0"}
			}
		},
		{
			"from": [14.38908, 10.25256, 0.3413],
			"to": [14.38908, 12.30034, 2.38908],
			"rotation": {"angle": -45, "axis": "y", "origin": [14.38908, 10.25256, 1.36519]},
			"faces": {
				"east": {"uv": [14.75, 0, 16, 1.25], "texture": "#0"},
				"west": {"uv": [16, 0, 14.75, 1.25], "texture": "#0"}
			}
		},
		{
			"from": [14.38908, 10.25256, 0.3413],
			"to": [14.38908, 12.30034, 2.38908],
			"rotation": {"angle": 45, "axis": "y", "origin": [14.38908, 10.25256, 1.36519]},
			"faces": {
				"east": {"uv": [16, 0, 14.75, 1.25], "texture": "#0"},
				"west": {"uv": [14.75, 0, 16, 1.25], "texture": "#0"}
			}
		},
		{
			"from": [13.97952, 14.38908, 0.46416],
			"to": [13.97952, 16.43686, 2.51195],
			"rotation": {"angle": 45, "axis": "y", "origin": [13.97952, 14.38908, 1.48805]},
			"faces": {
				"east": {"uv": [16, 3.75, 14.75, 5], "texture": "#0", "tintindex": 0},
				"west": {"uv": [14.75, 3.75, 16, 5], "texture": "#0", "tintindex": 0}
			}
		},
		{
			"from": [5.99317, 9.80205, 3.82253],
			"to": [5.99317, 11.84983, 5.87031],
			"rotation": {"angle": -45, "axis": "y", "origin": [5.99317, 9.80205, 4.84642]},
			"faces": {
				"east": {"uv": [14.75, 3.75, 16, 5], "texture": "#0"},
				"west": {"uv": [16, 3.75, 14.75, 5], "texture": "#0"}
			}
		},
		{
			"from": [6.44369, 13.03754, 6.8942],
			"to": [6.44369, 15.08532, 8.94198],
			"rotation": {"angle": 45, "axis": "y", "origin": [6.44369, 13.03754, 7.91809]},
			"faces": {
				"east": {"uv": [16, 1.25, 14.75, 2.5], "texture": "#0"},
				"west": {"uv": [14.75, 1.25, 16, 2.5], "texture": "#0"}
			}
		},
		{
			"from": [5.66553, 15.90444, 6.56655],
			"to": [5.66553, 17.95222, 8.61433],
			"rotation": {"angle": 45, "axis": "y", "origin": [5.66553, 15.90444, 7.59044]},
			"faces": {
				"east": {"uv": [16, 0, 14.75, 1.25], "texture": "#0"},
				"west": {"uv": [14.75, 0, 16, 1.25], "texture": "#0"}
			}
		},
		{
			"from": [5.66553, 15.90444, 6.56655],
			"to": [5.66553, 17.95222, 8.61433],
			"rotation": {"angle": -45, "axis": "y", "origin": [5.66553, 15.90444, 7.59044]},
			"faces": {
				"east": {"uv": [14.75, 0, 16, 1.25], "texture": "#0"},
				"west": {"uv": [16, 0, 14.75, 1.25], "texture": "#0"}
			}
		},
		{
			"from": [6.157, 18.73038, 4.84642],
			"to": [6.157, 20.77816, 6.8942],
			"rotation": {"angle": 45, "axis": "y", "origin": [6.157, 18.73038, 5.87031]},
			"faces": {
				"east": {"uv": [16, 0, 14.75, 1.25], "texture": "#0", "tintindex": 0},
				"west": {"uv": [14.75, 0, 16, 1.25], "texture": "#0", "tintindex": 0}
			}
		},
		{
			"from": [8.20478, 17.91126, 4.84642],
			"to": [8.20478, 19.95904, 6.8942],
			"rotation": {"angle": -45, "axis": "y", "origin": [8.20478, 17.91126, 5.87031]},
			"faces": {
				"east": {"uv": [14.75, 1.25, 16, 2.5], "texture": "#0"},
				"west": {"uv": [16, 1.25, 14.75, 2.5], "texture": "#0"}
			}
		},
		{
			"from": [9.02389, 15.49488, 4.80546],
			"to": [9.02389, 17.54266, 6.85324],
			"rotation": {"angle": -45, "axis": "y", "origin": [9.02389, 15.49488, 5.82935]},
			"faces": {
				"east": {"uv": [14.75, 0, 16, 1.25], "texture": "#0"},
				"west": {"uv": [16, 0, 14.75, 1.25], "texture": "#0"}
			}
		},
		{
			"from": [10.66212, 14.99488, 4.80546],
			"to": [10.66212, 17.04266, 6.85324],
			"rotation": {"angle": 45, "axis": "y", "origin": [10.66212, 15.49488, 5.82935]},
			"faces": {
				"east": {"uv": [16, 1.25, 14.75, 2.5], "texture": "#0", "tintindex": 0},
				"west": {"uv": [14.75, 1.25, 16, 2.5], "texture": "#0", "tintindex": 0}
			}
		},
		{
			"from": [12.30034, 16.3959, 4.80546],
			"to": [12.30034, 18.44369, 6.85324],
			"rotation": {"angle": 45, "axis": "y", "origin": [12.30034, 16.3959, 5.82935]},
			"faces": {
				"east": {"uv": [16, 0, 14.75, 1.25], "texture": "#0"},
				"west": {"uv": [14.75, 0, 16, 1.25], "texture": "#0"}
			}
		},
		{
			"from": [12.30034, 16.3959, 4.80546],
			"to": [12.30034, 18.44369, 6.85324],
			"rotation": {"angle": -45, "axis": "y", "origin": [12.30034, 16.3959, 5.82935]},
			"faces": {
				"east": {"uv": [14.75, 0, 16, 1.25], "texture": "#0"},
				"west": {"uv": [16, 0, 14.75, 1.25], "texture": "#0"}
			}
		},
		{
			"from": [14.34812, 14.26621, 4.80546],
			"to": [14.34812, 16.31399, 6.85324],
			"rotation": {"angle": 45, "axis": "y", "origin": [14.34812, 14.26621, 5.82935]},
			"faces": {
				"east": {"uv": [16, 2.5, 14.75, 3.75], "texture": "#0"},
				"west": {"uv": [14.75, 2.5, 16, 3.75], "texture": "#0"}
			}
		},
		{
			"from": [14.34812, 14.26621, 4.80546],
			"to": [14.34812, 16.31399, 6.85324],
			"rotation": {"angle": -45, "axis": "y", "origin": [14.34812, 14.26621, 5.82935]},
			"faces": {
				"east": {"uv": [14.75, 2.5, 16, 3.75], "texture": "#0"},
				"west": {"uv": [16, 2.5, 14.75, 3.75], "texture": "#0"}
			}
		},
		{
			"from": [9.43345, 15.04437, 8.16382],
			"to": [9.43345, 17.09215, 10.2116],
			"rotation": {"angle": 45, "axis": "y", "origin": [9.43345, 15.04437, 9.18771]},
			"faces": {
				"east": {"uv": [16, 3.75, 14.75, 5], "texture": "#0", "tintindex": 0},
				"west": {"uv": [14.75, 3.75, 16, 5], "texture": "#0", "tintindex": 0}
			}
		},
		{
			"from": [10.94881, 14.34812, 8.77816],
			"to": [10.94881, 16.3959, 10.82594],
			"rotation": {"angle": 45, "axis": "y", "origin": [10.94881, 14.34812, 9.80205]},
			"faces": {
				"east": {"uv": [16, 2.5, 14.75, 3.75], "texture": "#0", "tintindex": 0},
				"west": {"uv": [14.75, 2.5, 16, 3.75], "texture": "#0", "tintindex": 0}
			}
		},
		{
			"from": [10.94881, 14.34812, 8.77816],
			"to": [10.94881, 16.3959, 10.82594],
			"rotation": {"angle": -45, "axis": "y", "origin": [10.94881, 14.34812, 9.80205]},
			"faces": {
				"east": {"uv": [14.75, 2.5, 16, 3.75], "texture": "#0", "tintindex": 0},
				"west": {"uv": [16, 2.5, 14.75, 3.75], "texture": "#0", "tintindex": 0}
			}
		},
		{
			"from": [12.05461, 15.90444, 9.22867],
			"to": [12.05461, 17.95222, 11.27645],
			"rotation": {"angle": -45, "axis": "y", "origin": [12.05461, 15.90444, 10.25256]},
			"faces": {
				"east": {"uv": [14.75, 1.25, 16, 2.5], "texture": "#0"},
				"west": {"uv": [16, 1.25, 14.75, 2.5], "texture": "#0"}
			}
		},
		{
			"from": [4.72355, 11.68601, 5.33788],
			"to": [16.19113, 18.23891, 5.33788],
			"rotation": {"angle": 22.5, "axis": "y", "origin": [4.72355, 14.96246, 5.33788]},
			"faces": {
				"north": {"uv": [0, 4, 7, 8], "texture": "#0", "tintindex": 0},
				"south": {"uv": [7, 4, 0, 8], "texture": "#0", "tintindex": 0}
			}
		},
		{
			"from": [4.72355, 8.81911, 13.65188],
			"to": [16.19113, 15.37201, 13.65188],
			"rotation": {"angle": 0, "axis": "y", "origin": [4.72355, 12.09556, 13.65188]},
			"faces": {
				"north": {"uv": [0, 8.25, 7, 12.25], "texture": "#0", "tintindex": 0},
				"south": {"uv": [7, 8.25, 0, 12.25], "texture": "#0", "tintindex": 0}
			}
		},
		{
			"from": [4.72355, 3.49488, 14.5529],
			"to": [16.19113, 10.04778, 14.5529],
			"rotation": {"angle": -22.5, "axis": "y", "origin": [4.72355, 6.77133, 14.5529]},
			"faces": {
				"north": {"uv": [0, 0, 7, 4], "texture": "#0", "tintindex": 0},
				"south": {"uv": [7, 0, 0, 4], "texture": "#0", "tintindex": 0}
			}
		},
		{
			"from": [4.72355, 7.18089, 9.843],
			"to": [16.19113, 13.73379, 9.843],
			"rotation": {"angle": 22.5, "axis": "y", "origin": [4.72355, 10.45734, 9.843]},
			"faces": {
				"north": {"uv": [0, 4, 7, 8], "texture": "#0", "tintindex": 0},
				"south": {"uv": [7, 4, 0, 8], "texture": "#0", "tintindex": 0}
			}
		},
		{
			"from": [4.72355, 0.62799, -0.15017],
			"to": [16.19113, 7.18089, -0.15017],
			"rotation": {"angle": -22.5, "axis": "y", "origin": [4.72355, 3.90444, -0.15017]},
			"faces": {
				"north": {"uv": [0, 4, 7, 8], "texture": "#0", "tintindex": 0},
				"south": {"uv": [7, 4, 0, 8], "texture": "#0", "tintindex": 0}
			}
		},
		{
			"from": [4.72355, -0.19113, 13.56997],
			"to": [16.19113, 6.36177, 13.56997],
			"rotation": {"angle": 22.5, "axis": "y", "origin": [4.72355, 3.08532, 13.56997]},
			"faces": {
				"north": {"uv": [0, 0, 7, 4], "texture": "#0", "tintindex": 0},
				"south": {"uv": [7, 0, 0, 4], "texture": "#0", "tintindex": 0}
			}
		},
		{
			"from": [4.72355, 5.54266, -1.09215],
			"to": [16.19113, 12.09556, -1.09215],
			"rotation": {"angle": 0, "axis": "y", "origin": [4.72355, 8.81911, -1.09215]},
			"faces": {
				"north": {"uv": [0, 8.25, 7, 12.25], "texture": "#0", "tintindex": 0},
				"south": {"uv": [7, 8.25, 0, 12.25], "texture": "#0", "tintindex": 0}
			}
		},
		{
			"from": [4.72355, 13.32423, 7.18089],
			"to": [16.19113, 19.87713, 7.18089],
			"rotation": {"angle": -22.5, "axis": "y", "origin": [4.72355, 16.60068, 7.18089]},
			"faces": {
				"north": {"uv": [0, 0, 7, 4], "texture": "#0", "tintindex": 0},
				"south": {"uv": [7, 0, 0, 4], "texture": "#0", "tintindex": 0}
			}
		},
		{
			"from": [4.72355, 16.19113, 5.87031],
			"to": [16.19113, 22.74403, 5.87031],
			"rotation": {"angle": 0, "axis": "y", "origin": [4.72355, 19.46758, 5.87031]},
			"faces": {
				"north": {"uv": [0, 8.25, 7, 12.25], "texture": "#0", "tintindex": 0},
				"south": {"uv": [7, 8.25, 0, 12.25], "texture": "#0", "tintindex": 0}
			}
		},
		{
			"from": [4.72355, 1.85666, -1.82935],
			"to": [4.72355, 7.18089, 4.72355],
			"rotation": {"angle": 22.5, "axis": "z", "origin": [4.72355, 7.18089, 1.4471]},
			"faces": {
				"east": {"uv": [11, 0, 7, 3.25], "texture": "#0"}
			}
		},
		{
			"from": [4.72355, 0.62799, 11.27645],
			"to": [4.72355, 5.95222, 17.82935],
			"rotation": {"angle": 22.5, "axis": "z", "origin": [4.72355, 5.95222, 14.5529]},
			"faces": {
				"east": {"uv": [11, 3.25, 7, 6.5], "texture": "#0"}
			}
		},
		{
			"from": [4.72355, 7.18089, -3.46758],
			"to": [4.72355, 12.50512, 3.08532],
			"rotation": {"angle": 22.5, "axis": "z", "origin": [4.72355, 12.09556, -0.19113]},
			"faces": {
				"east": {"uv": [7, 0, 11, 3.25], "texture": "#0"}
			}
		},
		{
			"from": [4.72355, 5.95222, 9.63823],
			"to": [4.72355, 11.27645, 16.19113],
			"rotation": {"angle": 22.5, "axis": "z", "origin": [4.72355, 9.22867, 12.91468]},
			"faces": {
				"east": {"uv": [7, 3.25, 11, 6.5], "texture": "#0"}
			}
		},
		{
			"from": [4.72355, 10.86689, 4.72355],
			"to": [4.72355, 16.19113, 11.27645],
			"rotation": {"angle": 22.5, "axis": "z", "origin": [4.72355, 14.96246, 8]},
			"faces": {
				"east": {"uv": [7, 3.25, 11, 6.5], "texture": "#0"}
			}
		},
		{
			"from": [4.72355, 14.96246, 3.08532],
			"to": [4.72355, 20.28669, 9.63823],
			"rotation": {"angle": 22.5, "axis": "z", "origin": [4.72355, 20.28669, 6.36177]},
			"faces": {
				"east": {"uv": [7, 3.25, 11, 6.5], "texture": "#0"}
			}
		}
	],
	"display": {
		"head": {
			"rotation": [0, 180, 0]
		}
	}
}