{
	"credit": "Made with Blockbench",
	"textures": {
		"0": "kello:item/decal/melloleta"
	},
	"elements": [
		{
			"from": [8.12478, 14.65511, 7.16811],
			"to": [9.78856, 14.65511, 8.83189],
			"rotation": {"angle": 22.5, "axis": "z", "origin": [8.12478, 14.65511, 8]},
			"faces": {
				"north": {"uv": [0, 0, 2, 0], "texture": "#0", "tintindex": 0},
				"east": {"uv": [0, 0, 2, 0], "texture": "#0", "tintindex": 0},
				"south": {"uv": [0, 0, 2, 0], "texture": "#0", "tintindex": 0},
				"west": {"uv": [0, 0, 2, 0], "texture": "#0", "tintindex": 0},
				"up": {"uv": [2, 2, 0, 0], "texture": "#0", "tintindex": 0},
				"down": {"uv": [2, 0, 0, 2], "texture": "#0", "tintindex": 0}
			}
		},
		{
			"from": [7.29289, 14.65511, 8],
			"to": [8.95667, 14.65511, 9.66378],
			"rotation": {"angle": -22.5, "axis": "x", "origin": [8.12478, 14.65511, 8]},
			"faces": {
				"north": {"uv": [0, 0, 2, 0], "texture": "#0", "tintindex": 0},
				"east": {"uv": [0, 0, 2, 0], "texture": "#0", "tintindex": 0},
				"south": {"uv": [0, 0, 2, 0], "texture": "#0", "tintindex": 0},
				"west": {"uv": [0, 0, 2, 0], "texture": "#0", "tintindex": 0},
				"up": {"uv": [2, 2, 0, 0], "rotation": 90, "texture": "#0", "tintindex": 0},
				"down": {"uv": [2, 0, 0, 2], "rotation": 270, "texture": "#0", "tintindex": 0}
			}
		},
		{
			"from": [7.29289, 14.65511, 6.33622],
			"to": [8.95667, 14.65511, 8],
			"rotation": {"angle": 22.5, "axis": "x", "origin": [8.12478, 14.65511, 8]},
			"faces": {
				"north": {"uv": [0, 0, 2, 0], "texture": "#0", "tintindex": 0},
				"east": {"uv": [0, 0, 2, 0], "texture": "#0", "tintindex": 0},
				"south": {"uv": [0, 0, 2, 0], "texture": "#0", "tintindex": 0},
				"west": {"uv": [0, 0, 2, 0], "texture": "#0", "tintindex": 0},
				"up": {"uv": [0, 0, 2, 2], "rotation": 90, "texture": "#0", "tintindex": 0},
				"down": {"uv": [0, 2, 2, 0], "rotation": 270, "texture": "#0", "tintindex": 0}
			}
		},
		{
			"from": [6.46101, 14.65511, 7.16811],
			"to": [8.12478, 14.65511, 8.83189],
			"rotation": {"angle": -22.5, "axis": "z", "origin": [8.12478, 14.65511, 8]},
			"faces": {
				"north": {"uv": [0, 0, 2, 0], "texture": "#0", "tintindex": 0},
				"east": {"uv": [0, 0, 2, 0], "texture": "#0", "tintindex": 0},
				"south": {"uv": [0, 0, 2, 0], "texture": "#0", "tintindex": 0},
				"west": {"uv": [0, 0, 2, 0], "texture": "#0", "tintindex": 0},
				"up": {"uv": [0, 0, 2, 2], "texture": "#0", "tintindex": 0},
				"down": {"uv": [0, 2, 2, 0], "texture": "#0", "tintindex": 0}
			}
		},
		{
			"from": [5.0052, 13.82322, 5.92028],
			"to": [6.66898, 13.82322, 7.58406],
			"rotation": {"angle": 22.5, "axis": "z", "origin": [5.0052, 13.82322, 6.75217]},
			"faces": {
				"north": {"uv": [0, 0, 2, 0], "texture": "#0", "tintindex": 0},
				"east": {"uv": [0, 0, 2, 0], "texture": "#0", "tintindex": 0},
				"south": {"uv": [0, 0, 2, 0], "texture": "#0", "tintindex": 0},
				"west": {"uv": [0, 0, 2, 0], "texture": "#0", "tintindex": 0},
				"up": {"uv": [2, 2, 0, 0], "texture": "#0", "tintindex": 0},
				"down": {"uv": [2, 0, 0, 2], "texture": "#0", "tintindex": 0}
			}
		},
		{
			"from": [4.17331, 13.82322, 6.75217],
			"to": [5.83709, 13.82322, 8.41594],
			"rotation": {"angle": -22.5, "axis": "x", "origin": [5.0052, 13.82322, 6.75217]},
			"faces": {
				"north": {"uv": [0, 0, 2, 0], "texture": "#0", "tintindex": 0},
				"east": {"uv": [0, 0, 2, 0], "texture": "#0", "tintindex": 0},
				"south": {"uv": [0, 0, 2, 0], "texture": "#0", "tintindex": 0},
				"west": {"uv": [0, 0, 2, 0], "texture": "#0", "tintindex": 0},
				"up": {"uv": [2, 2, 0, 0], "rotation": 90, "texture": "#0", "tintindex": 0},
				"down": {"uv": [2, 0, 0, 2], "rotation": 270, "texture": "#0", "tintindex": 0}
			}
		},
		{
			"from": [3.34142, 13.82322, 5.92028],
			"to": [5.0052, 13.82322, 7.58406],
			"rotation": {"angle": -22.5, "axis": "z", "origin": [5.0052, 13.82322, 6.75217]},
			"faces": {
				"north": {"uv": [0, 0, 2, 0], "texture": "#0", "tintindex": 0},
				"east": {"uv": [0, 0, 2, 0], "texture": "#0", "tintindex": 0},
				"south": {"uv": [0, 0, 2, 0], "texture": "#0", "tintindex": 0},
				"west": {"uv": [0, 0, 2, 0], "texture": "#0", "tintindex": 0},
				"up": {"uv": [0, 0, 2, 2], "texture": "#0", "tintindex": 0},
				"down": {"uv": [0, 2, 2, 0], "texture": "#0", "tintindex": 0}
			}
		},
		{
			"from": [4.17331, 13.82322, 5.08839],
			"to": [5.83709, 13.82322, 6.75217],
			"rotation": {"angle": 22.5, "axis": "x", "origin": [5.0052, 13.82322, 6.75217]},
			"faces": {
				"north": {"uv": [0, 0, 2, 0], "texture": "#0", "tintindex": 0},
				"east": {"uv": [0, 0, 2, 0], "texture": "#0", "tintindex": 0},
				"south": {"uv": [0, 0, 2, 0], "texture": "#0", "tintindex": 0},
				"west": {"uv": [0, 0, 2, 0], "texture": "#0", "tintindex": 0},
				"up": {"uv": [0, 0, 2, 2], "rotation": 90, "texture": "#0", "tintindex": 0},
				"down": {"uv": [0, 2, 2, 0], "rotation": 270, "texture": "#0", "tintindex": 0}
			}
		},
		{
			"from": [9.91334, 12.57539, 6.12825],
			"to": [11.57712, 12.57539, 7.79203],
			"rotation": {"angle": 22.5, "axis": "z", "origin": [9.91334, 12.57539, 6.96014]},
			"faces": {
				"up": {"uv": [2, 4, 0, 2], "texture": "#0", "tintindex": 0},
				"down": {"uv": [2, 2, 0, 4], "texture": "#0", "tintindex": 0}
			}
		},
		{
			"from": [9.08146, 12.57539, 5.29636],
			"to": [10.74523, 12.57539, 6.96014],
			"rotation": {"angle": 22.5, "axis": "x", "origin": [9.91334, 12.57539, 6.96014]},
			"faces": {
				"up": {"uv": [2, 4, 0, 2], "rotation": 270, "texture": "#0", "tintindex": 0},
				"down": {"uv": [2, 2, 0, 4], "rotation": 90, "texture": "#0", "tintindex": 0}
			}
		},
		{
			"from": [9.08146, 12.57539, 6.96014],
			"to": [10.74523, 12.57539, 8.62392],
			"rotation": {"angle": -22.5, "axis": "x", "origin": [9.91334, 12.57539, 6.96014]},
			"faces": {
				"up": {"uv": [0, 2, 2, 4], "rotation": 270, "texture": "#0", "tintindex": 0},
				"down": {"uv": [2, 2, 0, 4], "rotation": 270, "texture": "#0", "tintindex": 0}
			}
		},
		{
			"from": [8.24957, 12.57539, 6.12825],
			"to": [9.91334, 12.57539, 7.79203],
			"rotation": {"angle": -22.5, "axis": "z", "origin": [9.91334, 12.57539, 6.96014]},
			"faces": {
				"up": {"uv": [0, 2, 2, 4], "texture": "#0", "tintindex": 0},
				"down": {"uv": [0, 4, 2, 2], "texture": "#0", "tintindex": 0}
			}
		},
		{
			"from": [6.58579, 12.15945, 9.95494],
			"to": [8.24957, 12.15945, 11.61872],
			"rotation": {"angle": 22.5, "axis": "z", "origin": [6.58579, 12.15945, 10.78683]},
			"faces": {
				"up": {"uv": [2, 4, 0, 2], "texture": "#0", "tintindex": 0},
				"down": {"uv": [2, 2, 0, 4], "texture": "#0", "tintindex": 0}
			}
		},
		{
			"from": [4.92201, 12.15945, 9.95494],
			"to": [6.58579, 12.15945, 11.61872],
			"rotation": {"angle": -22.5, "axis": "z", "origin": [6.58579, 12.15945, 10.78683]},
			"faces": {
				"up": {"uv": [0, 2, 2, 4], "texture": "#0", "tintindex": 0},
				"down": {"uv": [0, 4, 2, 2], "texture": "#0", "tintindex": 0}
			}
		},
		{
			"from": [5.7539, 12.15945, 10.78683],
			"to": [7.41768, 12.15945, 12.45061],
			"rotation": {"angle": -22.5, "axis": "x", "origin": [6.58579, 12.15945, 10.78683]},
			"faces": {
				"up": {"uv": [0, 2, 2, 4], "rotation": 270, "texture": "#0", "tintindex": 0},
				"down": {"uv": [2, 2, 0, 4], "rotation": 270, "texture": "#0", "tintindex": 0}
			}
		},
		{
			"from": [5.7539, 12.15945, 9.12305],
			"to": [7.41768, 12.15945, 10.78683],
			"rotation": {"angle": 22.5, "axis": "x", "origin": [6.58579, 12.15945, 10.78683]},
			"faces": {
				"up": {"uv": [2, 4, 0, 2], "rotation": 270, "texture": "#0", "tintindex": 0},
				"down": {"uv": [2, 2, 0, 4], "rotation": 90, "texture": "#0", "tintindex": 0}
			}
		},
		{
			"from": [8.95667, 12.57539, 9.20624],
			"to": [10.62045, 12.57539, 10.87002],
			"rotation": {"angle": 45, "axis": "z", "origin": [8.95667, 12.57539, 10.03813]},
			"faces": {
				"up": {"uv": [2, 2, 0, 0], "texture": "#0", "tintindex": 0},
				"down": {"uv": [2, 0, 0, 2], "texture": "#0", "tintindex": 0}
			}
		},
		{
			"from": [7.29289, 12.57539, 9.20624],
			"to": [8.95667, 12.57539, 10.87002],
			"rotation": {"angle": -45, "axis": "z", "origin": [8.95667, 12.57539, 10.03813]},
			"faces": {
				"up": {"uv": [0, 0, 2, 2], "texture": "#0", "tintindex": 0},
				"down": {"uv": [0, 2, 2, 0], "texture": "#0", "tintindex": 0}
			}
		},
		{
			"from": [8.12478, 12.57539, 10.03813],
			"to": [9.78856, 12.57539, 11.70191],
			"rotation": {"angle": -45, "axis": "x", "origin": [8.95667, 12.57539, 10.03813]},
			"faces": {
				"up": {"uv": [0, 0, 2, 2], "rotation": 270, "texture": "#0", "tintindex": 0},
				"down": {"uv": [2, 0, 0, 2], "rotation": 270, "texture": "#0", "tintindex": 0}
			}
		},
		{
			"from": [8.12478, 12.57539, 8.37435],
			"to": [9.78856, 12.57539, 10.03813],
			"rotation": {"angle": 45, "axis": "x", "origin": [8.95667, 12.57539, 10.03813]},
			"faces": {
				"up": {"uv": [2, 2, 0, 0], "rotation": 270, "texture": "#0", "tintindex": 0},
				"down": {"uv": [2, 0, 0, 2], "rotation": 90, "texture": "#0", "tintindex": 0}
			}
		},
		{
			"from": [4.79723, 11.32756, 3.38302],
			"to": [6.46101, 11.32756, 5.04679],
			"rotation": {"angle": 45, "axis": "x", "origin": [5.62912, 11.32756, 5.04679]},
			"faces": {
				"up": {"uv": [2, 2, 0, 0], "rotation": 270, "texture": "#0", "tintindex": 0},
				"down": {"uv": [2, 0, 0, 2], "rotation": 90, "texture": "#0", "tintindex": 0}
			}
		},
		{
			"from": [4.79723, 11.32756, 5.04679],
			"to": [6.46101, 11.32756, 6.71057],
			"rotation": {"angle": -45, "axis": "x", "origin": [5.62912, 11.32756, 5.04679]},
			"faces": {
				"up": {"uv": [0, 0, 2, 2], "rotation": 270, "texture": "#0", "tintindex": 0},
				"down": {"uv": [2, 0, 0, 2], "rotation": 270, "texture": "#0", "tintindex": 0}
			}
		},
		{
			"from": [3.96534, 11.32756, 4.2149],
			"to": [5.62912, 11.32756, 5.87868],
			"rotation": {"angle": -45, "axis": "z", "origin": [5.62912, 11.32756, 5.04679]},
			"faces": {
				"up": {"uv": [0, 0, 2, 2], "texture": "#0", "tintindex": 0},
				"down": {"uv": [0, 2, 2, 0], "texture": "#0", "tintindex": 0}
			}
		},
		{
			"from": [5.62912, 11.32756, 4.2149],
			"to": [7.29289, 11.32756, 5.87868],
			"rotation": {"angle": 45, "axis": "z", "origin": [5.62912, 11.32756, 5.04679]},
			"faces": {
				"up": {"uv": [2, 2, 0, 0], "texture": "#0", "tintindex": 0},
				"down": {"uv": [2, 0, 0, 2], "texture": "#0", "tintindex": 0}
			}
		},
		{
			"from": [4.67244, 11.32756, 7.45927],
			"to": [6.33622, 11.32756, 9.12305],
			"rotation": {"angle": 45, "axis": "x", "origin": [5.50433, 11.32756, 9.12305]},
			"faces": {
				"up": {"uv": [2, 2, 0, 0], "rotation": 270, "texture": "#0", "tintindex": 0},
				"down": {"uv": [2, 0, 0, 2], "rotation": 90, "texture": "#0", "tintindex": 0}
			}
		},
		{
			"from": [4.67244, 11.32756, 9.12305],
			"to": [6.33622, 11.32756, 10.78683],
			"rotation": {"angle": -45, "axis": "x", "origin": [5.50433, 11.32756, 9.12305]},
			"faces": {
				"up": {"uv": [0, 0, 2, 2], "rotation": 270, "texture": "#0", "tintindex": 0},
				"down": {"uv": [2, 0, 0, 2], "rotation": 270, "texture": "#0", "tintindex": 0}
			}
		},
		{
			"from": [3.84055, 11.32756, 8.29116],
			"to": [5.50433, 11.32756, 9.95494],
			"rotation": {"angle": -45, "axis": "z", "origin": [5.50433, 11.32756, 9.12305]},
			"faces": {
				"up": {"uv": [0, 0, 2, 2], "texture": "#0", "tintindex": 0},
				"down": {"uv": [0, 2, 2, 0], "texture": "#0", "tintindex": 0}
			}
		},
		{
			"from": [5.50433, 11.32756, 8.29116],
			"to": [7.16811, 11.32756, 9.95494],
			"rotation": {"angle": 45, "axis": "z", "origin": [5.50433, 11.32756, 9.12305]},
			"faces": {
				"up": {"uv": [2, 2, 0, 0], "texture": "#0", "tintindex": 0},
				"down": {"uv": [2, 0, 0, 2], "texture": "#0", "tintindex": 0}
			}
		},
		{
			"from": [8.33276, 10.91161, 5.83709],
			"to": [9.99653, 10.91161, 7.50087],
			"rotation": {"angle": 45, "axis": "z", "origin": [8.33276, 10.91161, 6.66898]},
			"faces": {
				"up": {"uv": [2, 4, 0, 2], "texture": "#0", "tintindex": 0},
				"down": {"uv": [2, 2, 0, 4], "texture": "#0", "tintindex": 0}
			}
		},
		{
			"from": [6.66898, 10.91161, 5.83709],
			"to": [8.33276, 10.91161, 7.50087],
			"rotation": {"angle": -45, "axis": "z", "origin": [8.33276, 10.91161, 6.66898]},
			"faces": {
				"up": {"uv": [0, 2, 2, 4], "texture": "#0", "tintindex": 0},
				"down": {"uv": [0, 4, 2, 2], "texture": "#0", "tintindex": 0}
			}
		},
		{
			"from": [7.50087, 10.91161, 6.66898],
			"to": [9.16464, 10.91161, 8.33276],
			"rotation": {"angle": -45, "axis": "x", "origin": [8.33276, 10.91161, 6.66898]},
			"faces": {
				"up": {"uv": [0, 2, 2, 4], "rotation": 270, "texture": "#0", "tintindex": 0},
				"down": {"uv": [2, 2, 0, 4], "rotation": 270, "texture": "#0", "tintindex": 0}
			}
		},
		{
			"from": [7.50087, 10.91161, 5.0052],
			"to": [9.16464, 10.91161, 6.66898],
			"rotation": {"angle": 45, "axis": "x", "origin": [8.33276, 10.91161, 6.66898]},
			"faces": {
				"up": {"uv": [2, 4, 0, 2], "rotation": 270, "texture": "#0", "tintindex": 0},
				"down": {"uv": [2, 2, 0, 4], "rotation": 90, "texture": "#0", "tintindex": 0}
			}
		},
		{
			"from": [11.70191, 10.91161, 8.08319],
			"to": [13.36568, 10.91161, 9.74697],
			"rotation": {"angle": 45, "axis": "z", "origin": [11.70191, 10.91161, 8.91508]},
			"faces": {
				"up": {"uv": [2, 4, 0, 2], "texture": "#0", "tintindex": 0},
				"down": {"uv": [2, 2, 0, 4], "texture": "#0", "tintindex": 0}
			}
		},
		{
			"from": [10.03813, 10.91161, 8.08319],
			"to": [11.70191, 10.91161, 9.74697],
			"rotation": {"angle": -45, "axis": "z", "origin": [11.70191, 10.91161, 8.91508]},
			"faces": {
				"up": {"uv": [0, 2, 2, 4], "texture": "#0", "tintindex": 0},
				"down": {"uv": [0, 4, 2, 2], "texture": "#0", "tintindex": 0}
			}
		},
		{
			"from": [10.87002, 10.91161, 8.91508],
			"to": [12.5338, 10.91161, 10.57886],
			"rotation": {"angle": -45, "axis": "x", "origin": [11.70191, 10.91161, 8.91508]},
			"faces": {
				"up": {"uv": [0, 2, 2, 4], "rotation": 270, "texture": "#0", "tintindex": 0},
				"down": {"uv": [2, 2, 0, 4], "rotation": 270, "texture": "#0", "tintindex": 0}
			}
		},
		{
			"from": [10.87002, 10.91161, 7.2513],
			"to": [12.5338, 10.91161, 8.91508],
			"rotation": {"angle": 45, "axis": "x", "origin": [11.70191, 10.91161, 8.91508]},
			"faces": {
				"up": {"uv": [2, 4, 0, 2], "rotation": 270, "texture": "#0", "tintindex": 0},
				"down": {"uv": [2, 2, 0, 4], "rotation": 90, "texture": "#0", "tintindex": 0}
			}
		},
		{
			"from": [7.33449, 12.99133, 4.54766],
			"to": [8.99827, 12.99133, 6.21144],
			"rotation": {"angle": 22.5, "axis": "z", "origin": [7.33449, 12.99133, 5.37955]},
			"faces": {
				"up": {"uv": [2, 2, 0, 0], "texture": "#0", "tintindex": 0},
				"down": {"uv": [2, 0, 0, 2], "texture": "#0", "tintindex": 0}
			}
		},
		{
			"from": [5.67071, 12.99133, 4.54766],
			"to": [7.33449, 12.99133, 6.21144],
			"rotation": {"angle": -22.5, "axis": "z", "origin": [7.33449, 12.99133, 5.37955]},
			"faces": {
				"up": {"uv": [0, 0, 2, 2], "texture": "#0", "tintindex": 0},
				"down": {"uv": [0, 2, 2, 0], "texture": "#0", "tintindex": 0}
			}
		},
		{
			"from": [6.5026, 12.99133, 5.37955],
			"to": [8.16638, 12.99133, 7.04333],
			"rotation": {"angle": -22.5, "axis": "x", "origin": [7.33449, 12.99133, 5.37955]},
			"faces": {
				"up": {"uv": [0, 0, 2, 2], "rotation": 270, "texture": "#0", "tintindex": 0},
				"down": {"uv": [2, 0, 0, 2], "rotation": 270, "texture": "#0", "tintindex": 0}
			}
		},
		{
			"from": [6.5026, 12.99133, 3.71577],
			"to": [8.16638, 12.99133, 5.37955],
			"rotation": {"angle": 22.5, "axis": "x", "origin": [7.33449, 12.99133, 5.37955]},
			"faces": {
				"up": {"uv": [2, 2, 0, 0], "rotation": 270, "texture": "#0", "tintindex": 0},
				"down": {"uv": [2, 0, 0, 2], "rotation": 90, "texture": "#0", "tintindex": 0}
			}
		},
		{
			"from": [9.74697, 13.82322, 8.91508],
			"to": [11.41075, 13.82322, 10.57886],
			"rotation": {"angle": 22.5, "axis": "x", "origin": [10.57886, 13.82322, 10.57886]},
			"faces": {
				"up": {"uv": [2, 4, 0, 2], "rotation": 270, "texture": "#0", "tintindex": 0},
				"down": {"uv": [2, 2, 0, 4], "rotation": 90, "texture": "#0", "tintindex": 0}
			}
		},
		{
			"from": [9.74697, 13.82322, 10.57886],
			"to": [11.41075, 13.82322, 12.24263],
			"rotation": {"angle": -22.5, "axis": "x", "origin": [10.57886, 13.82322, 10.57886]},
			"faces": {
				"up": {"uv": [0, 2, 2, 4], "rotation": 270, "texture": "#0", "tintindex": 0},
				"down": {"uv": [2, 2, 0, 4], "rotation": 270, "texture": "#0", "tintindex": 0}
			}
		},
		{
			"from": [8.91508, 13.82322, 9.74697],
			"to": [10.57886, 13.82322, 11.41075],
			"rotation": {"angle": -22.5, "axis": "z", "origin": [10.57886, 13.82322, 10.57886]},
			"faces": {
				"up": {"uv": [0, 2, 2, 4], "texture": "#0", "tintindex": 0},
				"down": {"uv": [0, 4, 2, 2], "texture": "#0", "tintindex": 0}
			}
		},
		{
			"from": [10.57886, 13.82322, 9.74697],
			"to": [12.24263, 13.82322, 11.41075],
			"rotation": {"angle": 22.5, "axis": "z", "origin": [10.57886, 13.82322, 10.57886]},
			"faces": {
				"up": {"uv": [2, 4, 0, 2], "texture": "#0", "tintindex": 0},
				"down": {"uv": [2, 2, 0, 4], "texture": "#0", "tintindex": 0}
			}
		},
		{
			"from": [10.62045, 11.7435, 3.38302],
			"to": [12.28423, 11.7435, 5.04679],
			"rotation": {"angle": 45, "axis": "x", "origin": [11.45234, 11.7435, 5.04679]},
			"faces": {
				"up": {"uv": [2, 2, 0, 0], "rotation": 270, "texture": "#0", "tintindex": 0},
				"down": {"uv": [2, 0, 0, 2], "rotation": 90, "texture": "#0", "tintindex": 0}
			}
		},
		{
			"from": [10.62045, 11.7435, 5.04679],
			"to": [12.28423, 11.7435, 6.71057],
			"rotation": {"angle": -45, "axis": "x", "origin": [11.45234, 11.7435, 5.04679]},
			"faces": {
				"up": {"uv": [0, 0, 2, 2], "rotation": 270, "texture": "#0", "tintindex": 0},
				"down": {"uv": [2, 0, 0, 2], "rotation": 270, "texture": "#0", "tintindex": 0}
			}
		},
		{
			"from": [9.78856, 11.7435, 4.2149],
			"to": [11.45234, 11.7435, 5.87868],
			"rotation": {"angle": -45, "axis": "z", "origin": [11.45234, 11.7435, 5.04679]},
			"faces": {
				"up": {"uv": [0, 0, 2, 2], "texture": "#0", "tintindex": 0},
				"down": {"uv": [0, 2, 2, 0], "texture": "#0", "tintindex": 0}
			}
		},
		{
			"from": [11.45234, 11.7435, 4.2149],
			"to": [13.11612, 11.7435, 5.87868],
			"rotation": {"angle": 45, "axis": "z", "origin": [11.45234, 11.7435, 5.04679]},
			"faces": {
				"up": {"uv": [2, 2, 0, 0], "texture": "#0", "tintindex": 0},
				"down": {"uv": [2, 0, 0, 2], "texture": "#0", "tintindex": 0}
			}
		},
		{
			"from": [16.40208, 13.82322, 8.91508],
			"to": [18.06586, 13.82322, 10.57886],
			"rotation": {"angle": 22.5, "axis": "x", "origin": [17.23397, 13.82322, 10.57886]},
			"faces": {
				"up": {"uv": [2, 2, 0, 0], "rotation": 270, "texture": "#0", "tintindex": 0},
				"down": {"uv": [2, 0, 0, 2], "rotation": 90, "texture": "#0", "tintindex": 0}
			}
		},
		{
			"from": [16.40208, 13.82322, 10.57886],
			"to": [18.06586, 13.82322, 12.24263],
			"rotation": {"angle": -22.5, "axis": "x", "origin": [17.23397, 13.82322, 10.57886]},
			"faces": {
				"up": {"uv": [0, 0, 2, 2], "rotation": 270, "texture": "#0", "tintindex": 0},
				"down": {"uv": [2, 0, 0, 2], "rotation": 270, "texture": "#0", "tintindex": 0}
			}
		},
		{
			"from": [15.57019, 13.82322, 9.74697],
			"to": [17.23397, 13.82322, 11.41075],
			"rotation": {"angle": -22.5, "axis": "z", "origin": [17.23397, 13.82322, 10.57886]},
			"faces": {
				"up": {"uv": [0, 0, 2, 2], "texture": "#0", "tintindex": 0},
				"down": {"uv": [0, 2, 2, 0], "texture": "#0", "tintindex": 0}
			}
		},
		{
			"from": [17.23397, 13.82322, 9.74697],
			"to": [18.89775, 13.82322, 11.41075],
			"rotation": {"angle": 22.5, "axis": "z", "origin": [17.23397, 13.82322, 10.57886]},
			"faces": {
				"up": {"uv": [2, 2, 0, 0], "texture": "#0", "tintindex": 0},
				"down": {"uv": [2, 0, 0, 2], "texture": "#0", "tintindex": 0}
			}
		},
		{
			"from": [14.98787, 10.91161, 5.83709],
			"to": [16.65165, 10.91161, 7.50087],
			"rotation": {"angle": 45, "axis": "z", "origin": [14.98787, 10.91161, 6.66898]},
			"faces": {
				"up": {"uv": [2, 2, 0, 0], "texture": "#0", "tintindex": 0},
				"down": {"uv": [2, 0, 0, 2], "texture": "#0", "tintindex": 0}
			}
		},
		{
			"from": [12.99133, 10.91161, 6.25303],
			"to": [14.65511, 10.91161, 7.91681],
			"rotation": {"angle": -45, "axis": "z", "origin": [14.65511, 10.91161, 7.08492]},
			"faces": {
				"up": {"uv": [0, 0, 2, 2], "texture": "#0", "tintindex": 0},
				"down": {"uv": [0, 2, 2, 0], "texture": "#0", "tintindex": 0}
			}
		},
		{
			"from": [14.15598, 10.91161, 6.66898],
			"to": [15.81976, 10.91161, 8.33276],
			"rotation": {"angle": -45, "axis": "x", "origin": [14.98787, 10.91161, 6.66898]},
			"faces": {
				"up": {"uv": [0, 0, 2, 2], "rotation": 270, "texture": "#0", "tintindex": 0},
				"down": {"uv": [2, 0, 0, 2], "rotation": 270, "texture": "#0", "tintindex": 0}
			}
		},
		{
			"from": [14.15598, 10.91161, 5.0052],
			"to": [15.81976, 10.91161, 6.66898],
			"rotation": {"angle": 45, "axis": "x", "origin": [14.98787, 10.91161, 6.66898]},
			"faces": {
				"up": {"uv": [2, 2, 0, 0], "rotation": 270, "texture": "#0", "tintindex": 0},
				"down": {"uv": [2, 0, 0, 2], "rotation": 90, "texture": "#0", "tintindex": 0}
			}
		},
		{
			"from": [11.66031, 13.82322, 5.92028],
			"to": [13.32409, 13.82322, 7.58406],
			"rotation": {"angle": 22.5, "axis": "z", "origin": [11.66031, 13.82322, 6.75217]},
			"faces": {
				"north": {"uv": [0, 0, 2, 0], "texture": "#0", "tintindex": 0},
				"east": {"uv": [0, 0, 2, 0], "texture": "#0", "tintindex": 0},
				"south": {"uv": [0, 0, 2, 0], "texture": "#0", "tintindex": 0},
				"west": {"uv": [0, 0, 2, 0], "texture": "#0", "tintindex": 0},
				"up": {"uv": [2, 2, 0, 0], "texture": "#0", "tintindex": 0},
				"down": {"uv": [2, 0, 0, 2], "texture": "#0", "tintindex": 0}
			}
		},
		{
			"from": [10.82842, 13.82322, 6.75217],
			"to": [12.4922, 13.82322, 8.41594],
			"rotation": {"angle": -22.5, "axis": "x", "origin": [11.66031, 13.82322, 6.75217]},
			"faces": {
				"north": {"uv": [0, 0, 2, 0], "texture": "#0", "tintindex": 0},
				"east": {"uv": [0, 0, 2, 0], "texture": "#0", "tintindex": 0},
				"south": {"uv": [0, 0, 2, 0], "texture": "#0", "tintindex": 0},
				"west": {"uv": [0, 0, 2, 0], "texture": "#0", "tintindex": 0},
				"up": {"uv": [2, 2, 0, 0], "rotation": 90, "texture": "#0", "tintindex": 0},
				"down": {"uv": [2, 0, 0, 2], "rotation": 270, "texture": "#0", "tintindex": 0}
			}
		},
		{
			"from": [9.99653, 13.82322, 5.92028],
			"to": [11.66031, 13.82322, 7.58406],
			"rotation": {"angle": -22.5, "axis": "z", "origin": [11.66031, 13.82322, 6.75217]},
			"faces": {
				"north": {"uv": [0, 0, 2, 0], "texture": "#0", "tintindex": 0},
				"east": {"uv": [0, 0, 2, 0], "texture": "#0", "tintindex": 0},
				"south": {"uv": [0, 0, 2, 0], "texture": "#0", "tintindex": 0},
				"west": {"uv": [0, 0, 2, 0], "texture": "#0", "tintindex": 0},
				"up": {"uv": [0, 0, 2, 2], "texture": "#0", "tintindex": 0},
				"down": {"uv": [0, 2, 2, 0], "texture": "#0", "tintindex": 0}
			}
		},
		{
			"from": [10.82842, 13.82322, 5.08839],
			"to": [12.4922, 13.82322, 6.75217],
			"rotation": {"angle": 22.5, "axis": "x", "origin": [11.66031, 13.82322, 6.75217]},
			"faces": {
				"north": {"uv": [0, 0, 2, 0], "texture": "#0", "tintindex": 0},
				"east": {"uv": [0, 0, 2, 0], "texture": "#0", "tintindex": 0},
				"south": {"uv": [0, 0, 2, 0], "texture": "#0", "tintindex": 0},
				"west": {"uv": [0, 0, 2, 0], "texture": "#0", "tintindex": 0},
				"up": {"uv": [0, 0, 2, 2], "rotation": 90, "texture": "#0", "tintindex": 0},
				"down": {"uv": [0, 2, 2, 0], "rotation": 270, "texture": "#0", "tintindex": 0}
			}
		},
		{
			"from": [13.2409, 12.15945, 9.95494],
			"to": [14.90468, 12.15945, 11.61872],
			"rotation": {"angle": 22.5, "axis": "z", "origin": [13.2409, 12.15945, 10.78683]},
			"faces": {
				"up": {"uv": [2, 4, 0, 2], "texture": "#0", "tintindex": 0},
				"down": {"uv": [2, 2, 0, 4], "texture": "#0", "tintindex": 0}
			}
		},
		{
			"from": [11.57712, 12.15945, 9.95494],
			"to": [13.2409, 12.15945, 11.61872],
			"rotation": {"angle": -22.5, "axis": "z", "origin": [13.2409, 12.15945, 10.78683]},
			"faces": {
				"up": {"uv": [0, 2, 2, 4], "texture": "#0", "tintindex": 0},
				"down": {"uv": [0, 4, 2, 2], "texture": "#0", "tintindex": 0}
			}
		},
		{
			"from": [12.40901, 12.15945, 10.78683],
			"to": [14.07279, 12.15945, 12.45061],
			"rotation": {"angle": -22.5, "axis": "x", "origin": [13.2409, 12.15945, 10.78683]},
			"faces": {
				"up": {"uv": [0, 2, 2, 4], "rotation": 270, "texture": "#0", "tintindex": 0},
				"down": {"uv": [2, 2, 0, 4], "rotation": 270, "texture": "#0", "tintindex": 0}
			}
		},
		{
			"from": [12.40901, 12.15945, 9.12305],
			"to": [14.07279, 12.15945, 10.78683],
			"rotation": {"angle": 22.5, "axis": "x", "origin": [13.2409, 12.15945, 10.78683]},
			"faces": {
				"up": {"uv": [2, 4, 0, 2], "rotation": 270, "texture": "#0", "tintindex": 0},
				"down": {"uv": [2, 2, 0, 4], "rotation": 90, "texture": "#0", "tintindex": 0}
			}
		},
		{
			"from": [17.64991, 10.91161, 8.29116],
			"to": [19.31369, 10.91161, 9.95494],
			"rotation": {"angle": 45, "axis": "z", "origin": [17.64991, 10.91161, 9.12305]},
			"faces": {
				"up": {"uv": [2, 2, 0, 0], "texture": "#0", "tintindex": 0},
				"down": {"uv": [2, 0, 0, 2], "texture": "#0", "tintindex": 0}
			}
		},
		{
			"from": [15.98614, 10.91161, 8.29116],
			"to": [17.64991, 10.91161, 9.95494],
			"rotation": {"angle": -45, "axis": "z", "origin": [17.64991, 10.91161, 9.12305]},
			"faces": {
				"up": {"uv": [0, 0, 2, 2], "texture": "#0", "tintindex": 0},
				"down": {"uv": [0, 2, 2, 0], "texture": "#0", "tintindex": 0}
			}
		},
		{
			"from": [16.81802, 10.91161, 9.12305],
			"to": [18.4818, 10.91161, 10.78683],
			"rotation": {"angle": -45, "axis": "x", "origin": [17.64991, 10.91161, 9.12305]},
			"faces": {
				"up": {"uv": [0, 0, 2, 2], "rotation": 270, "texture": "#0", "tintindex": 0},
				"down": {"uv": [2, 0, 0, 2], "rotation": 270, "texture": "#0", "tintindex": 0}
			}
		},
		{
			"from": [16.81802, 10.91161, 7.45927],
			"to": [18.4818, 10.91161, 9.12305],
			"rotation": {"angle": 45, "axis": "x", "origin": [17.64991, 10.91161, 9.12305]},
			"faces": {
				"up": {"uv": [2, 2, 0, 0], "rotation": 270, "texture": "#0", "tintindex": 0},
				"down": {"uv": [2, 0, 0, 2], "rotation": 90, "texture": "#0", "tintindex": 0}
			}
		},
		{
			"from": [15.61179, 12.57539, 9.20624],
			"to": [17.27556, 12.57539, 10.87002],
			"rotation": {"angle": 45, "axis": "z", "origin": [15.61179, 12.57539, 10.03813]},
			"faces": {
				"up": {"uv": [2, 2, 0, 0], "texture": "#0", "tintindex": 0},
				"down": {"uv": [2, 0, 0, 2], "texture": "#0", "tintindex": 0}
			}
		},
		{
			"from": [13.94801, 12.57539, 9.20624],
			"to": [15.61179, 12.57539, 10.87002],
			"rotation": {"angle": -45, "axis": "z", "origin": [15.61179, 12.57539, 10.03813]},
			"faces": {
				"up": {"uv": [0, 0, 2, 2], "texture": "#0", "tintindex": 0},
				"down": {"uv": [0, 2, 2, 0], "texture": "#0", "tintindex": 0}
			}
		},
		{
			"from": [14.7799, 12.57539, 10.03813],
			"to": [16.44367, 12.57539, 11.70191],
			"rotation": {"angle": -45, "axis": "x", "origin": [15.61179, 12.57539, 10.03813]},
			"faces": {
				"up": {"uv": [0, 0, 2, 2], "rotation": 270, "texture": "#0", "tintindex": 0},
				"down": {"uv": [2, 0, 0, 2], "rotation": 270, "texture": "#0", "tintindex": 0}
			}
		},
		{
			"from": [14.7799, 12.57539, 8.37435],
			"to": [16.44367, 12.57539, 10.03813],
			"rotation": {"angle": 45, "axis": "x", "origin": [15.61179, 12.57539, 10.03813]},
			"faces": {
				"up": {"uv": [2, 2, 0, 0], "rotation": 270, "texture": "#0", "tintindex": 0},
				"down": {"uv": [2, 0, 0, 2], "rotation": 90, "texture": "#0", "tintindex": 0}
			}
		},
		{
			"from": [13.9896, 12.99133, 4.54766],
			"to": [15.65338, 12.99133, 6.21144],
			"rotation": {"angle": 22.5, "axis": "z", "origin": [13.9896, 12.99133, 5.37955]},
			"faces": {
				"up": {"uv": [2, 4, 0, 2], "texture": "#0", "tintindex": 0},
				"down": {"uv": [2, 2, 0, 4], "texture": "#0", "tintindex": 0}
			}
		},
		{
			"from": [12.32582, 12.99133, 4.54766],
			"to": [13.9896, 12.99133, 6.21144],
			"rotation": {"angle": -22.5, "axis": "z", "origin": [13.9896, 12.99133, 5.37955]},
			"faces": {
				"up": {"uv": [0, 2, 2, 4], "texture": "#0", "tintindex": 0},
				"down": {"uv": [0, 4, 2, 2], "texture": "#0", "tintindex": 0}
			}
		},
		{
			"from": [13.15771, 12.99133, 5.37955],
			"to": [14.82149, 12.99133, 7.04333],
			"rotation": {"angle": -22.5, "axis": "x", "origin": [13.9896, 12.99133, 5.37955]},
			"faces": {
				"up": {"uv": [0, 2, 2, 4], "rotation": 270, "texture": "#0", "tintindex": 0},
				"down": {"uv": [2, 2, 0, 4], "rotation": 270, "texture": "#0", "tintindex": 0}
			}
		},
		{
			"from": [13.15771, 12.99133, 3.71577],
			"to": [14.82149, 12.99133, 5.37955],
			"rotation": {"angle": 22.5, "axis": "x", "origin": [13.9896, 12.99133, 5.37955]},
			"faces": {
				"up": {"uv": [2, 4, 0, 2], "rotation": 270, "texture": "#0", "tintindex": 0},
				"down": {"uv": [2, 2, 0, 4], "rotation": 90, "texture": "#0", "tintindex": 0}
			}
		},
		{
			"from": [16.56846, 12.15945, 4.46447],
			"to": [18.23224, 12.15945, 6.12825],
			"rotation": {"angle": 22.5, "axis": "x", "origin": [17.40035, 12.15945, 6.12825]},
			"faces": {
				"up": {"uv": [2, 4, 0, 2], "rotation": 270, "texture": "#0", "tintindex": 0},
				"down": {"uv": [2, 2, 0, 4], "rotation": 90, "texture": "#0", "tintindex": 0}
			}
		},
		{
			"from": [16.56846, 12.15945, 6.12825],
			"to": [18.23224, 12.15945, 7.79203],
			"rotation": {"angle": -22.5, "axis": "x", "origin": [17.40035, 12.15945, 6.12825]},
			"faces": {
				"up": {"uv": [0, 2, 2, 4], "rotation": 270, "texture": "#0", "tintindex": 0},
				"down": {"uv": [2, 2, 0, 4], "rotation": 270, "texture": "#0", "tintindex": 0}
			}
		},
		{
			"from": [15.73657, 12.15945, 5.29636],
			"to": [17.40035, 12.15945, 6.96014],
			"rotation": {"angle": -22.5, "axis": "z", "origin": [17.40035, 12.15945, 6.12825]},
			"faces": {
				"up": {"uv": [0, 2, 2, 4], "texture": "#0", "tintindex": 0},
				"down": {"uv": [0, 4, 2, 2], "texture": "#0", "tintindex": 0}
			}
		},
		{
			"from": [17.40035, 12.15945, 5.29636],
			"to": [19.06412, 12.15945, 6.96014],
			"rotation": {"angle": 22.5, "axis": "z", "origin": [17.40035, 12.15945, 6.12825]},
			"faces": {
				"up": {"uv": [2, 4, 0, 2], "texture": "#0", "tintindex": 0},
				"down": {"uv": [2, 2, 0, 4], "texture": "#0", "tintindex": 0}
			}
		},
		{
			"from": [13.61525, 14.65511, 6.75217],
			"to": [15.27903, 14.65511, 8.41594],
			"rotation": {"angle": 22.5, "axis": "x", "origin": [14.44714, 14.65511, 8.41594]},
			"faces": {
				"north": {"uv": [0, 0, 2, 0], "texture": "#0", "tintindex": 0},
				"east": {"uv": [0, 0, 2, 0], "texture": "#0", "tintindex": 0},
				"south": {"uv": [0, 0, 2, 0], "texture": "#0", "tintindex": 0},
				"west": {"uv": [0, 0, 2, 0], "texture": "#0", "tintindex": 0},
				"up": {"uv": [0, 0, 2, 2], "rotation": 90, "texture": "#0", "tintindex": 0},
				"down": {"uv": [0, 2, 2, 0], "rotation": 270, "texture": "#0", "tintindex": 0}
			}
		},
		{
			"from": [12.78336, 14.65511, 7.58406],
			"to": [14.44714, 14.65511, 9.24783],
			"rotation": {"angle": -22.5, "axis": "z", "origin": [14.44714, 14.65511, 8.41594]},
			"faces": {
				"north": {"uv": [0, 0, 2, 0], "texture": "#0", "tintindex": 0},
				"east": {"uv": [0, 0, 2, 0], "texture": "#0", "tintindex": 0},
				"south": {"uv": [0, 0, 2, 0], "texture": "#0", "tintindex": 0},
				"west": {"uv": [0, 0, 2, 0], "texture": "#0", "tintindex": 0},
				"up": {"uv": [0, 0, 2, 2], "texture": "#0", "tintindex": 0},
				"down": {"uv": [0, 2, 2, 0], "texture": "#0", "tintindex": 0}
			}
		},
		{
			"from": [13.61525, 14.65511, 8.41594],
			"to": [15.27903, 14.65511, 10.07972],
			"rotation": {"angle": -22.5, "axis": "x", "origin": [14.44714, 14.65511, 8.41594]},
			"faces": {
				"north": {"uv": [0, 0, 2, 0], "texture": "#0", "tintindex": 0},
				"east": {"uv": [0, 0, 2, 0], "texture": "#0", "tintindex": 0},
				"south": {"uv": [0, 0, 2, 0], "texture": "#0", "tintindex": 0},
				"west": {"uv": [0, 0, 2, 0], "texture": "#0", "tintindex": 0},
				"up": {"uv": [2, 2, 0, 0], "rotation": 90, "texture": "#0", "tintindex": 0},
				"down": {"uv": [2, 0, 0, 2], "rotation": 270, "texture": "#0", "tintindex": 0}
			}
		},
		{
			"from": [14.44714, 14.65511, 7.58406],
			"to": [16.11092, 14.65511, 9.24783],
			"rotation": {"angle": 22.5, "axis": "z", "origin": [14.44714, 14.65511, 8.41594]},
			"faces": {
				"north": {"uv": [0, 0, 2, 0], "texture": "#0", "tintindex": 0},
				"east": {"uv": [0, 0, 2, 0], "texture": "#0", "tintindex": 0},
				"south": {"uv": [0, 0, 2, 0], "texture": "#0", "tintindex": 0},
				"west": {"uv": [0, 0, 2, 0], "texture": "#0", "tintindex": 0},
				"up": {"uv": [2, 2, 0, 0], "texture": "#0", "tintindex": 0},
				"down": {"uv": [2, 0, 0, 2], "texture": "#0", "tintindex": 0}
			}
		},
		{
			"from": [0.67938, 14.65511, 7.45927],
			"to": [2.34315, 14.65511, 9.12305],
			"rotation": {"angle": 22.5, "axis": "z", "origin": [0.67938, 14.65511, 8.29116]},
			"faces": {
				"north": {"uv": [0, 0, 2, 0], "texture": "#0", "tintindex": 0},
				"east": {"uv": [0, 0, 2, 0], "texture": "#0", "tintindex": 0},
				"south": {"uv": [0, 0, 2, 0], "texture": "#0", "tintindex": 0},
				"west": {"uv": [0, 0, 2, 0], "texture": "#0", "tintindex": 0},
				"up": {"uv": [2, 4, 0, 2], "texture": "#0", "tintindex": 0},
				"down": {"uv": [2, 2, 0, 4], "texture": "#0", "tintindex": 0}
			}
		},
		{
			"from": [-0.15251, 14.65511, 8.29116],
			"to": [1.51127, 14.65511, 9.95494],
			"rotation": {"angle": -22.5, "axis": "x", "origin": [0.67938, 14.65511, 8.29116]},
			"faces": {
				"north": {"uv": [0, 0, 2, 0], "texture": "#0", "tintindex": 0},
				"east": {"uv": [0, 0, 2, 0], "texture": "#0", "tintindex": 0},
				"south": {"uv": [0, 0, 2, 0], "texture": "#0", "tintindex": 0},
				"west": {"uv": [0, 0, 2, 0], "texture": "#0", "tintindex": 0},
				"up": {"uv": [2, 4, 0, 2], "rotation": 90, "texture": "#0", "tintindex": 0},
				"down": {"uv": [2, 2, 0, 4], "rotation": 270, "texture": "#0", "tintindex": 0}
			}
		},
		{
			"from": [-0.9844, 14.65511, 7.45927],
			"to": [0.67938, 14.65511, 9.12305],
			"rotation": {"angle": -22.5, "axis": "z", "origin": [0.67938, 14.65511, 8.29116]},
			"faces": {
				"north": {"uv": [0, 0, 2, 0], "texture": "#0", "tintindex": 0},
				"east": {"uv": [0, 0, 2, 0], "texture": "#0", "tintindex": 0},
				"south": {"uv": [0, 0, 2, 0], "texture": "#0", "tintindex": 0},
				"west": {"uv": [0, 0, 2, 0], "texture": "#0", "tintindex": 0},
				"up": {"uv": [0, 2, 2, 4], "texture": "#0", "tintindex": 0},
				"down": {"uv": [0, 4, 2, 2], "texture": "#0", "tintindex": 0}
			}
		},
		{
			"from": [-0.15251, 14.65511, 6.62738],
			"to": [1.51127, 14.65511, 8.29116],
			"rotation": {"angle": 22.5, "axis": "x", "origin": [0.67938, 14.65511, 8.29116]},
			"faces": {
				"north": {"uv": [0, 0, 2, 0], "texture": "#0", "tintindex": 0},
				"east": {"uv": [0, 0, 2, 0], "texture": "#0", "tintindex": 0},
				"south": {"uv": [0, 0, 2, 0], "texture": "#0", "tintindex": 0},
				"west": {"uv": [0, 0, 2, 0], "texture": "#0", "tintindex": 0},
				"up": {"uv": [0, 2, 2, 4], "rotation": 90, "texture": "#0", "tintindex": 0},
				"down": {"uv": [0, 4, 2, 2], "rotation": 270, "texture": "#0", "tintindex": 0}
			}
		},
		{
			"from": [3.67418, 12.15945, 4.88042],
			"to": [5.33795, 12.15945, 6.54419],
			"rotation": {"angle": 22.5, "axis": "z", "origin": [3.67418, 12.15945, 5.71231]},
			"faces": {
				"up": {"uv": [2, 4, 0, 2], "texture": "#0", "tintindex": 0},
				"down": {"uv": [2, 2, 0, 4], "texture": "#0", "tintindex": 0}
			}
		},
		{
			"from": [2.0104, 12.15945, 4.88042],
			"to": [3.67418, 12.15945, 6.54419],
			"rotation": {"angle": -22.5, "axis": "z", "origin": [3.67418, 12.15945, 5.71231]},
			"faces": {
				"up": {"uv": [0, 2, 2, 4], "texture": "#0", "tintindex": 0},
				"down": {"uv": [0, 4, 2, 2], "texture": "#0", "tintindex": 0}
			}
		},
		{
			"from": [2.84229, 12.15945, 5.71231],
			"to": [4.50607, 12.15945, 7.37608],
			"rotation": {"angle": -22.5, "axis": "x", "origin": [3.67418, 12.15945, 5.71231]},
			"faces": {
				"up": {"uv": [0, 2, 2, 4], "rotation": 270, "texture": "#0", "tintindex": 0},
				"down": {"uv": [2, 2, 0, 4], "rotation": 270, "texture": "#0", "tintindex": 0}
			}
		},
		{
			"from": [2.84229, 12.15945, 4.04853],
			"to": [4.50607, 12.15945, 5.71231],
			"rotation": {"angle": 22.5, "axis": "x", "origin": [3.67418, 12.15945, 5.71231]},
			"faces": {
				"up": {"uv": [2, 4, 0, 2], "rotation": 270, "texture": "#0", "tintindex": 0},
				"down": {"uv": [2, 2, 0, 4], "rotation": 90, "texture": "#0", "tintindex": 0}
			}
		},
		{
			"from": [-0.15251, 12.99133, 3.71577],
			"to": [1.51127, 12.99133, 5.37955],
			"rotation": {"angle": 22.5, "axis": "x", "origin": [0.67938, 12.99133, 5.37955]},
			"faces": {
				"up": {"uv": [2, 2, 0, 0], "rotation": 270, "texture": "#0", "tintindex": 0},
				"down": {"uv": [2, 0, 0, 2], "rotation": 90, "texture": "#0", "tintindex": 0}
			}
		},
		{
			"from": [-0.15251, 12.99133, 5.37955],
			"to": [1.51127, 12.99133, 7.04333],
			"rotation": {"angle": -22.5, "axis": "x", "origin": [0.67938, 12.99133, 5.37955]},
			"faces": {
				"up": {"uv": [0, 0, 2, 2], "rotation": 270, "texture": "#0", "tintindex": 0},
				"down": {"uv": [2, 0, 0, 2], "rotation": 270, "texture": "#0", "tintindex": 0}
			}
		},
		{
			"from": [-0.9844, 12.99133, 4.54766],
			"to": [0.67938, 12.99133, 6.21144],
			"rotation": {"angle": -22.5, "axis": "z", "origin": [0.67938, 12.99133, 5.37955]},
			"faces": {
				"up": {"uv": [0, 0, 2, 2], "texture": "#0", "tintindex": 0},
				"down": {"uv": [0, 2, 2, 0], "texture": "#0", "tintindex": 0}
			}
		},
		{
			"from": [0.67938, 12.99133, 4.54766],
			"to": [2.34315, 12.99133, 6.21144],
			"rotation": {"angle": 22.5, "axis": "z", "origin": [0.67938, 12.99133, 5.37955]},
			"faces": {
				"up": {"uv": [2, 2, 0, 0], "texture": "#0", "tintindex": 0},
				"down": {"uv": [2, 0, 0, 2], "texture": "#0", "tintindex": 0}
			}
		},
		{
			"from": [0.88735, 12.57539, 8.37435],
			"to": [2.55113, 12.57539, 10.03813],
			"rotation": {"angle": 45, "axis": "x", "origin": [1.71924, 12.57539, 10.03813]},
			"faces": {
				"up": {"uv": [2, 2, 0, 0], "rotation": 270, "texture": "#0", "tintindex": 0},
				"down": {"uv": [2, 0, 0, 2], "rotation": 90, "texture": "#0", "tintindex": 0}
			}
		},
		{
			"from": [0.88735, 12.57539, 10.03813],
			"to": [2.55113, 12.57539, 11.70191],
			"rotation": {"angle": -45, "axis": "x", "origin": [1.71924, 12.57539, 10.03813]},
			"faces": {
				"up": {"uv": [0, 0, 2, 2], "rotation": 270, "texture": "#0", "tintindex": 0},
				"down": {"uv": [2, 0, 0, 2], "rotation": 270, "texture": "#0", "tintindex": 0}
			}
		},
		{
			"from": [0.05546, 12.57539, 9.20624],
			"to": [1.71924, 12.57539, 10.87002],
			"rotation": {"angle": -45, "axis": "z", "origin": [1.71924, 12.57539, 10.03813]},
			"faces": {
				"up": {"uv": [0, 0, 2, 2], "texture": "#0", "tintindex": 0},
				"down": {"uv": [0, 2, 2, 0], "texture": "#0", "tintindex": 0}
			}
		},
		{
			"from": [1.71924, 12.57539, 9.20624],
			"to": [3.38302, 12.57539, 10.87002],
			"rotation": {"angle": 45, "axis": "z", "origin": [1.71924, 12.57539, 10.03813]},
			"faces": {
				"up": {"uv": [2, 2, 0, 0], "texture": "#0", "tintindex": 0},
				"down": {"uv": [2, 0, 0, 2], "texture": "#0", "tintindex": 0}
			}
		},
		{
			"from": [-0.81802, 12.15945, 8.29116],
			"to": [0.84575, 12.15945, 9.95494],
			"rotation": {"angle": 45, "axis": "z", "origin": [-0.81802, 12.15945, 9.12305]},
			"faces": {
				"up": {"uv": [2, 2, 0, 0], "texture": "#0", "tintindex": 0},
				"down": {"uv": [2, 0, 0, 2], "texture": "#0", "tintindex": 0}
			}
		},
		{
			"from": [-2.4818, 12.15945, 8.29116],
			"to": [-0.81802, 12.15945, 9.95494],
			"rotation": {"angle": -45, "axis": "z", "origin": [-0.81802, 12.15945, 9.12305]},
			"faces": {
				"up": {"uv": [0, 0, 2, 2], "texture": "#0", "tintindex": 0},
				"down": {"uv": [0, 2, 2, 0], "texture": "#0", "tintindex": 0}
			}
		},
		{
			"from": [-1.64991, 12.15945, 9.12305],
			"to": [0.01386, 12.15945, 10.78683],
			"rotation": {"angle": -45, "axis": "x", "origin": [-0.81802, 12.15945, 9.12305]},
			"faces": {
				"up": {"uv": [0, 0, 2, 2], "rotation": 270, "texture": "#0", "tintindex": 0},
				"down": {"uv": [2, 0, 0, 2], "rotation": 270, "texture": "#0", "tintindex": 0}
			}
		},
		{
			"from": [-1.64991, 12.15945, 7.45927],
			"to": [0.01386, 12.15945, 9.12305],
			"rotation": {"angle": 45, "axis": "x", "origin": [-0.81802, 12.15945, 9.12305]},
			"faces": {
				"up": {"uv": [2, 2, 0, 0], "rotation": 270, "texture": "#0", "tintindex": 0},
				"down": {"uv": [2, 0, 0, 2], "rotation": 90, "texture": "#0", "tintindex": 0}
			}
		},
		{
			"from": [2.25997, 10.91161, 7.04333],
			"to": [3.92374, 10.91161, 8.70711],
			"rotation": {"angle": 45, "axis": "x", "origin": [3.09185, 10.91161, 8.70711]},
			"faces": {
				"up": {"uv": [2, 2, 0, 0], "rotation": 270, "texture": "#0", "tintindex": 0},
				"down": {"uv": [2, 0, 0, 2], "rotation": 90, "texture": "#0", "tintindex": 0}
			}
		},
		{
			"from": [2.25997, 10.91161, 8.70711],
			"to": [3.92374, 10.91161, 10.37088],
			"rotation": {"angle": -45, "axis": "x", "origin": [3.09185, 10.91161, 8.70711]},
			"faces": {
				"up": {"uv": [0, 0, 2, 2], "rotation": 270, "texture": "#0", "tintindex": 0},
				"down": {"uv": [2, 0, 0, 2], "rotation": 270, "texture": "#0", "tintindex": 0}
			}
		},
		{
			"from": [1.42808, 10.91161, 7.87522],
			"to": [3.09185, 10.91161, 9.53899],
			"rotation": {"angle": -45, "axis": "z", "origin": [3.09185, 10.91161, 8.70711]},
			"faces": {
				"up": {"uv": [0, 0, 2, 2], "texture": "#0", "tintindex": 0},
				"down": {"uv": [0, 2, 2, 0], "texture": "#0", "tintindex": 0}
			}
		},
		{
			"from": [3.09185, 10.91161, 7.87522],
			"to": [4.75563, 10.91161, 9.53899],
			"rotation": {"angle": 45, "axis": "z", "origin": [3.09185, 10.91161, 8.70711]},
			"faces": {
				"up": {"uv": [2, 2, 0, 0], "texture": "#0", "tintindex": 0},
				"down": {"uv": [2, 0, 0, 2], "texture": "#0", "tintindex": 0}
			}
		},
		{
			"from": [-2.5234, 12.99133, 9.03986],
			"to": [-0.85962, 12.99133, 10.70364],
			"rotation": {"angle": 22.5, "axis": "x", "origin": [-1.69151, 12.99133, 10.70364]},
			"faces": {
				"up": {"uv": [2, 4, 0, 2], "rotation": 270, "texture": "#0", "tintindex": 0},
				"down": {"uv": [2, 2, 0, 4], "rotation": 90, "texture": "#0", "tintindex": 0}
			}
		},
		{
			"from": [-2.5234, 12.99133, 10.70364],
			"to": [-0.85962, 12.99133, 12.36742],
			"rotation": {"angle": -22.5, "axis": "x", "origin": [-1.69151, 12.99133, 10.70364]},
			"faces": {
				"up": {"uv": [0, 2, 2, 4], "rotation": 270, "texture": "#0", "tintindex": 0},
				"down": {"uv": [2, 2, 0, 4], "rotation": 270, "texture": "#0", "tintindex": 0}
			}
		},
		{
			"from": [-3.35529, 12.99133, 9.87175],
			"to": [-1.69151, 12.99133, 11.53553],
			"rotation": {"angle": -22.5, "axis": "z", "origin": [-1.69151, 12.99133, 10.70364]},
			"faces": {
				"up": {"uv": [0, 2, 2, 4], "texture": "#0", "tintindex": 0},
				"down": {"uv": [0, 4, 2, 2], "texture": "#0", "tintindex": 0}
			}
		},
		{
			"from": [-1.69151, 12.99133, 9.87175],
			"to": [-0.02773, 12.99133, 11.53553],
			"rotation": {"angle": 22.5, "axis": "z", "origin": [-1.69151, 12.99133, 10.70364]},
			"faces": {
				"up": {"uv": [2, 4, 0, 2], "texture": "#0", "tintindex": 0},
				"down": {"uv": [2, 2, 0, 4], "texture": "#0", "tintindex": 0}
			}
		},
		{
			"from": [-2.4818, 13.82322, 5.08839],
			"to": [-0.81802, 13.82322, 6.75217],
			"rotation": {"angle": 22.5, "axis": "x", "origin": [-1.64991, 13.82322, 6.75217]},
			"faces": {
				"north": {"uv": [0, 0, 2, 0], "texture": "#0", "tintindex": 0},
				"east": {"uv": [0, 0, 2, 0], "texture": "#0", "tintindex": 0},
				"south": {"uv": [0, 0, 2, 0], "texture": "#0", "tintindex": 0},
				"west": {"uv": [0, 0, 2, 0], "texture": "#0", "tintindex": 0},
				"up": {"uv": [0, 0, 2, 2], "rotation": 90, "texture": "#0", "tintindex": 0},
				"down": {"uv": [0, 2, 2, 0], "rotation": 270, "texture": "#0", "tintindex": 0}
			}
		},
		{
			"from": [-3.31369, 13.82322, 5.92028],
			"to": [-1.64991, 13.82322, 7.58406],
			"rotation": {"angle": -22.5, "axis": "z", "origin": [-1.64991, 13.82322, 6.75217]},
			"faces": {
				"north": {"uv": [0, 0, 2, 0], "texture": "#0", "tintindex": 0},
				"east": {"uv": [0, 0, 2, 0], "texture": "#0", "tintindex": 0},
				"south": {"uv": [0, 0, 2, 0], "texture": "#0", "tintindex": 0},
				"west": {"uv": [0, 0, 2, 0], "texture": "#0", "tintindex": 0},
				"up": {"uv": [0, 0, 2, 2], "texture": "#0", "tintindex": 0},
				"down": {"uv": [0, 2, 2, 0], "texture": "#0", "tintindex": 0}
			}
		},
		{
			"from": [-2.4818, 13.82322, 6.75217],
			"to": [-0.81802, 13.82322, 8.41594],
			"rotation": {"angle": -22.5, "axis": "x", "origin": [-1.64991, 13.82322, 6.75217]},
			"faces": {
				"north": {"uv": [0, 0, 2, 0], "texture": "#0", "tintindex": 0},
				"east": {"uv": [0, 0, 2, 0], "texture": "#0", "tintindex": 0},
				"south": {"uv": [0, 0, 2, 0], "texture": "#0", "tintindex": 0},
				"west": {"uv": [0, 0, 2, 0], "texture": "#0", "tintindex": 0},
				"up": {"uv": [2, 2, 0, 0], "rotation": 90, "texture": "#0", "tintindex": 0},
				"down": {"uv": [2, 0, 0, 2], "rotation": 270, "texture": "#0", "tintindex": 0}
			}
		},
		{
			"from": [-1.64991, 13.82322, 5.92028],
			"to": [0.01386, 13.82322, 7.58406],
			"rotation": {"angle": 22.5, "axis": "z", "origin": [-1.64991, 13.82322, 6.75217]},
			"faces": {
				"north": {"uv": [0, 0, 2, 0], "texture": "#0", "tintindex": 0},
				"east": {"uv": [0, 0, 2, 0], "texture": "#0", "tintindex": 0},
				"south": {"uv": [0, 0, 2, 0], "texture": "#0", "tintindex": 0},
				"west": {"uv": [0, 0, 2, 0], "texture": "#0", "tintindex": 0},
				"up": {"uv": [2, 2, 0, 0], "texture": "#0", "tintindex": 0},
				"down": {"uv": [2, 0, 0, 2], "texture": "#0", "tintindex": 0}
			}
		},
		{
			"from": [0.88735, 10.91161, 5.08839],
			"to": [2.55113, 10.91161, 6.75217],
			"rotation": {"angle": 45, "axis": "x", "origin": [1.71924, 10.91161, 6.75217]},
			"faces": {
				"up": {"uv": [2, 4, 0, 2], "rotation": 270, "texture": "#0", "tintindex": 0},
				"down": {"uv": [2, 2, 0, 4], "rotation": 90, "texture": "#0", "tintindex": 0}
			}
		},
		{
			"from": [0.88735, 10.91161, 6.71057],
			"to": [2.55113, 10.91161, 8.37435],
			"rotation": {"angle": -45, "axis": "x", "origin": [1.71924, 10.91161, 6.71057]},
			"faces": {
				"up": {"uv": [0, 2, 2, 4], "rotation": 270, "texture": "#0", "tintindex": 0},
				"down": {"uv": [2, 2, 0, 4], "rotation": 270, "texture": "#0", "tintindex": 0}
			}
		},
		{
			"from": [0.01386, 10.91161, 5.92028],
			"to": [1.67764, 10.91161, 7.58406],
			"rotation": {"angle": -45, "axis": "z", "origin": [1.67764, 10.91161, 6.75217]},
			"faces": {
				"up": {"uv": [0, 2, 2, 4], "texture": "#0", "tintindex": 0},
				"down": {"uv": [0, 4, 2, 2], "texture": "#0", "tintindex": 0}
			}
		},
		{
			"from": [1.71924, 10.91161, 5.92028],
			"to": [3.38302, 10.91161, 7.58406],
			"rotation": {"angle": 45, "axis": "z", "origin": [1.71924, 10.91161, 6.75217]},
			"faces": {
				"up": {"uv": [2, 4, 0, 2], "texture": "#0", "tintindex": 0},
				"down": {"uv": [2, 2, 0, 4], "texture": "#0", "tintindex": 0}
			}
		},
		{
			"from": [3.92374, 13.82322, 9.74697],
			"to": [5.58752, 13.82322, 11.41075],
			"rotation": {"angle": 22.5, "axis": "z", "origin": [3.92374, 13.82322, 10.57886]},
			"faces": {
				"up": {"uv": [2, 2, 0, 0], "texture": "#0", "tintindex": 0},
				"down": {"uv": [2, 0, 0, 2], "texture": "#0", "tintindex": 0}
			}
		},
		{
			"from": [2.25997, 13.82322, 9.74697],
			"to": [3.92374, 13.82322, 11.41075],
			"rotation": {"angle": -22.5, "axis": "z", "origin": [3.92374, 13.82322, 10.57886]},
			"faces": {
				"up": {"uv": [0, 0, 2, 2], "texture": "#0", "tintindex": 0},
				"down": {"uv": [0, 2, 2, 0], "texture": "#0", "tintindex": 0}
			}
		},
		{
			"from": [3.09185, 13.82322, 10.57886],
			"to": [4.75563, 13.82322, 12.24263],
			"rotation": {"angle": -22.5, "axis": "x", "origin": [3.92374, 13.82322, 10.57886]},
			"faces": {
				"up": {"uv": [0, 0, 2, 2], "rotation": 270, "texture": "#0", "tintindex": 0},
				"down": {"uv": [2, 0, 0, 2], "rotation": 270, "texture": "#0", "tintindex": 0}
			}
		},
		{
			"from": [3.09185, 13.82322, 8.91508],
			"to": [4.75563, 13.82322, 10.57886],
			"rotation": {"angle": 22.5, "axis": "x", "origin": [3.92374, 13.82322, 10.57886]},
			"faces": {
				"up": {"uv": [2, 2, 0, 0], "rotation": 270, "texture": "#0", "tintindex": 0},
				"down": {"uv": [2, 0, 0, 2], "rotation": 90, "texture": "#0", "tintindex": 0}
			}
		},
		{
			"from": [-1.85789, 11.7435, 4.2149],
			"to": [-0.19411, 11.7435, 5.87868],
			"rotation": {"angle": 45, "axis": "z", "origin": [-1.85789, 11.7435, 5.04679]},
			"faces": {
				"up": {"uv": [2, 4, 0, 2], "texture": "#0", "tintindex": 0},
				"down": {"uv": [2, 2, 0, 4], "texture": "#0", "tintindex": 0}
			}
		},
		{
			"from": [-3.52166, 11.7435, 4.2149],
			"to": [-1.85789, 11.7435, 5.87868],
			"rotation": {"angle": -45, "axis": "z", "origin": [-1.85789, 11.7435, 5.04679]},
			"faces": {
				"up": {"uv": [0, 2, 2, 4], "texture": "#0", "tintindex": 0},
				"down": {"uv": [0, 4, 2, 2], "texture": "#0", "tintindex": 0}
			}
		},
		{
			"from": [-2.68977, 11.7435, 5.04679],
			"to": [-1.026, 11.7435, 6.71057],
			"rotation": {"angle": -45, "axis": "x", "origin": [-1.85789, 11.7435, 5.04679]},
			"faces": {
				"up": {"uv": [0, 2, 2, 4], "rotation": 270, "texture": "#0", "tintindex": 0},
				"down": {"uv": [2, 2, 0, 4], "rotation": 270, "texture": "#0", "tintindex": 0}
			}
		},
		{
			"from": [-2.68977, 11.7435, 3.38302],
			"to": [-1.026, 11.7435, 5.04679],
			"rotation": {"angle": 45, "axis": "x", "origin": [-1.85789, 11.7435, 5.04679]},
			"faces": {
				"up": {"uv": [2, 4, 0, 2], "rotation": 270, "texture": "#0", "tintindex": 0},
				"down": {"uv": [2, 2, 0, 4], "rotation": 90, "texture": "#0", "tintindex": 0}
			}
		},
		{
			"from": [7.08492, 14.70468, 8],
			"to": [9.16464, 15.95251, 8],
			"rotation": {"angle": -45, "axis": "y", "origin": [8.12478, 12.79133, 8]},
			"faces": {
				"north": {"uv": [8.5, 2.5, 5, 4.5], "texture": "#0", "tintindex": 0},
				"south": {"uv": [5, 2.5, 8.5, 4.5], "texture": "#0", "tintindex": 0}
			}
		},
		{
			"from": [8.12478, 12.62496, 5.21317],
			"to": [8.12478, 13.87279, 7.29289],
			"rotation": {"angle": -45, "axis": "y", "origin": [8.16638, 12.79133, 8.7487]},
			"faces": {
				"east": {"uv": [8.5, 2.5, 5, 4.5], "texture": "#0", "tintindex": 0},
				"west": {"uv": [5, 2.5, 8.5, 4.5], "texture": "#0", "tintindex": 0}
			}
		},
		{
			"from": [5.0052, 13.87279, 5.71231],
			"to": [5.0052, 15.12062, 7.79203],
			"rotation": {"angle": -45, "axis": "y", "origin": [5.0052, 11.95945, 6.75217]},
			"faces": {
				"north": {"uv": [0, 0.5, 0, 2], "texture": "#0", "tintindex": 0},
				"east": {"uv": [5, 0, 8.5, 2], "texture": "#0", "tintindex": 0},
				"south": {"uv": [0, 0, 0, 1.5], "texture": "#0", "tintindex": 0},
				"west": {"uv": [8.5, 0, 5, 2], "texture": "#0", "tintindex": 0},
				"up": {"uv": [0, 2.5, 0, 0], "texture": "#0", "tintindex": 0},
				"down": {"uv": [0, 0, 0, 2.5], "texture": "#0", "tintindex": 0}
			}
		},
		{
			"from": [3.75737, 12.20901, 10.07972],
			"to": [5.83709, 13.45685, 10.07972],
			"rotation": {"angle": -45, "axis": "y", "origin": [4.83882, 12.37539, 12.57539]},
			"faces": {
				"north": {"uv": [8.5, 2.5, 5, 4.5], "texture": "#0", "tintindex": 0},
				"east": {"uv": [0, 2.5, 0, 4], "texture": "#0", "tintindex": 0},
				"south": {"uv": [5, 2.5, 8.5, 4.5], "texture": "#0", "tintindex": 0},
				"west": {"uv": [0, 2.5, 0, 4], "texture": "#0", "tintindex": 0},
				"up": {"uv": [2.5, 0, 0, 0], "texture": "#0", "tintindex": 0},
				"down": {"uv": [2.5, 0, 0, 0], "texture": "#0", "tintindex": 0}
			}
		},
		{
			"from": [7.16811, 12.82496, 8.29116],
			"to": [7.16811, 14.07279, 10.37088],
			"rotation": {"angle": -45, "axis": "y", "origin": [7.20971, 13.40728, 11.82669]},
			"faces": {
				"east": {"uv": [5, 0, 8.5, 2], "texture": "#0", "tintindex": 0},
				"west": {"uv": [8.5, 0, 5, 2], "texture": "#0", "tintindex": 0}
			}
		},
		{
			"from": [2.80069, 11.37712, 4.33969],
			"to": [4.88042, 12.62496, 4.33969],
			"rotation": {"angle": -45, "axis": "y", "origin": [3.88215, 11.95945, 6.83536]},
			"faces": {
				"north": {"uv": [8.5, 0.5, 5, 2.5], "texture": "#0", "tintindex": 0},
				"east": {"uv": [0, 0, 0, 1.5], "texture": "#0", "tintindex": 0},
				"south": {"uv": [5, 0, 8.5, 2], "texture": "#0", "tintindex": 0},
				"west": {"uv": [0, 0, 0, 1.5], "texture": "#0", "tintindex": 0},
				"up": {"uv": [2.5, 0, 0, 0], "texture": "#0", "tintindex": 0},
				"down": {"uv": [2.5, 0, 0, 0], "texture": "#0", "tintindex": 0}
			}
		},
		{
			"from": [3.71577, 11.37712, 7.37608],
			"to": [3.71577, 12.62496, 9.45581],
			"rotation": {"angle": -45, "axis": "y", "origin": [3.75737, 11.95945, 10.91161]},
			"faces": {
				"east": {"uv": [5, 0, 8.5, 2], "texture": "#0", "tintindex": 0},
				"west": {"uv": [8.5, 0, 5, 2], "texture": "#0", "tintindex": 0}
			}
		},
		{
			"from": [6.54419, 10.96118, 4.92201],
			"to": [6.54419, 12.20901, 7.00173],
			"rotation": {"angle": -45, "axis": "y", "origin": [6.58579, 11.5435, 8.45754]},
			"faces": {
				"east": {"uv": [5, 0, 8.5, 2], "texture": "#0", "tintindex": 0},
				"west": {"uv": [8.5, 0, 5, 2], "texture": "#0", "tintindex": 0}
			}
		},
		{
			"from": [11.69023, 11.16118, 7.86966],
			"to": [11.69023, 12.40901, 9.94939],
			"rotation": {"angle": 45, "axis": "y", "origin": [11.69023, 11.7851, 8.90953]},
			"faces": {
				"east": {"uv": [5, 2.5, 8.5, 4.5], "texture": "#0", "tintindex": 0},
				"west": {"uv": [8.5, 2.5, 5, 4.5], "texture": "#0", "tintindex": 0}
			}
		},
		{
			"from": [4.50607, 13.0409, 4.67244],
			"to": [6.58579, 14.28873, 4.67244],
			"rotation": {"angle": -45, "axis": "y", "origin": [5.58752, 12.37539, 7.16811]},
			"faces": {
				"north": {"uv": [8.5, 2.5, 5, 4.5], "texture": "#0", "tintindex": 0},
				"east": {"uv": [0, 0, 0, 1.5], "texture": "#0", "tintindex": 0},
				"south": {"uv": [5, 2, 8.5, 4], "texture": "#0", "tintindex": 0},
				"west": {"uv": [0, 0, 0, 1.5], "texture": "#0", "tintindex": 0},
				"up": {"uv": [2.5, 0, 0, 0], "texture": "#0", "tintindex": 0},
				"down": {"uv": [2.5, 0, 0, 0], "texture": "#0", "tintindex": 0}
			}
		},
		{
			"from": [5.54593, 13.0409, 3.63258],
			"to": [5.54593, 14.28873, 5.71231],
			"rotation": {"angle": -45, "axis": "y", "origin": [5.58752, 12.37539, 7.16811]},
			"faces": {
				"east": {"uv": [5, 2.5, 8.5, 4.5], "texture": "#0", "tintindex": 0},
				"west": {"uv": [8.5, 2.5, 5, 4.5], "texture": "#0", "tintindex": 0}
			}
		},
		{
			"from": [8.79029, 13.87279, 8.83189],
			"to": [8.79029, 15.12062, 10.91161],
			"rotation": {"angle": -45, "axis": "y", "origin": [8.83189, 13.20728, 12.36742]},
			"faces": {
				"east": {"uv": [5, 2.5, 8.5, 4.5], "texture": "#0", "tintindex": 0},
				"west": {"uv": [8.5, 2.5, 5, 4.5], "texture": "#0", "tintindex": 0}
			}
		},
		{
			"from": [8.62392, 11.79307, 4.33969],
			"to": [10.70364, 13.0409, 4.33969],
			"rotation": {"angle": -45, "axis": "y", "origin": [9.70537, 12.37539, 6.83536]},
			"faces": {
				"north": {"uv": [5, 0.5, 8.5, 2.5], "texture": "#0", "tintindex": 0},
				"east": {"uv": [0, 0, 0, 1.5], "texture": "#0", "tintindex": 0},
				"south": {"uv": [8.5, 0, 5, 2], "texture": "#0", "tintindex": 0},
				"west": {"uv": [0, 0, 0, 1.5], "texture": "#0", "tintindex": 0},
				"up": {"uv": [2.5, 0, 0, 0], "texture": "#0", "tintindex": 0},
				"down": {"uv": [2.5, 0, 0, 0], "texture": "#0", "tintindex": 0}
			}
		},
		{
			"from": [12.40945, 10.96118, 5.81252],
			"to": [14.48917, 12.20901, 5.81252],
			"rotation": {"angle": -45, "axis": "y", "origin": [13.2409, 11.5435, 8.08319]},
			"faces": {
				"north": {"uv": [8.5, 0.5, 5, 2.5], "texture": "#0", "tintindex": 0},
				"east": {"uv": [0, 0, 0, 1.5], "texture": "#0", "tintindex": 0},
				"south": {"uv": [5, 0, 8.5, 2], "texture": "#0", "tintindex": 0},
				"west": {"uv": [0, 0, 0, 1.5], "texture": "#0", "tintindex": 0},
				"up": {"uv": [2.5, 0, 0, 0], "texture": "#0", "tintindex": 0},
				"down": {"uv": [2.5, 0, 0, 0], "texture": "#0", "tintindex": 0}
			}
		},
		{
			"from": [11.45234, 12.20901, 9.03986],
			"to": [11.45234, 13.45685, 11.11958],
			"rotation": {"angle": -45, "axis": "y", "origin": [11.49393, 12.37539, 12.57539]},
			"faces": {
				"east": {"uv": [5, 2.5, 8.5, 4.5], "texture": "#0", "tintindex": 0},
				"west": {"uv": [8.5, 2.5, 5, 4.5], "texture": "#0", "tintindex": 0}
			}
		},
		{
			"from": [10.62045, 13.87279, 6.75217],
			"to": [12.70017, 15.12062, 6.75217],
			"rotation": {"angle": -45, "axis": "y", "origin": [11.66031, 11.95945, 6.75217]},
			"faces": {
				"north": {"uv": [8.5, 0.5, 5, 2.5], "texture": "#0", "tintindex": 0},
				"south": {"uv": [5, 0, 8.5, 2], "texture": "#0", "tintindex": 0}
			}
		},
		{
			"from": [12.20104, 13.0409, 3.63258],
			"to": [12.20104, 14.28873, 5.71231],
			"rotation": {"angle": -45, "axis": "y", "origin": [12.24263, 12.37539, 7.16811]},
			"faces": {
				"east": {"uv": [5, 2.5, 8.5, 4.5], "texture": "#0", "tintindex": 0},
				"west": {"uv": [8.5, 2.5, 5, 4.5], "texture": "#0", "tintindex": 0}
			}
		},
		{
			"from": [14.57192, 12.20901, 5.42114],
			"to": [16.65165, 13.45685, 5.42114],
			"rotation": {"angle": -45, "axis": "y", "origin": [15.65338, 12.37539, 7.91681]},
			"faces": {
				"north": {"uv": [5, 0.5, 8.5, 2.5], "texture": "#0", "tintindex": 0},
				"east": {"uv": [0, 2, 0, 3.5], "texture": "#0", "tintindex": 0},
				"south": {"uv": [8.5, 0, 5, 2], "texture": "#0", "tintindex": 0},
				"west": {"uv": [0, 2, 0, 3.5], "texture": "#0", "tintindex": 0},
				"up": {"uv": [2.5, 0, 0, 0], "texture": "#0", "tintindex": 0},
				"down": {"uv": [2.5, 0, 0, 0], "texture": "#0", "tintindex": 0}
			}
		},
		{
			"from": [15.44541, 13.87279, 8.83189],
			"to": [15.44541, 15.12062, 10.91161],
			"rotation": {"angle": -45, "axis": "y", "origin": [15.487, 13.20728, 12.36742]},
			"faces": {
				"east": {"uv": [5, 2.5, 8.5, 4.5], "texture": "#0", "tintindex": 0},
				"west": {"uv": [8.5, 2.5, 5, 4.5], "texture": "#0", "tintindex": 0}
			}
		},
		{
			"from": [15.86135, 10.96118, 7.37608],
			"to": [15.86135, 12.20901, 9.45581],
			"rotation": {"angle": -45, "axis": "y", "origin": [15.90295, 11.5435, 10.91161]},
			"faces": {
				"east": {"uv": [5, 2.5, 8.5, 4.5], "texture": "#0", "tintindex": 0},
				"west": {"uv": [8.5, 2.5, 5, 4.5], "texture": "#0", "tintindex": 0}
			}
		},
		{
			"from": [12.78336, 12.62496, 9.33102],
			"to": [14.86308, 13.87279, 9.33102],
			"rotation": {"angle": -45, "axis": "y", "origin": [13.86482, 13.20728, 11.82669]},
			"faces": {
				"north": {"uv": [8.5, 0.5, 5, 2.5], "texture": "#0", "tintindex": 0},
				"east": {"uv": [0, 0, 0, 1.5], "texture": "#0", "tintindex": 0},
				"south": {"uv": [5, 0, 8.5, 2], "texture": "#0", "tintindex": 0},
				"west": {"uv": [0, 0, 0, 1.5], "texture": "#0", "tintindex": 0},
				"up": {"uv": [2.5, 0, 0, 0], "texture": "#0", "tintindex": 0},
				"down": {"uv": [2.5, 0, 0, 0], "texture": "#0", "tintindex": 0}
			}
		},
		{
			"from": [13.82322, 12.62496, 8.29116],
			"to": [13.82322, 13.87279, 10.37088],
			"rotation": {"angle": -45, "axis": "y", "origin": [13.86482, 13.20728, 11.82669]},
			"faces": {
				"east": {"uv": [5, 0, 8.5, 2], "texture": "#0", "tintindex": 0},
				"west": {"uv": [8.5, 0, 5, 2], "texture": "#0", "tintindex": 0}
			}
		},
		{
			"from": [13.40728, 14.70468, 8.41594],
			"to": [15.487, 15.95251, 8.41594],
			"rotation": {"angle": -45, "axis": "y", "origin": [14.44714, 12.79133, 8.41594]},
			"faces": {
				"north": {"uv": [5, 2.5, 8.5, 4.5], "texture": "#0", "tintindex": 0},
				"south": {"uv": [8.5, 2.5, 5, 4.5], "texture": "#0", "tintindex": 0}
			}
		},
		{
			"from": [-0.36049, 14.70468, 8.29116],
			"to": [1.71924, 15.95251, 8.29116],
			"rotation": {"angle": -45, "axis": "y", "origin": [0.67938, 12.79133, 8.29116]},
			"faces": {
				"north": {"uv": [8.5, 2.5, 5, 4.5], "texture": "#0", "tintindex": 0},
				"south": {"uv": [5, 2.5, 8.5, 4.5], "texture": "#0", "tintindex": 0}
			}
		},
		{
			"from": [-0.06932, 12.62496, 8.29116],
			"to": [-0.06932, 13.87279, 10.37088],
			"rotation": {"angle": -45, "axis": "y", "origin": [-0.02773, 13.20728, 11.82669]},
			"faces": {
				"east": {"uv": [5, 0, 8.5, 2], "texture": "#0", "tintindex": 0},
				"west": {"uv": [8.5, 0, 5, 2], "texture": "#0", "tintindex": 0}
			}
		},
		{
			"from": [1.30329, 10.96118, 6.96014],
			"to": [1.30329, 12.20901, 9.03986],
			"rotation": {"angle": -45, "axis": "y", "origin": [1.34489, 11.5435, 10.49567]},
			"faces": {
				"east": {"uv": [5, 2.5, 8.5, 4.5], "texture": "#0", "tintindex": 0},
				"west": {"uv": [8.5, 2.5, 5, 4.5], "texture": "#0", "tintindex": 0}
			}
		},
		{
			"from": [1.09532, 13.87279, 9.87175],
			"to": [3.17504, 15.12062, 9.87175],
			"rotation": {"angle": -45, "axis": "y", "origin": [2.17678, 13.20728, 12.36742]},
			"faces": {
				"north": {"uv": [5, 0.5, 8.5, 2.5], "texture": "#0", "tintindex": 0},
				"east": {"uv": [0, 0, 0, 1.5], "texture": "#0", "tintindex": 0},
				"south": {"uv": [8.5, 0, 5, 2], "texture": "#0", "tintindex": 0},
				"west": {"uv": [0, 0, 0, 1.5], "texture": "#0", "tintindex": 0},
				"up": {"uv": [2.5, 0, 0, 0], "texture": "#0", "tintindex": 0},
				"down": {"uv": [2.5, 0, 0, 0], "texture": "#0", "tintindex": 0}
			}
		},
		{
			"from": [2.13518, 13.87279, 8.83189],
			"to": [2.13518, 15.12062, 10.91161],
			"rotation": {"angle": -45, "axis": "y", "origin": [2.17678, 13.20728, 12.36742]},
			"faces": {
				"east": {"uv": [5, 2.5, 8.5, 4.5], "texture": "#0", "tintindex": 0},
				"west": {"uv": [8.5, 2.5, 5, 4.5], "texture": "#0", "tintindex": 0}
			}
		},
		{
			"from": [0.84575, 12.20901, 5.0052],
			"to": [2.92548, 13.45685, 5.0052],
			"rotation": {"angle": -45, "axis": "y", "origin": [1.92721, 12.37539, 7.50087]},
			"faces": {
				"north": {"uv": [8.5, 0.5, 5, 2.5], "texture": "#0", "tintindex": 0},
				"east": {"uv": [0, 2, 0, 3.5], "texture": "#0", "tintindex": 0},
				"south": {"uv": [5, 0, 8.5, 2], "texture": "#0", "tintindex": 0},
				"west": {"uv": [0, 2, 0, 3.5], "texture": "#0", "tintindex": 0},
				"up": {"uv": [2.5, 0, 0, 0], "texture": "#0", "tintindex": 0},
				"down": {"uv": [2.5, 0, 0, 0], "texture": "#0", "tintindex": 0}
			}
		},
		{
			"from": [-2.14905, 13.0409, 4.67244],
			"to": [-0.06932, 14.28873, 4.67244],
			"rotation": {"angle": -45, "axis": "y", "origin": [-1.06759, 12.37539, 7.16811]},
			"faces": {
				"north": {"uv": [8.5, 2.5, 5, 4.5], "texture": "#0", "tintindex": 0},
				"east": {"uv": [0, 0, 0, 1.5], "texture": "#0", "tintindex": 0},
				"south": {"uv": [5, 2.5, 8.5, 4.5], "texture": "#0", "tintindex": 0},
				"west": {"uv": [0, 0, 0, 1.5], "texture": "#0", "tintindex": 0},
				"up": {"uv": [2.5, 0, 0, 0], "texture": "#0", "tintindex": 0},
				"down": {"uv": [2.5, 0, 0, 0], "texture": "#0", "tintindex": 0}
			}
		},
		{
			"from": [-1.64991, 13.87279, 5.71231],
			"to": [-1.64991, 15.12062, 7.79203],
			"rotation": {"angle": -45, "axis": "y", "origin": [-1.64991, 11.95945, 6.75217]},
			"faces": {
				"north": {"uv": [0, 0.5, 0, 2], "texture": "#0", "tintindex": 0},
				"east": {"uv": [5, 0, 8.5, 2], "texture": "#0", "tintindex": 0},
				"south": {"uv": [0, 0, 0, 1.5], "texture": "#0", "tintindex": 0},
				"west": {"uv": [8.5, 0, 5, 2], "texture": "#0", "tintindex": 0},
				"up": {"uv": [0, 2.5, 0, 0], "texture": "#0", "tintindex": 0},
				"down": {"uv": [0, 0, 0, 2.5], "texture": "#0", "tintindex": 0}
			}
		},
		{
			"from": [-4.51993, 13.0409, 9.99653],
			"to": [-2.44021, 14.28873, 9.99653],
			"rotation": {"angle": -45, "axis": "y", "origin": [-3.43847, 13.20728, 12.4922]},
			"faces": {
				"north": {"uv": [8.5, 2.5, 5, 4.5], "texture": "#0", "tintindex": 0},
				"east": {"uv": [0, 2.5, 0, 4], "texture": "#0", "tintindex": 0},
				"south": {"uv": [5, 2.5, 8.5, 4.5], "texture": "#0", "tintindex": 0},
				"west": {"uv": [0, 2.5, 0, 4], "texture": "#0", "tintindex": 0},
				"up": {"uv": [2.5, 0, 0, 0], "texture": "#0", "tintindex": 0},
				"down": {"uv": [2.5, 0, 0, 0], "texture": "#0", "tintindex": 0}
			}
		},
		{
			"from": [-3.64645, 12.20901, 8.41594],
			"to": [-1.56672, 13.45685, 8.41594],
			"rotation": {"angle": -45, "axis": "y", "origin": [-2.56499, 12.79133, 10.91161]},
			"faces": {
				"north": {"uv": [8.5, 0.5, 5, 2.5], "texture": "#0", "tintindex": 0},
				"east": {"uv": [0, 0, 0, 1.5], "texture": "#0", "tintindex": 0},
				"south": {"uv": [5, 0, 8.5, 2], "texture": "#0", "tintindex": 0},
				"west": {"uv": [0, 0, 0, 1.5], "texture": "#0", "tintindex": 0},
				"up": {"uv": [2.5, 0, 0, 0], "texture": "#0", "tintindex": 0},
				"down": {"uv": [2.5, 0, 0, 0], "texture": "#0", "tintindex": 0}
			}
		},
		{
			"from": [-0.11092, 10.96118, 4.92201],
			"to": [-0.11092, 12.20901, 7.00173],
			"rotation": {"angle": -45, "axis": "y", "origin": [-0.06932, 11.5435, 8.45754]},
			"faces": {
				"east": {"uv": [5, 0, 8.5, 2], "texture": "#0", "tintindex": 0},
				"west": {"uv": [8.5, 0, 5, 2], "texture": "#0", "tintindex": 0}
			}
		},
		{
			"from": [-3.64645, 11.99307, 3.29983],
			"to": [-3.64645, 13.2409, 5.37955],
			"rotation": {"angle": -45, "axis": "y", "origin": [-3.60485, 12.57539, 6.83536]},
			"faces": {
				"east": {"uv": [5, 0, 8.5, 2], "texture": "#0", "tintindex": 0},
				"west": {"uv": [8.5, 0, 5, 2], "texture": "#0", "tintindex": 0}
			}
		},
		{
			"from": [8.12478, 10.07972, 7.79203],
			"to": [8.12478, 14.67106, 8.20797],
			"rotation": {"angle": -45, "axis": "y", "origin": [8.12478, 12.57539, 8]},
			"faces": {
				"north": {"uv": [0, 0, 0, 5.5], "texture": "#0", "tintindex": 0},
				"east": {"uv": [4.5, 0, 5, 6], "texture": "#0", "tintindex": 0},
				"south": {"uv": [0, 0, 0, 5.5], "texture": "#0", "tintindex": 0},
				"west": {"uv": [4.5, 0, 5, 6], "texture": "#0", "tintindex": 0},
				"up": {"uv": [0, 0.5, 0, 0], "texture": "#0", "tintindex": 0},
				"down": {"uv": [0, 0, 0, 0.5], "texture": "#0", "tintindex": 0}
			}
		},
		{
			"from": [9.70537, 10.07972, 4.13172],
			"to": [9.70537, 11.75945, 4.54766],
			"rotation": {"angle": -45, "axis": "y", "origin": [9.70537, 12.57539, 6.83536]},
			"faces": {
				"north": {"uv": [0, 0.5, 0, 4.5], "texture": "#0", "tintindex": 0},
				"east": {"uv": [4.5, 4, 5, 7], "texture": "#0", "tintindex": 0},
				"south": {"uv": [0, 0.5, 0, 4.5], "texture": "#0", "tintindex": 0},
				"west": {"uv": [4.5, 4, 5, 7], "texture": "#0", "tintindex": 0},
				"up": {"uv": [0, 0.5, 0, 0], "texture": "#0", "tintindex": 0},
				"down": {"uv": [0, 0, 0, 0.5], "texture": "#0", "tintindex": 0}
			}
		},
		{
			"from": [15.487, 10.07972, 9.66378],
			"to": [15.487, 13.83917, 10.07972],
			"rotation": {"angle": -45, "axis": "y", "origin": [15.487, 13.40728, 12.36742]},
			"faces": {
				"north": {"uv": [0, 0, 0, 4], "texture": "#0", "tintindex": 0},
				"east": {"uv": [5, 0, 4.5, 4], "texture": "#0", "tintindex": 0},
				"south": {"uv": [0, 0, 0, 4], "texture": "#0", "tintindex": 0},
				"west": {"uv": [4.5, 0, 5, 4], "texture": "#0", "tintindex": 0},
				"up": {"uv": [0, 0.5, 0, 0], "texture": "#0", "tintindex": 0},
				"down": {"uv": [0, 0, 0, 0.5], "texture": "#0", "tintindex": 0}
			}
		},
		{
			"from": [13.2409, 10.07972, 5.7539],
			"to": [13.2409, 10.92756, 6.16984],
			"rotation": {"angle": -45, "axis": "y", "origin": [13.2409, 12.57539, 8.45754]},
			"faces": {
				"north": {"uv": [0, 0.5, 0, 4.5], "texture": "#0", "tintindex": 0},
				"east": {"uv": [4.5, 6.5, 5, 9.5], "texture": "#0", "tintindex": 0},
				"south": {"uv": [0, 0.5, 0, 4.5], "texture": "#0", "tintindex": 0},
				"west": {"uv": [4.5, 6.5, 5, 9.5], "texture": "#0", "tintindex": 0},
				"up": {"uv": [0, 0.5, 0, 0], "texture": "#0", "tintindex": 0},
				"down": {"uv": [0, 0, 0, 0.5], "texture": "#0", "tintindex": 0}
			}
		},
		{
			"from": [11.45234, 10.07972, 6.75217],
			"to": [11.86828, 13.83917, 6.75217],
			"rotation": {"angle": -45, "axis": "y", "origin": [11.66031, 12.57539, 6.75217]},
			"faces": {
				"north": {"uv": [4.5, 0, 5, 5], "texture": "#0", "tintindex": 0},
				"east": {"uv": [4.5, 0, 4.5, 5], "texture": "#0", "tintindex": 0},
				"south": {"uv": [4.5, 0, 5, 5], "texture": "#0", "tintindex": 0},
				"west": {"uv": [4.5, 0, 4.5, 5], "texture": "#0", "tintindex": 0}
			}
		},
		{
			"from": [11.28596, 10.07972, 10.07972],
			"to": [11.70191, 12.17539, 10.07972],
			"rotation": {"angle": -45, "axis": "y", "origin": [11.49393, 12.57539, 12.57539]},
			"faces": {
				"north": {"uv": [4.5, 6.5, 5, 9.5], "texture": "#0", "tintindex": 0},
				"south": {"uv": [4.5, 6.5, 5, 9.5], "texture": "#0", "tintindex": 0}
			}
		},
		{
			"from": [15.90295, 10.07972, 8.20797],
			"to": [15.90295, 10.92756, 8.62392],
			"rotation": {"angle": -45, "axis": "y", "origin": [15.90295, 12.57539, 10.91161]},
			"faces": {
				"north": {"uv": [0, 0.5, 0, 4.5], "texture": "#0", "tintindex": 0},
				"east": {"uv": [4.5, 6.5, 5, 9.5], "texture": "#0", "tintindex": 0},
				"south": {"uv": [0, 0.5, 0, 4.5], "texture": "#0", "tintindex": 0},
				"west": {"uv": [4.5, 6.5, 5, 9.5], "texture": "#0", "tintindex": 0},
				"up": {"uv": [0, 0.5, 0, 0], "texture": "#0", "tintindex": 0},
				"down": {"uv": [0, 0, 0, 0.5], "texture": "#0", "tintindex": 0}
			}
		},
		{
			"from": [13.65685, 10.07972, 9.33102],
			"to": [14.07279, 12.59133, 9.33102],
			"rotation": {"angle": -45, "axis": "y", "origin": [13.86482, 12.57539, 11.82669]},
			"faces": {
				"north": {"uv": [4.5, 6.5, 5, 9.5], "texture": "#0", "tintindex": 0},
				"south": {"uv": [4.5, 6.5, 5, 9.5], "texture": "#0", "tintindex": 0}
			}
		},
		{
			"from": [12.03466, 10.07972, 4.67244],
			"to": [12.45061, 13.00728, 4.67244],
			"rotation": {"angle": -45, "axis": "y", "origin": [12.24263, 12.57539, 7.16811]},
			"faces": {
				"north": {"uv": [4.5, 6, 5, 10], "texture": "#0", "tintindex": 0},
				"south": {"uv": [4.5, 6, 5, 10], "texture": "#0", "tintindex": 0}
			}
		},
		{
			"from": [15.44541, 10.07972, 5.42114],
			"to": [15.86135, 12.17539, 5.42114],
			"rotation": {"angle": -45, "axis": "y", "origin": [15.65338, 12.57539, 7.91681]},
			"faces": {
				"north": {"uv": [4.5, 6.5, 5, 9.5], "texture": "#0", "tintindex": 0},
				"south": {"uv": [4.5, 6.5, 5, 9.5], "texture": "#0", "tintindex": 0}
			}
		},
		{
			"from": [14.44714, 10.07972, 8.20797],
			"to": [14.44714, 14.67106, 8.62392],
			"rotation": {"angle": -45, "axis": "y", "origin": [14.44714, 12.57539, 8.41594]},
			"faces": {
				"north": {"uv": [0, 0, 0, 5.5], "texture": "#0", "tintindex": 0},
				"east": {"uv": [4.5, 0, 5, 6], "texture": "#0", "tintindex": 0},
				"south": {"uv": [0, 0, 0, 5.5], "texture": "#0", "tintindex": 0},
				"west": {"uv": [4.5, 0, 5, 6], "texture": "#0", "tintindex": 0},
				"up": {"uv": [0, 0.5, 0, 0], "texture": "#0", "tintindex": 0},
				"down": {"uv": [0, 0, 0, 0.5], "texture": "#0", "tintindex": 0}
			}
		},
		{
			"from": [0.67938, 10.07972, 8.08319],
			"to": [0.67938, 14.67106, 8.49913],
			"rotation": {"angle": -45, "axis": "y", "origin": [0.67938, 12.57539, 8.29116]},
			"faces": {
				"north": {"uv": [0, 0, 0, 5.5], "texture": "#0", "tintindex": 0},
				"east": {"uv": [4.5, 0, 5, 6], "texture": "#0", "tintindex": 0},
				"south": {"uv": [0, 0, 0, 5.5], "texture": "#0", "tintindex": 0},
				"west": {"uv": [4.5, 0, 5, 6], "texture": "#0", "tintindex": 0},
				"up": {"uv": [0, 0.5, 0, 0], "texture": "#0", "tintindex": 0},
				"down": {"uv": [0, 0, 0, 0.5], "texture": "#0", "tintindex": 0}
			}
		},
		{
			"from": [1.92721, 10.07972, 4.79723],
			"to": [1.92721, 12.17539, 5.21317],
			"rotation": {"angle": -45, "axis": "y", "origin": [1.92721, 12.57539, 7.50087]},
			"faces": {
				"north": {"uv": [0, 0.5, 0, 4.5], "texture": "#0", "tintindex": 0},
				"east": {"uv": [4.5, 6.5, 5, 9.5], "texture": "#0", "tintindex": 0},
				"south": {"uv": [0, 0.5, 0, 4.5], "texture": "#0", "tintindex": 0},
				"west": {"uv": [4.5, 6.5, 5, 9.5], "texture": "#0", "tintindex": 0},
				"up": {"uv": [0, 0.5, 0, 0], "texture": "#0", "tintindex": 0},
				"down": {"uv": [0, 0, 0, 0.5], "texture": "#0", "tintindex": 0}
			}
		},
		{
			"from": [-1.27556, 10.07972, 4.67244],
			"to": [-0.85962, 13.00728, 4.67244],
			"rotation": {"angle": -45, "axis": "y", "origin": [-1.06759, 12.57539, 7.16811]},
			"faces": {
				"north": {"uv": [4.5, 6, 5, 10], "texture": "#0", "tintindex": 0},
				"south": {"uv": [4.5, 6, 5, 10], "texture": "#0", "tintindex": 0}
			}
		},
		{
			"from": [-0.2357, 10.07972, 9.33102],
			"to": [0.18024, 12.59133, 9.33102],
			"rotation": {"angle": -45, "axis": "y", "origin": [-0.02773, 12.57539, 11.82669]},
			"faces": {
				"north": {"uv": [4.5, 6.5, 5, 9.5], "texture": "#0", "tintindex": 0},
				"south": {"uv": [4.5, 6.5, 5, 9.5], "texture": "#0", "tintindex": 0}
			}
		},
		{
			"from": [-2.77296, 10.07972, 8.41594],
			"to": [-2.35702, 12.17539, 8.41594],
			"rotation": {"angle": -45, "axis": "y", "origin": [-2.56499, 12.57539, 10.91161]},
			"faces": {
				"north": {"uv": [4.5, 4.5, 5, 7.5], "texture": "#0", "tintindex": 0},
				"south": {"uv": [4.5, 4.5, 5, 7.5], "texture": "#0", "tintindex": 0}
			}
		},
		{
			"from": [1.13692, 10.07972, 8],
			"to": [1.55286, 10.92756, 8],
			"rotation": {"angle": -45, "axis": "y", "origin": [1.34489, 12.57539, 10.49567]},
			"faces": {
				"north": {"uv": [4.5, 6.5, 5, 9.5], "texture": "#0", "tintindex": 0},
				"south": {"uv": [4.5, 6.5, 5, 9.5], "texture": "#0", "tintindex": 0}
			}
		},
		{
			"from": [-3.64645, 10.07972, 9.99653],
			"to": [-3.2305, 13.00728, 9.99653],
			"rotation": {"angle": -45, "axis": "y", "origin": [-3.43847, 12.57539, 12.4922]},
			"faces": {
				"north": {"uv": [4.5, 6.5, 5, 10.5], "texture": "#0", "tintindex": 0},
				"south": {"uv": [4.5, 6.5, 5, 10.5], "texture": "#0", "tintindex": 0}
			}
		},
		{
			"from": [-1.64991, 10.07972, 6.54419],
			"to": [-1.64991, 13.83917, 6.96014],
			"rotation": {"angle": -45, "axis": "y", "origin": [-1.64991, 12.57539, 6.75217]},
			"faces": {
				"north": {"uv": [0, 0, 0, 5.5], "texture": "#0", "tintindex": 0},
				"east": {"uv": [4.5, 0, 5, 5.5], "texture": "#0", "tintindex": 0},
				"south": {"uv": [0, 0, 0, 5.5], "texture": "#0", "tintindex": 0},
				"west": {"uv": [4.5, 0, 5, 5], "texture": "#0", "tintindex": 0},
				"up": {"uv": [0, 0.5, 0, 0], "texture": "#0", "tintindex": 0},
				"down": {"uv": [0, 0, 0, 0.5], "texture": "#0", "tintindex": 0}
			}
		},
		{
			"from": [-0.2773, 10.07972, 5.96187],
			"to": [0.13865, 10.92756, 5.96187],
			"rotation": {"angle": -45, "axis": "y", "origin": [-0.06932, 12.57539, 8.45754]},
			"faces": {
				"north": {"uv": [4.5, 6.5, 5, 9.5], "texture": "#0", "tintindex": 0},
				"south": {"uv": [4.5, 6.5, 5, 9.5], "texture": "#0", "tintindex": 0}
			}
		},
		{
			"from": [2.17678, 10.07972, 9.66378],
			"to": [2.17678, 13.83917, 10.07972],
			"rotation": {"angle": -45, "axis": "y", "origin": [2.17678, 13.40728, 12.36742]},
			"faces": {
				"north": {"uv": [0, 0, 0, 4], "texture": "#0", "tintindex": 0},
				"east": {"uv": [5, 0, 4.5, 4], "texture": "#0", "tintindex": 0},
				"south": {"uv": [0, 0, 0, 4], "texture": "#0", "tintindex": 0},
				"west": {"uv": [4.5, 0, 5, 4], "texture": "#0", "tintindex": 0},
				"up": {"uv": [0, 0.5, 0, 0], "texture": "#0", "tintindex": 0},
				"down": {"uv": [0, 0, 0, 0.5], "texture": "#0", "tintindex": 0}
			}
		},
		{
			"from": [-3.60485, 10.07972, 4.13172],
			"to": [-3.60485, 11.75945, 4.54766],
			"rotation": {"angle": -45, "axis": "y", "origin": [-3.60485, 12.57539, 6.83536]},
			"faces": {
				"north": {"uv": [0, 0.5, 0, 4.5], "texture": "#0", "tintindex": 0},
				"east": {"uv": [4.5, 4, 5, 7], "texture": "#0", "tintindex": 0},
				"south": {"uv": [0, 0.5, 0, 4.5], "texture": "#0", "tintindex": 0},
				"west": {"uv": [4.5, 4, 5, 7], "texture": "#0", "tintindex": 0},
				"up": {"uv": [0, 0.5, 0, 0], "texture": "#0", "tintindex": 0},
				"down": {"uv": [0, 0, 0, 0.5], "texture": "#0", "tintindex": 0}
			}
		},
		{
			"from": [7.91681, 10.07972, 8],
			"to": [8.33276, 14.67106, 8],
			"rotation": {"angle": -45, "axis": "y", "origin": [8.12478, 12.57539, 8]},
			"faces": {
				"north": {"uv": [4.5, 0, 5, 6], "texture": "#0", "tintindex": 0},
				"east": {"uv": [4.5, 0, 4.5, 6], "texture": "#0", "tintindex": 0},
				"south": {"uv": [4.5, 0, 5, 6], "texture": "#0", "tintindex": 0},
				"west": {"uv": [4.5, 0, 4.5, 6], "texture": "#0", "tintindex": 0}
			}
		},
		{
			"from": [7.95841, 10.07972, 6.25303],
			"to": [8.37435, 12.59133, 6.25303],
			"rotation": {"angle": -45, "axis": "y", "origin": [8.16638, 12.99133, 8.7487]},
			"faces": {
				"north": {"uv": [4.5, 6.5, 5, 10], "texture": "#0", "tintindex": 0},
				"south": {"uv": [4.5, 6.5, 5, 10], "texture": "#0", "tintindex": 0}
			}
		},
		{
			"from": [4.79723, 10.07972, 6.75217],
			"to": [5.21317, 13.83917, 6.75217],
			"rotation": {"angle": -45, "axis": "y", "origin": [5.0052, 12.57539, 6.75217]},
			"faces": {
				"north": {"uv": [4.5, 0, 5, 5], "texture": "#0", "tintindex": 0},
				"east": {"uv": [4.5, 0, 4.5, 5], "texture": "#0", "tintindex": 0},
				"south": {"uv": [4.5, 0, 5, 5], "texture": "#0", "tintindex": 0},
				"west": {"uv": [4.5, 0, 4.5, 5], "texture": "#0", "tintindex": 0}
			}
		},
		{
			"from": [4.83882, 10.07972, 9.87175],
			"to": [4.83882, 12.17539, 10.28769],
			"rotation": {"angle": -45, "axis": "y", "origin": [4.83882, 12.57539, 12.57539]},
			"faces": {
				"north": {"uv": [0, 0.5, 0, 4.5], "texture": "#0", "tintindex": 0},
				"east": {"uv": [4.5, 6.5, 5, 9.5], "texture": "#0", "tintindex": 0},
				"south": {"uv": [0, 0.5, 0, 4.5], "texture": "#0", "tintindex": 0},
				"west": {"uv": [4.5, 6.5, 5, 9.5], "texture": "#0", "tintindex": 0},
				"up": {"uv": [0, 0.5, 0, 0], "texture": "#0", "tintindex": 0},
				"down": {"uv": [0, 0, 0, 0.5], "texture": "#0", "tintindex": 0}
			}
		},
		{
			"from": [7.00173, 10.07972, 9.33102],
			"to": [7.41768, 12.59133, 9.33102],
			"rotation": {"angle": -45, "axis": "y", "origin": [7.20971, 12.57539, 11.82669]},
			"faces": {
				"north": {"uv": [4.5, 6.5, 5, 9.5], "texture": "#0", "tintindex": 0},
				"south": {"uv": [4.5, 6.5, 5, 9.5], "texture": "#0", "tintindex": 0}
			}
		},
		{
			"from": [3.88215, 10.07972, 4.13172],
			"to": [3.88215, 11.3435, 4.54766],
			"rotation": {"angle": -45, "axis": "y", "origin": [3.88215, 12.15945, 6.83536]},
			"faces": {
				"north": {"uv": [0, 0.5, 0, 4.5], "texture": "#0", "tintindex": 0},
				"east": {"uv": [4.5, 4, 5, 6], "texture": "#0", "tintindex": 0},
				"south": {"uv": [0, 0.5, 0, 4.5], "texture": "#0", "tintindex": 0},
				"west": {"uv": [4.5, 4, 5, 6], "texture": "#0", "tintindex": 0},
				"up": {"uv": [0, 0.5, 0, 0], "texture": "#0", "tintindex": 0},
				"down": {"uv": [0, 0, 0, 0.5], "texture": "#0", "tintindex": 0}
			}
		},
		{
			"from": [3.75737, 10.07972, 8.20797],
			"to": [3.75737, 11.35256, 8.62392],
			"rotation": {"angle": -45, "axis": "y", "origin": [3.75737, 12.57539, 10.91161]},
			"faces": {
				"north": {"uv": [0, 0.5, 0, 4.5], "texture": "#0", "tintindex": 0},
				"east": {"uv": [4.5, 6.5, 5, 9.5], "texture": "#0", "tintindex": 0},
				"south": {"uv": [0, 0.5, 0, 4.5], "texture": "#0", "tintindex": 0},
				"west": {"uv": [4.5, 6.5, 5, 9.5], "texture": "#0", "tintindex": 0},
				"up": {"uv": [0, 0.5, 0, 0], "texture": "#0", "tintindex": 0},
				"down": {"uv": [0, 0, 0, 0.5], "texture": "#0", "tintindex": 0}
			}
		},
		{
			"from": [6.37782, 10.07972, 5.96187],
			"to": [6.79376, 10.92756, 5.96187],
			"rotation": {"angle": -45, "axis": "y", "origin": [6.58579, 12.57539, 8.45754]},
			"faces": {
				"north": {"uv": [4.5, 6.5, 5, 9.5], "texture": "#0", "tintindex": 0},
				"south": {"uv": [4.5, 6.5, 5, 9.5], "texture": "#0", "tintindex": 0}
			}
		},
		{
			"from": [9.95494, 10.07972, 8],
			"to": [9.95494, 10.92756, 8.41594],
			"rotation": {"angle": -45, "axis": "y", "origin": [9.95494, 12.57539, 10.70364]},
			"faces": {
				"north": {"uv": [0, 0.5, 0, 4.5], "texture": "#0", "tintindex": 0},
				"east": {"uv": [4.5, 6.5, 5, 9.5], "texture": "#0", "tintindex": 0},
				"south": {"uv": [0, 0.5, 0, 4.5], "texture": "#0", "tintindex": 0},
				"west": {"uv": [4.5, 6.5, 5, 9.5], "texture": "#0", "tintindex": 0},
				"up": {"uv": [0, 0.5, 0, 0], "texture": "#0", "tintindex": 0},
				"down": {"uv": [0, 0, 0, 0.5], "texture": "#0", "tintindex": 0}
			}
		},
		{
			"from": [5.58752, 10.07972, 4.46447],
			"to": [5.58752, 13.00728, 4.88042],
			"rotation": {"angle": -45, "axis": "y", "origin": [5.58752, 12.57539, 7.16811]},
			"faces": {
				"north": {"uv": [0, 0, 0, 4], "texture": "#0", "tintindex": 0},
				"east": {"uv": [4.5, 6, 5, 10], "texture": "#0", "tintindex": 0},
				"south": {"uv": [0, 0, 0, 4], "texture": "#0", "tintindex": 0},
				"west": {"uv": [4.5, 6, 5, 10], "texture": "#0", "tintindex": 0},
				"up": {"uv": [0, 0.5, 0, 0], "texture": "#0", "tintindex": 0},
				"down": {"uv": [0, 0, 0, 0.5], "texture": "#0", "tintindex": 0}
			}
		},
		{
			"from": [8.62392, 10.07972, 9.87175],
			"to": [9.03986, 13.83917, 9.87175],
			"rotation": {"angle": -45, "axis": "y", "origin": [8.83189, 13.40728, 12.36742]},
			"faces": {
				"north": {"uv": [4.5, 0, 5, 4], "texture": "#0", "tintindex": 0},
				"south": {"uv": [4.5, 0, 5, 4], "texture": "#0", "tintindex": 0}
			}
		}
	],
	"display": {
		"head": {
			"rotation": [0, 180, 0]
		}
	}
}