{
	"credit": "Made with Blockbench",
	"textures": {
		"4": "kello:item/decal/checkpoint_flag/dead"
	},
	"elements": [
		{
			"from": [2.775, 0.05, 8.05],
			"to": [8.025, 15.95, 8.05],
			"rotation": {"angle": 0, "axis": "y", "origin": [12.525, -12, 8]},
			"faces": {
				"north": {"uv": [2.45, 0, 3.5, 3.5], "texture": "#4"},
				"south": {"uv": [3.5, 0, 2.45, 3.5], "texture": "#4"}
			}
		},
		{
			"from": [1.825, 0.05, 8.05],
			"to": [2.775, 15.95, 8.05],
			"rotation": {"angle": 0, "axis": "y", "origin": [12.525, -12, 8]},
			"faces": {
				"north": {"uv": [0, 3.25625, 0.25, 3.5], "texture": "#4"},
				"south": {"uv": [0, 3.25625, 0.25, 3.5], "texture": "#4"}
			}
		}
	],
	"display": {
		"head": {
			"rotation": [0, 180, 0]
		}
	}
}