{
	"credit": "Made with Blockbench",
	"textures": {
		"4": "kello:item/decal/checkpoint_flag/dead"
	},
	"elements": [
		{
			"from": [7.47022, 7.47022, 7.47022],
			"to": [8.52978, 29.72087, 8.52978],
			"rotation": {"angle": 0, "axis": "y", "origin": [8, 8.52978, 8]},
			"faces": {
				"north": {"uv": [3.5, 0, 4, 10.5], "texture": "#4"},
				"east": {"uv": [4, 0, 4.5, 10.5], "texture": "#4"},
				"south": {"uv": [4.5, 0, 5, 10.5], "texture": "#4"},
				"west": {"uv": [5, 0, 5.5, 10.5], "texture": "#4"},
				"up": {"uv": [6.25, 1, 5.75, 0.5], "texture": "#4"}
			}
		},
		{
			"from": [8.52978, 21.88017, 8.10596],
			"to": [10.11911, 23.4695, 8.10596],
			"rotation": {"angle": -22.5, "axis": "z", "origin": [8.79467, 22.14506, 8]},
			"faces": {
				"north": {"uv": [6.5, 0, 7.25, 0.75], "texture": "#4"},
				"east": {"uv": [0, 0, 0, 0], "texture": "#4"},
				"south": {"uv": [7.25, 0, 6.5, 0.75], "texture": "#4"},
				"west": {"uv": [0, 0, 0, 0], "texture": "#4"},
				"up": {"uv": [0, 0, 0, 0], "texture": "#4"},
				"down": {"uv": [0, 0, 0, 0], "texture": "#4"}
			}
		},
		{
			"from": [8.52978, 20.34381, 8],
			"to": [10.11911, 21.93314, 8],
			"rotation": {"angle": 22.5, "axis": "z", "origin": [8.79467, 21.77421, 8]},
			"faces": {
				"north": {"uv": [7.25, 0, 8, 0.75], "rotation": 270, "texture": "#4"},
				"east": {"uv": [0, 0, 0, 0], "rotation": 90, "texture": "#4"},
				"south": {"uv": [8, 0, 7.25, 0.75], "rotation": 270, "texture": "#4"},
				"west": {"uv": [0, 0, 0, 0], "rotation": 90, "texture": "#4"},
				"up": {"uv": [0, 0, 0, 0], "rotation": 90, "texture": "#4"},
				"down": {"uv": [0, 0, 0, 0], "rotation": 90, "texture": "#4"}
			}
		},
		{
			"from": [8.52978, 27.38985, 8],
			"to": [10.11911, 28.97918, 8],
			"rotation": {"angle": 22.5, "axis": "z", "origin": [8.79467, 28.82025, 8]},
			"faces": {
				"north": {"uv": [6.5, 0.75, 7.25, 1.5], "rotation": 270, "texture": "#4"},
				"east": {"uv": [0, 0, 0, 0], "rotation": 90, "texture": "#4"},
				"south": {"uv": [7.25, 0.75, 6.5, 1.5], "rotation": 270, "texture": "#4"},
				"west": {"uv": [0, 0, 0, 0], "rotation": 90, "texture": "#4"},
				"up": {"uv": [0, 0, 0, 0], "rotation": 90, "texture": "#4"},
				"down": {"uv": [0, 0, 0, 0], "rotation": 90, "texture": "#4"}
			}
		},
		{
			"from": [8.52978, 28.92621, 8.10596],
			"to": [10.11911, 30.51554, 8.10596],
			"rotation": {"angle": -22.5, "axis": "z", "origin": [8.79467, 29.19109, 8]},
			"faces": {
				"north": {"uv": [7.25, 0, 8, 0.75], "texture": "#4"},
				"east": {"uv": [0, 0, 0, 0], "texture": "#4"},
				"south": {"uv": [8, 0, 7.25, 0.75], "texture": "#4"},
				"west": {"uv": [0, 0, 0, 0], "texture": "#4"},
				"up": {"uv": [0, 0, 0, 0], "texture": "#4"},
				"down": {"uv": [0, 0, 0, 0], "texture": "#4"}
			}
		},
		{
			"from": [6.80148, 12.23387, 7.13325],
			"to": [8.88586, 14.31825, 7.13325],
			"rotation": {"angle": 45, "axis": "x", "origin": [7.84367, 14.31825, 7.13325]},
			"faces": {
				"north": {"uv": [13, 16, 13.97941, 14.99444], "rotation": 270, "texture": "#4", "tintindex": 0},
				"east": {"uv": [13, 11.99444, 13, 11.99444], "rotation": 270, "texture": "#4"},
				"south": {"uv": [13.97941, 16, 13, 14.99444], "rotation": 90, "texture": "#4", "tintindex": 0},
				"west": {"uv": [13, 11.99444, 13, 11.99444], "rotation": 90, "texture": "#4"},
				"up": {"uv": [13, 11.99444, 13, 11.99444], "rotation": 180, "texture": "#4"},
				"down": {"uv": [13, 11.99444, 13, 11.99444], "texture": "#4"}
			}
		},
		{
			"from": [5.7593, 13.27606, 7.13325],
			"to": [7.84367, 15.36043, 7.13325],
			"rotation": {"angle": -45, "axis": "y", "origin": [7.84367, 14.31825, 7.13325]},
			"faces": {
				"north": {"uv": [13.97941, 14.99444, 13, 16], "texture": "#4", "tintindex": 0},
				"east": {"uv": [13, 11.99444, 13, 11.99444], "rotation": 270, "texture": "#4"},
				"south": {"uv": [13.97941, 16, 13, 14.99444], "rotation": 180, "texture": "#4", "tintindex": 0},
				"west": {"uv": [13, 11.99444, 13, 11.99444], "rotation": 90, "texture": "#4"},
				"up": {"uv": [13, 11.99444, 13, 11.99444], "rotation": 180, "texture": "#4"},
				"down": {"uv": [13, 11.99444, 13, 11.99444], "texture": "#4"}
			}
		},
		{
			"from": [6.80148, 14.31825, 7.13325],
			"to": [8.88586, 16.40262, 7.13325],
			"rotation": {"angle": -45, "axis": "x", "origin": [7.84367, 14.31825, 7.13325]},
			"faces": {
				"north": {"uv": [13.97941, 14.99444, 13, 16], "rotation": 270, "texture": "#4", "tintindex": 0},
				"east": {"uv": [13, 11.99444, 13, 11.99444], "rotation": 270, "texture": "#4"},
				"south": {"uv": [13.97941, 16, 13, 14.99444], "rotation": 270, "texture": "#4", "tintindex": 0},
				"west": {"uv": [13, 11.99444, 13, 11.99444], "rotation": 90, "texture": "#4"},
				"up": {"uv": [13, 11.99444, 13, 11.99444], "rotation": 180, "texture": "#4"},
				"down": {"uv": [13, 11.99444, 13, 11.99444], "texture": "#4"}
			}
		},
		{
			"from": [7.84367, 13.27606, 7.13325],
			"to": [9.92804, 15.36043, 7.13325],
			"rotation": {"angle": 45, "axis": "y", "origin": [7.84367, 14.31825, 7.13325]},
			"faces": {
				"north": {"uv": [13, 16, 13.97941, 14.99444], "texture": "#4", "tintindex": 0},
				"east": {"uv": [13, 11.99444, 13, 11.99444], "rotation": 270, "texture": "#4"},
				"south": {"uv": [13, 14.99444, 13.97941, 16], "rotation": 180, "texture": "#4", "tintindex": 0},
				"west": {"uv": [13, 11.99444, 13, 11.99444], "rotation": 90, "texture": "#4"},
				"up": {"uv": [13, 11.99444, 13, 11.99444], "rotation": 180, "texture": "#4"},
				"down": {"uv": [13, 11.99444, 13, 11.99444], "texture": "#4"}
			}
		},
		{
			"from": [7.55707, 16.45473, 5.7593],
			"to": [7.55707, 18.53909, 7.84367],
			"rotation": {"angle": 45, "axis": "y", "origin": [7.55707, 17.49691, 7.84367]},
			"faces": {
				"north": {"uv": [13, 14.99444, 12, 13.99444], "rotation": 90, "texture": "#4"},
				"east": {"uv": [13, 16, 13.97941, 14.99444], "rotation": 180, "texture": "#4", "tintindex": 0},
				"south": {"uv": [13, 14.99444, 12, 13.99444], "rotation": 270, "texture": "#4"},
				"west": {"uv": [13, 14.99444, 13.97941, 16], "texture": "#4", "tintindex": 0},
				"up": {"uv": [13, 14.99444, 12, 13.99444], "rotation": 270, "texture": "#4"},
				"down": {"uv": [13, 14.99444, 12, 13.99444], "rotation": 270, "texture": "#4"}
			}
		},
		{
			"from": [7.55707, 17.49691, 6.80148],
			"to": [7.55707, 19.58128, 8.88586],
			"rotation": {"angle": 45, "axis": "z", "origin": [7.55707, 17.49691, 7.84367]},
			"faces": {
				"north": {"uv": [13, 14.99444, 12, 13.99444], "rotation": 90, "texture": "#4"},
				"east": {"uv": [13.97941, 14.99444, 13, 16], "rotation": 270, "texture": "#4", "tintindex": 0},
				"south": {"uv": [13, 14.99444, 12, 13.99444], "rotation": 270, "texture": "#4"},
				"west": {"uv": [13.97941, 16, 13, 14.99444], "rotation": 270, "texture": "#4", "tintindex": 0},
				"up": {"uv": [13, 14.99444, 12, 13.99444], "rotation": 270, "texture": "#4"},
				"down": {"uv": [13, 14.99444, 12, 13.99444], "rotation": 270, "texture": "#4"}
			}
		},
		{
			"from": [7.55707, 16.45473, 7.84367],
			"to": [7.55707, 18.53909, 9.92804],
			"rotation": {"angle": -45, "axis": "y", "origin": [7.55707, 17.49691, 7.84367]},
			"faces": {
				"north": {"uv": [13, 14.99444, 12, 13.99444], "rotation": 90, "texture": "#4"},
				"east": {"uv": [13.97941, 14.99444, 13, 16], "rotation": 180, "texture": "#4", "tintindex": 0},
				"south": {"uv": [13, 14.99444, 12, 13.99444], "rotation": 270, "texture": "#4"},
				"west": {"uv": [13.97941, 16, 13, 14.99444], "texture": "#4", "tintindex": 0},
				"up": {"uv": [13, 14.99444, 12, 13.99444], "rotation": 270, "texture": "#4"},
				"down": {"uv": [13, 14.99444, 12, 13.99444], "rotation": 270, "texture": "#4"}
			}
		},
		{
			"from": [7.55707, 15.41254, 6.80148],
			"to": [7.55707, 17.49691, 8.88586],
			"rotation": {"angle": -45, "axis": "z", "origin": [7.55707, 17.49691, 7.84367]},
			"faces": {
				"north": {"uv": [13, 14.99444, 12, 13.99444], "rotation": 90, "texture": "#4"},
				"east": {"uv": [13.97941, 14.99444, 13, 16], "rotation": 90, "texture": "#4", "tintindex": 0},
				"south": {"uv": [13, 14.99444, 12, 13.99444], "rotation": 270, "texture": "#4"},
				"west": {"uv": [13, 14.99444, 13.97941, 16], "rotation": 270, "texture": "#4", "tintindex": 0},
				"up": {"uv": [13, 14.99444, 12, 13.99444], "rotation": 270, "texture": "#4"},
				"down": {"uv": [13, 14.99444, 12, 13.99444], "rotation": 270, "texture": "#4"}
			}
		},
		{
			"from": [6.80148, 13.82321, 8.44293],
			"to": [8.88586, 15.90758, 8.44293],
			"rotation": {"angle": -45, "axis": "x", "origin": [7.84367, 15.90758, 8.44293]},
			"faces": {
				"north": {"uv": [13.99191, 14.98611, 13, 14.00556], "rotation": 90, "texture": "#4", "tintindex": 0},
				"east": {"uv": [13.99191, 14.98611, 13, 14.00556], "rotation": 90, "texture": "#4", "tintindex": 0},
				"south": {"uv": [13.99191, 14.98611, 13, 14.00556], "rotation": 90, "texture": "#4", "tintindex": 0},
				"west": {"uv": [13.99191, 14.98611, 13, 14.00556], "rotation": 90, "texture": "#4", "tintindex": 0},
				"up": {"uv": [13.99191, 14.98611, 13, 14.00556], "rotation": 90, "texture": "#4", "tintindex": 0},
				"down": {"uv": [13.99191, 14.98611, 13, 14.00556], "rotation": 90, "texture": "#4", "tintindex": 0}
			}
		},
		{
			"from": [7.84367, 14.8654, 8.44293],
			"to": [9.92804, 16.94976, 8.44293],
			"rotation": {"angle": -45, "axis": "y", "origin": [7.84367, 15.90758, 8.44293]},
			"faces": {
				"north": {"uv": [13.99191, 14.98611, 13, 14.00556], "rotation": 180, "texture": "#4", "tintindex": 0},
				"east": {"uv": [13.99191, 14.98611, 13, 14.00556], "texture": "#4", "tintindex": 0},
				"south": {"uv": [13.99191, 14.98611, 13, 14.00556], "texture": "#4", "tintindex": 0},
				"west": {"uv": [13.99191, 14.98611, 13, 14.00556], "texture": "#4", "tintindex": 0},
				"up": {"uv": [13.99191, 14.98611, 13, 14.00556], "texture": "#4", "tintindex": 0},
				"down": {"uv": [13.99191, 14.98611, 13, 14.00556], "texture": "#4", "tintindex": 0}
			}
		},
		{
			"from": [6.80148, 15.90758, 8.44293],
			"to": [8.88586, 17.99195, 8.44293],
			"rotation": {"angle": 45, "axis": "x", "origin": [7.84367, 15.90758, 8.44293]},
			"faces": {
				"north": {"uv": [13.99191, 14.98611, 13, 14.00556], "rotation": 270, "texture": "#4", "tintindex": 0},
				"east": {"uv": [13.99191, 14.98611, 13, 14.00556], "rotation": 270, "texture": "#4", "tintindex": 0},
				"south": {"uv": [13.99191, 14.98611, 13, 14.00556], "rotation": 270, "texture": "#4", "tintindex": 0},
				"west": {"uv": [13.99191, 14.98611, 13, 14.00556], "rotation": 270, "texture": "#4", "tintindex": 0},
				"up": {"uv": [13.99191, 14.98611, 13, 14.00556], "rotation": 270, "texture": "#4", "tintindex": 0},
				"down": {"uv": [13.99191, 14.98611, 13, 14.00556], "rotation": 270, "texture": "#4", "tintindex": 0}
			}
		},
		{
			"from": [5.7593, 14.8654, 8.44293],
			"to": [7.84367, 16.94976, 8.44293],
			"rotation": {"angle": 45, "axis": "y", "origin": [7.84367, 15.90758, 8.44293]},
			"faces": {
				"north": {"uv": [13, 14.98611, 13.99191, 14.00556], "rotation": 180, "texture": "#4", "tintindex": 0},
				"east": {"uv": [13.99191, 14.98611, 13, 14.00556], "rotation": 180, "texture": "#4", "tintindex": 0},
				"south": {"uv": [13.99191, 14.98611, 13, 14.00556], "rotation": 180, "texture": "#4", "tintindex": 0},
				"west": {"uv": [13.99191, 14.98611, 13, 14.00556], "rotation": 180, "texture": "#4", "tintindex": 0},
				"up": {"uv": [13.99191, 14.98611, 13, 14.00556], "rotation": 180, "texture": "#4", "tintindex": 0},
				"down": {"uv": [13.99191, 14.98611, 13, 14.00556], "rotation": 180, "texture": "#4", "tintindex": 0}
			}
		},
		{
			"from": [5.7593, 9.56762, 7.46436],
			"to": [7.84367, 11.65199, 7.46436],
			"rotation": {"angle": -22.5, "axis": "y", "origin": [7.84367, 10.60981, 7.46436]},
			"faces": {
				"north": {"uv": [13.99191, 14.00694, 13, 15], "texture": "#4", "tintindex": 0},
				"east": {"uv": [13, 14.00694, 12, 13.00694], "rotation": 270, "texture": "#4"},
				"south": {"uv": [13.99191, 15, 13, 14.00694], "rotation": 180, "texture": "#4", "tintindex": 0},
				"west": {"uv": [13, 14.00694, 12, 13.00694], "rotation": 90, "texture": "#4"},
				"up": {"uv": [13, 14.00694, 12, 13.00694], "rotation": 180, "texture": "#4"},
				"down": {"uv": [13, 14.00694, 12, 13.00694], "texture": "#4"}
			}
		},
		{
			"from": [6.80148, 10.60981, 7.46436],
			"to": [8.88586, 12.69418, 7.46436],
			"rotation": {"angle": -22.5, "axis": "x", "origin": [7.84367, 10.60981, 7.46436]},
			"faces": {
				"north": {"uv": [13.99191, 14.00694, 13, 15], "rotation": 270, "texture": "#4", "tintindex": 0},
				"east": {"uv": [13, 14.00694, 12, 13.00694], "rotation": 270, "texture": "#4"},
				"south": {"uv": [13.99191, 15, 13, 14.00694], "rotation": 270, "texture": "#4", "tintindex": 0},
				"west": {"uv": [13, 14.00694, 12, 13.00694], "rotation": 90, "texture": "#4"},
				"up": {"uv": [13, 14.00694, 12, 13.00694], "rotation": 180, "texture": "#4"},
				"down": {"uv": [13, 14.00694, 12, 13.00694], "texture": "#4"}
			}
		},
		{
			"from": [5.60297, 10.19293, 5.93278],
			"to": [5.60297, 12.79839, 7.49606],
			"rotation": {"angle": -45, "axis": "z", "origin": [5.65508, 8.36911, 6.94327]},
			"faces": {
				"north": {"uv": [0, 0, 0, 0], "texture": "#4"},
				"east": {"uv": [14.25, 16, 16, 15], "rotation": 270, "texture": "#4", "tintindex": 0},
				"south": {"uv": [0, 0, 0, 0], "rotation": 180, "texture": "#4"},
				"west": {"uv": [16, 16, 14.25, 15], "rotation": 90, "texture": "#4", "tintindex": 0},
				"up": {"uv": [0, 0, 0, 0], "rotation": 180, "texture": "#4"},
				"down": {"uv": [0, 0, 0, 0], "texture": "#4"}
			}
		},
		{
			"from": [7.82905, 13.04896, 5.45598],
			"to": [7.82905, 15.65442, 7.01926],
			"rotation": {"angle": 45, "axis": "z", "origin": [7.82905, 14.35169, 6.23762]},
			"faces": {
				"north": {"uv": [0, 0, 0, 0], "texture": "#4"},
				"east": {"uv": [16, 16, 14.25, 15], "rotation": 270, "texture": "#4", "tintindex": 0},
				"south": {"uv": [0, 0, 0, 0], "rotation": 180, "texture": "#4"},
				"west": {"uv": [14.25, 16, 16, 15], "rotation": 90, "texture": "#4", "tintindex": 0},
				"up": {"uv": [0, 0, 0, 0], "rotation": 180, "texture": "#4"},
				"down": {"uv": [0, 0, 0, 0], "texture": "#4"}
			}
		},
		{
			"from": [7.82905, 11.35367, 8.82181],
			"to": [7.82905, 13.95914, 10.38508],
			"rotation": {"angle": 45, "axis": "z", "origin": [7.82905, 12.6564, 9.60345]},
			"faces": {
				"north": {"uv": [0, 0, 0, 0], "rotation": 180, "texture": "#4"},
				"east": {"uv": [16, 15, 14.25, 16], "rotation": 270, "texture": "#4", "tintindex": 0},
				"south": {"uv": [0, 0, 0, 0], "texture": "#4"},
				"west": {"uv": [14.25, 15, 16, 16], "rotation": 90, "texture": "#4", "tintindex": 0},
				"up": {"uv": [0, 0, 0, 0], "rotation": 180, "texture": "#4"},
				"down": {"uv": [0, 0, 0, 0], "texture": "#4"}
			}
		},
		{
			"from": [5.60297, 15.54368, 8.55692],
			"to": [5.60297, 18.14915, 10.1202],
			"rotation": {"angle": -45, "axis": "z", "origin": [5.65508, 13.71986, 9.10971]},
			"faces": {
				"north": {"uv": [0, 0, 0, 0], "rotation": 180, "texture": "#4"},
				"east": {"uv": [16, 15, 14.25, 16], "rotation": 270, "texture": "#4", "tintindex": 0},
				"south": {"uv": [0, 0, 0, 0], "texture": "#4"},
				"west": {"uv": [14.25, 15, 16, 16], "rotation": 90, "texture": "#4", "tintindex": 0},
				"up": {"uv": [0, 0, 0, 0], "rotation": 180, "texture": "#4"},
				"down": {"uv": [0, 0, 0, 0], "texture": "#4"}
			}
		},
		{
			"from": [5.61492, 16.20113, 7.82905],
			"to": [7.17819, 18.8066, 7.82905],
			"rotation": {"angle": -45, "axis": "x", "origin": [6.39655, 17.50387, 7.82905]},
			"faces": {
				"north": {"uv": [14.25, 14, 16, 15], "rotation": 90, "texture": "#4", "tintindex": 0},
				"east": {"uv": [0, 0, 0, 0], "rotation": 180, "texture": "#4"},
				"south": {"uv": [16, 14, 14.25, 15], "rotation": 270, "texture": "#4", "tintindex": 0},
				"west": {"uv": [0, 0, 0, 0], "texture": "#4"},
				"up": {"uv": [0, 0, 0, 0], "rotation": 270, "texture": "#4"},
				"down": {"uv": [0, 0, 0, 0], "rotation": 270, "texture": "#4"}
			}
		},
		{
			"from": [8.92776, 18.2323, 5.60297],
			"to": [10.49104, 20.83777, 5.60297],
			"rotation": {"angle": 45, "axis": "x", "origin": [9.48055, 16.40848, 5.65508]},
			"faces": {
				"north": {"uv": [16, 15, 14.25, 14], "rotation": 90, "texture": "#4", "tintindex": 0},
				"east": {"uv": [0, 0, 0, 0], "texture": "#4"},
				"south": {"uv": [14.25, 15, 16, 14], "rotation": 270, "texture": "#4", "tintindex": 0},
				"west": {"uv": [0, 0, 0, 0], "rotation": 180, "texture": "#4"},
				"up": {"uv": [0, 0, 0, 0], "rotation": 270, "texture": "#4"},
				"down": {"uv": [0, 0, 0, 0], "rotation": 270, "texture": "#4"}
			}
		},
		{
			"from": [6.80148, 8.52543, 7.46436],
			"to": [8.88586, 10.60981, 7.46436],
			"rotation": {"angle": 22.5, "axis": "x", "origin": [7.84367, 10.60981, 7.46436]},
			"faces": {
				"north": {"uv": [13, 15, 13.99191, 14.00694], "rotation": 270, "texture": "#4", "tintindex": 0},
				"east": {"uv": [13, 14.00694, 12, 13.00694], "rotation": 270, "texture": "#4"},
				"south": {"uv": [13.99191, 15, 13, 14.00694], "rotation": 90, "texture": "#4", "tintindex": 0},
				"west": {"uv": [13, 14.00694, 12, 13.00694], "rotation": 90, "texture": "#4"},
				"up": {"uv": [13, 14.00694, 12, 13.00694], "rotation": 180, "texture": "#4"},
				"down": {"uv": [13, 14.00694, 12, 13.00694], "texture": "#4"}
			}
		},
		{
			"from": [8.78729, 17.64673, 5.7593],
			"to": [8.78729, 19.73109, 7.84367],
			"rotation": {"angle": -22.5, "axis": "y", "origin": [8.78729, 18.68891, 7.84367]},
			"faces": {
				"north": {"uv": [13, 14.00694, 12, 14.00694], "rotation": 90, "texture": "#4"},
				"east": {"uv": [13.99191, 14.00694, 13, 15], "texture": "#4", "tintindex": 0},
				"south": {"uv": [13, 14.00694, 12, 14.00694], "rotation": 270, "texture": "#4"},
				"west": {"uv": [13.99191, 15, 13, 14.00694], "rotation": 180, "texture": "#4", "tintindex": 0},
				"up": {"uv": [13, 14.00694, 12, 14.00694], "rotation": 270, "texture": "#4"},
				"down": {"uv": [13, 14.00694, 12, 14.00694], "rotation": 270, "texture": "#4"}
			}
		},
		{
			"from": [8.78729, 18.68891, 6.80148],
			"to": [8.78729, 20.77328, 8.88586],
			"rotation": {"angle": -22.5, "axis": "z", "origin": [8.78729, 18.68891, 7.84367]},
			"faces": {
				"north": {"uv": [13, 14.00694, 12, 14.00694], "rotation": 90, "texture": "#4"},
				"east": {"uv": [13.99191, 14.00694, 13, 15], "rotation": 270, "texture": "#4", "tintindex": 0},
				"south": {"uv": [13, 14.00694, 12, 14.00694], "rotation": 270, "texture": "#4"},
				"west": {"uv": [13.99191, 15, 13, 14.00694], "rotation": 270, "texture": "#4", "tintindex": 0},
				"up": {"uv": [13, 14.00694, 12, 14.00694], "rotation": 270, "texture": "#4"},
				"down": {"uv": [13, 14.00694, 12, 14.00694], "rotation": 270, "texture": "#4"}
			}
		},
		{
			"from": [8.78729, 17.64673, 7.84367],
			"to": [8.78729, 19.73109, 9.92804],
			"rotation": {"angle": 22.5, "axis": "y", "origin": [8.78729, 19.21869, 7.84367]},
			"faces": {
				"north": {"uv": [13, 14.00694, 12, 14.00694], "rotation": 90, "texture": "#4"},
				"east": {"uv": [13, 15, 13.99191, 14.00694], "texture": "#4", "tintindex": 0},
				"south": {"uv": [13, 14.00694, 12, 14.00694], "rotation": 270, "texture": "#4"},
				"west": {"uv": [13, 14.00694, 13.99191, 15], "rotation": 180, "texture": "#4", "tintindex": 0},
				"up": {"uv": [13, 14.00694, 12, 14.00694], "rotation": 270, "texture": "#4"},
				"down": {"uv": [13, 14.00694, 12, 14.00694], "rotation": 270, "texture": "#4"}
			}
		},
		{
			"from": [8.78729, 16.60454, 6.80148],
			"to": [8.78729, 18.68891, 8.88586],
			"rotation": {"angle": 22.5, "axis": "z", "origin": [8.78729, 18.68891, 7.84367]},
			"faces": {
				"north": {"uv": [13, 14.00694, 12, 14.00694], "rotation": 90, "texture": "#4"},
				"east": {"uv": [13, 15, 13.99191, 14.00694], "rotation": 270, "texture": "#4", "tintindex": 0},
				"south": {"uv": [13, 14.00694, 12, 14.00694], "rotation": 270, "texture": "#4"},
				"west": {"uv": [13.99191, 15, 13, 14.00694], "rotation": 90, "texture": "#4", "tintindex": 0},
				"up": {"uv": [13, 14.00694, 12, 14.00694], "rotation": 270, "texture": "#4"},
				"down": {"uv": [13, 14.00694, 12, 14.00694], "rotation": 270, "texture": "#4"}
			}
		},
		{
			"from": [7.84367, 9.56762, 7.46436],
			"to": [9.92804, 11.65199, 7.46436],
			"rotation": {"angle": 22.5, "axis": "y", "origin": [7.84367, 11.13958, 7.46436]},
			"faces": {
				"north": {"uv": [13, 15, 13.99191, 14.00694], "texture": "#4", "tintindex": 0},
				"east": {"uv": [13, 14.00694, 12, 13.00694], "rotation": 270, "texture": "#4"},
				"south": {"uv": [13, 14.00694, 13.99191, 15], "rotation": 180, "texture": "#4", "tintindex": 0},
				"west": {"uv": [13, 14.00694, 12, 13.00694], "rotation": 90, "texture": "#4"},
				"up": {"uv": [13, 14.00694, 12, 13.00694], "rotation": 180, "texture": "#4"},
				"down": {"uv": [13, 14.00694, 12, 13.00694], "texture": "#4"}
			}
		},
		{
			"from": [5.91563, 29.93865, 6.95782],
			"to": [8, 29.93865, 9.04218],
			"rotation": {"angle": -22.5, "axis": "z", "origin": [8, 29.93865, 8]},
			"faces": {
				"north": {"uv": [13, 14.00694, 12, 13.00694], "rotation": 180, "texture": "#4"},
				"east": {"uv": [13, 14.00694, 12, 13.00694], "rotation": 180, "texture": "#4"},
				"south": {"uv": [13, 14.00694, 12, 13.00694], "rotation": 180, "texture": "#4"},
				"west": {"uv": [13, 14.00694, 12, 13.00694], "rotation": 180, "texture": "#4"},
				"up": {"uv": [13.99191, 14.00694, 13, 15], "rotation": 180, "texture": "#4", "tintindex": 0},
				"down": {"uv": [13.99191, 15, 13, 14.00694], "rotation": 180, "texture": "#4", "tintindex": 0}
			}
		},
		{
			"from": [6.95781, 29.93865, 8],
			"to": [9.04218, 29.93865, 10.08437],
			"rotation": {"angle": -22.5, "axis": "x", "origin": [8, 29.93865, 8]},
			"faces": {
				"north": {"uv": [13, 14.00694, 13, 14.00694], "rotation": 180, "texture": "#4"},
				"east": {"uv": [13, 14.00694, 13, 14.00694], "rotation": 180, "texture": "#4"},
				"south": {"uv": [13, 14.00694, 13, 14.00694], "rotation": 180, "texture": "#4"},
				"west": {"uv": [13, 14.00694, 13, 14.00694], "rotation": 180, "texture": "#4"},
				"up": {"uv": [13.99191, 14.00694, 13, 15], "rotation": 90, "texture": "#4", "tintindex": 0},
				"down": {"uv": [13.99191, 15, 13, 14.00694], "rotation": 270, "texture": "#4", "tintindex": 0}
			}
		},
		{
			"from": [6.95781, 29.93865, 5.91563],
			"to": [9.04218, 29.93865, 8],
			"rotation": {"angle": 22.5, "axis": "x", "origin": [8, 29.93865, 8]},
			"faces": {
				"north": {"uv": [13, 14.00694, 12, 13.00694], "rotation": 180, "texture": "#4"},
				"east": {"uv": [13, 14.00694, 12, 13.00694], "rotation": 180, "texture": "#4"},
				"south": {"uv": [13, 14.00694, 12, 13.00694], "rotation": 180, "texture": "#4"},
				"west": {"uv": [13, 14.00694, 12, 13.00694], "rotation": 180, "texture": "#4"},
				"up": {"uv": [13, 15, 13.99191, 14.00694], "rotation": 90, "texture": "#4", "tintindex": 0},
				"down": {"uv": [13.99191, 15, 13, 14.00694], "rotation": 90, "texture": "#4", "tintindex": 0}
			}
		},
		{
			"from": [8, 29.93865, 6.95782],
			"to": [10.08437, 29.93865, 9.04218],
			"rotation": {"angle": 22.5, "axis": "z", "origin": [8, 29.93865, 8.52978]},
			"faces": {
				"north": {"uv": [13, 14.00694, 12, 13.00694], "rotation": 180, "texture": "#4"},
				"east": {"uv": [13, 14.00694, 12, 13.00694], "rotation": 180, "texture": "#4"},
				"south": {"uv": [13, 14.00694, 12, 13.00694], "rotation": 180, "texture": "#4"},
				"west": {"uv": [13, 14.00694, 12, 13.00694], "rotation": 180, "texture": "#4"},
				"up": {"uv": [13, 15, 13.99191, 14.00694], "rotation": 180, "texture": "#4", "tintindex": 0},
				"down": {"uv": [13, 14.00694, 13.99191, 15], "rotation": 180, "texture": "#4", "tintindex": 0}
			}
		},
		{
			"from": [7.98537, 29.90695, 6.70422],
			"to": [7.98537, 31.47022, 9.30969],
			"rotation": {"angle": -45, "axis": "y", "origin": [7.98537, 30.68858, 8.00696]},
			"faces": {
				"north": {"uv": [0, 0, 0, 0], "rotation": 180, "texture": "#4"},
				"east": {"uv": [14.25, 15, 16, 14], "rotation": 180, "texture": "#4", "tintindex": 0},
				"south": {"uv": [0, 0, 0, 0], "rotation": 180, "texture": "#4"},
				"west": {"uv": [16, 15, 14.25, 14], "rotation": 180, "texture": "#4", "tintindex": 0},
				"up": {"uv": [0, 0, 0, 0], "rotation": 180, "texture": "#4"},
				"down": {"uv": [0, 0, 0, 0], "rotation": 180, "texture": "#4"}
			}
		},
		{
			"from": [5.7593, 29.90695, 7.58312],
			"to": [5.7593, 31.47022, 10.18859],
			"rotation": {"angle": 45, "axis": "y", "origin": [5.81141, 30.45974, 5.7593]},
			"faces": {
				"north": {"uv": [0, 0, 0, 0], "rotation": 180, "texture": "#4"},
				"east": {"uv": [14.25, 16, 16, 15], "rotation": 180, "texture": "#4", "tintindex": 0},
				"south": {"uv": [0, 0, 0, 0], "rotation": 180, "texture": "#4"},
				"west": {"uv": [16, 16, 14.25, 15], "rotation": 180, "texture": "#4", "tintindex": 0},
				"up": {"uv": [0, 0, 0, 0], "rotation": 180, "texture": "#4"},
				"down": {"uv": [0, 0, 0, 0], "rotation": 180, "texture": "#4"}
			}
		},
		{
			"from": [6.80148, 10.64454, 8.7608],
			"to": [8.88586, 12.72891, 8.7608],
			"rotation": {"angle": -22.5, "axis": "x", "origin": [7.84367, 12.72891, 8.7608]},
			"faces": {
				"north": {"uv": [13.99191, 15.00556, 13, 15.98611], "rotation": 90, "texture": "#4", "tintindex": 0},
				"east": {"uv": [12.75, 12.5, 12.25, 12.5], "rotation": 270, "texture": "#4"},
				"south": {"uv": [13, 15.00556, 13.99191, 15.98611], "rotation": 270, "texture": "#4", "tintindex": 0},
				"west": {"uv": [12.75, 12.5, 12.25, 12.5], "rotation": 90, "texture": "#4"},
				"up": {"uv": [12.75, 12.5, 12.25, 12.5], "rotation": 180, "texture": "#4"},
				"down": {"uv": [12.75, 12.5, 12.25, 12.5], "texture": "#4"}
			}
		},
		{
			"from": [7.84367, 11.68673, 8.7608],
			"to": [9.92804, 13.7711, 8.7608],
			"rotation": {"angle": -22.5, "axis": "y", "origin": [7.84367, 12.72891, 8.7608]},
			"faces": {
				"north": {"uv": [13.99191, 15.00556, 13, 15.98611], "rotation": 180, "texture": "#4", "tintindex": 0},
				"east": {"uv": [12.75, 12.5, 12.25, 12.5], "rotation": 270, "texture": "#4"},
				"south": {"uv": [13.99191, 15.98611, 13, 15.00556], "texture": "#4", "tintindex": 0},
				"west": {"uv": [12.75, 12.5, 12.25, 12.5], "rotation": 90, "texture": "#4"},
				"up": {"uv": [12.75, 12.5, 12.25, 12.5], "rotation": 180, "texture": "#4"},
				"down": {"uv": [12.75, 12.5, 12.25, 12.5], "texture": "#4"}
			}
		},
		{
			"from": [6.80148, 12.72891, 8.7608],
			"to": [8.88586, 14.81329, 8.7608],
			"rotation": {"angle": 22.5, "axis": "x", "origin": [7.84367, 12.72891, 8.7608]},
			"faces": {
				"north": {"uv": [13.99191, 15.00556, 13, 15.98611], "rotation": 270, "texture": "#4", "tintindex": 0},
				"east": {"uv": [12.75, 12.5, 12.25, 12.5], "rotation": 270, "texture": "#4"},
				"south": {"uv": [13.99191, 15.98611, 13, 15.00556], "rotation": 270, "texture": "#4", "tintindex": 0},
				"west": {"uv": [12.75, 12.5, 12.25, 12.5], "rotation": 90, "texture": "#4"},
				"up": {"uv": [12.75, 12.5, 12.25, 12.5], "rotation": 180, "texture": "#4"},
				"down": {"uv": [12.75, 12.5, 12.25, 12.5], "texture": "#4"}
			}
		},
		{
			"from": [5.7593, 11.68673, 8.7608],
			"to": [7.84367, 13.7711, 8.7608],
			"rotation": {"angle": 22.5, "axis": "y", "origin": [7.84367, 12.72891, 8.7608]},
			"faces": {
				"north": {"uv": [13, 15.98611, 13.99191, 15.00556], "rotation": 180, "texture": "#4", "tintindex": 0},
				"east": {"uv": [12.75, 12.5, 12.25, 12.5], "rotation": 270, "texture": "#4"},
				"south": {"uv": [13, 15.00556, 13.99191, 15.98611], "texture": "#4", "tintindex": 0},
				"west": {"uv": [12.75, 12.5, 12.25, 12.5], "rotation": 90, "texture": "#4"},
				"up": {"uv": [12.75, 12.5, 12.25, 12.5], "rotation": 180, "texture": "#4"},
				"down": {"uv": [12.75, 12.5, 12.25, 12.5], "texture": "#4"}
			}
		}
	],
	"display": {
		"head": {
			"rotation": [0, 180, 0]
		}
	}
}