{
	"credit": "Made with Blockbench",
	"textures": {
		"1": "kello:item/decal/large_decwheel_3",
		"2": "kello:item/decal/large_decwheel_1"
	},
	"elements": [
		{
			"from": [6.88102, 14.00442, 6.8716],
			"to": [9.1127, 19.9675, 9.12211],
			"rotation": {"angle": 0, "axis": "y", "origin": [7.6858, 16.53666, 7.6858]},
			"faces": {
				"north": {"uv": [9, 8, 6, 0], "texture": "#1"},
				"east": {"uv": [9, 8, 6, 0], "texture": "#1"},
				"south": {"uv": [9, 8, 6, 0], "texture": "#1"},
				"west": {"uv": [9, 8, 6, 0], "texture": "#1"}
			}
		},
		{
			"from": [6.88102, 8.01378, 6.8716],
			"to": [9.1127, 13.97686, 9.12211],
			"rotation": {"angle": 0, "axis": "y", "origin": [7.6858, 16.53666, 7.6858]},
			"faces": {
				"north": {"uv": [9, 8, 6, 0], "texture": "#1"},
				"east": {"uv": [9, 8, 6, 0], "texture": "#1"},
				"south": {"uv": [9, 8, 6, 0], "texture": "#1"},
				"west": {"uv": [9, 8, 6, 0], "texture": "#1"}
			}
		},
		{
			"from": [6.88102, 2.02314, 6.8716],
			"to": [9.1127, 7.98622, 9.12211],
			"rotation": {"angle": 0, "axis": "y", "origin": [7.6858, 16.53666, 7.6858]},
			"faces": {
				"north": {"uv": [9, 8, 6, 0], "texture": "#1"},
				"east": {"uv": [9, 8, 6, 0], "texture": "#1"},
				"south": {"uv": [9, 8, 6, 0], "texture": "#1"},
				"west": {"uv": [9, 8, 6, 0], "texture": "#1"}
			}
		},
		{
			"from": [6.88102, -3.9675, 6.8716],
			"to": [9.1127, 1.99558, 9.12211],
			"rotation": {"angle": 0, "axis": "y", "origin": [7.6858, 16.53666, 7.6858]},
			"faces": {
				"north": {"uv": [9, 8, 6, 0], "texture": "#1"},
				"east": {"uv": [9, 8, 6, 0], "texture": "#1"},
				"south": {"uv": [9, 8, 6, 0], "texture": "#1"},
				"west": {"uv": [9, 8, 6, 0], "texture": "#1"}
			}
		},
		{
			"from": [6.86734, 8, 6.86734],
			"to": [9.12637, 13.99064, 9.12637],
			"rotation": {"angle": 0, "axis": "y", "origin": [7.6858, 16.53666, 7.6858]},
			"faces": {
				"north": {"uv": [5.66667, 4.66667, 6.66667, 7.33333], "texture": "#2"},
				"east": {"uv": [0, 6.66667, 1, 9.33333], "texture": "#2"},
				"south": {"uv": [1, 6.66667, 2, 9.33333], "texture": "#2"},
				"west": {"uv": [2, 6.66667, 3, 9.33333], "texture": "#2"}
			}
		},
		{
			"from": [6.86734, 2.00936, 6.86734],
			"to": [9.12637, 8, 9.12637],
			"rotation": {"angle": 0, "axis": "y", "origin": [7.6858, 16.53666, 7.6858]},
			"faces": {
				"north": {"uv": [5.66667, 4.66667, 6.66667, 7.33333], "texture": "#2"},
				"east": {"uv": [0, 6.66667, 1, 9.33333], "texture": "#2"},
				"south": {"uv": [1, 6.66667, 2, 9.33333], "texture": "#2"},
				"west": {"uv": [2, 6.66667, 3, 9.33333], "texture": "#2"}
			}
		},
		{
			"from": [6.86734, -3.98128, 6.86734],
			"to": [9.12637, 2.00936, 9.12637],
			"rotation": {"angle": 0, "axis": "y", "origin": [7.6858, 16.53666, 7.6858]},
			"faces": {
				"north": {"uv": [5.66667, 4.66667, 6.66667, 7.33333], "texture": "#2"},
				"east": {"uv": [0, 6.66667, 1, 9.33333], "texture": "#2"},
				"south": {"uv": [1, 6.66667, 2, 9.33333], "texture": "#2"},
				"west": {"uv": [2, 6.66667, 3, 9.33333], "texture": "#2"}
			}
		},
		{
			"from": [6.86734, 13.99064, 6.86734],
			"to": [9.12637, 19.98128, 9.12637],
			"rotation": {"angle": 0, "axis": "y", "origin": [7.6858, 16.53666, 7.6858]},
			"faces": {
				"north": {"uv": [5.66667, 4.66667, 6.66667, 7.33333], "texture": "#2"},
				"east": {"uv": [0, 6.66667, 1, 9.33333], "texture": "#2"},
				"south": {"uv": [1, 6.66667, 2, 9.33333], "texture": "#2"},
				"west": {"uv": [2, 6.66667, 3, 9.33333], "texture": "#2"},
				"up": {"uv": [9.66667, 8.66667, 8.66667, 7.66667], "texture": "#2"}
			}
		},
		{
			"from": [9.1452, 2.02808, 9.15461],
			"to": [6.84852, -4, 6.8391],
			"rotation": {"angle": 0, "axis": "y", "origin": [7.6858, 16.53666, 7.6858]},
			"faces": {
				"north": {"uv": [9, 8, 6, 0], "rotation": 180, "texture": "#1"},
				"east": {"uv": [9, 8, 6, 0], "rotation": 180, "texture": "#1"},
				"south": {"uv": [9, 8, 6, 0], "rotation": 180, "texture": "#1"},
				"west": {"uv": [9, 8, 6, 0], "rotation": 180, "texture": "#1"}
			}
		},
		{
			"from": [9.1452, 8.01872, 9.15461],
			"to": [6.84852, 1.99064, 6.8391],
			"rotation": {"angle": 0, "axis": "y", "origin": [7.6858, 16.53666, 7.6858]},
			"faces": {
				"north": {"uv": [9, 8, 6, 0], "rotation": 180, "texture": "#1"},
				"east": {"uv": [9, 8, 6, 0], "rotation": 180, "texture": "#1"},
				"south": {"uv": [9, 8, 6, 0], "rotation": 180, "texture": "#1"},
				"west": {"uv": [9, 8, 6, 0], "rotation": 180, "texture": "#1"}
			}
		},
		{
			"from": [9.1452, 14.00936, 9.15461],
			"to": [6.84852, 7.98128, 6.8391],
			"rotation": {"angle": 0, "axis": "y", "origin": [7.6858, 16.53666, 7.6858]},
			"faces": {
				"north": {"uv": [9, 8, 6, 0], "rotation": 180, "texture": "#1"},
				"east": {"uv": [9, 8, 6, 0], "rotation": 180, "texture": "#1"},
				"south": {"uv": [9, 8, 6, 0], "rotation": 180, "texture": "#1"},
				"west": {"uv": [9, 8, 6, 0], "rotation": 180, "texture": "#1"}
			}
		},
		{
			"from": [9.1452, 20, 9.15461],
			"to": [6.84852, 13.97192, 6.8391],
			"rotation": {"angle": 0, "axis": "y", "origin": [7.6858, 16.53666, 7.6858]},
			"faces": {
				"north": {"uv": [9, 8, 6, 0], "rotation": 180, "texture": "#1"},
				"east": {"uv": [9, 8, 6, 0], "rotation": 180, "texture": "#1"},
				"south": {"uv": [9, 8, 6, 0], "rotation": 180, "texture": "#1"},
				"west": {"uv": [9, 8, 6, 0], "rotation": 180, "texture": "#1"}
			}
		}
	],
	"display": {
		"head": {
			"rotation": [0, 180, 0]
		}
	}
}