{
	"credit": "Made with Blockbench",
	"textures": {
		"0": "kello:item/decal/melloflora_lantern_blue",
		"1": "kello:item/decal/melloflora_loop_0"
	},
	"elements": [
		{
			"from": [8, -14.37878, 7.24368],
			"to": [8, -13.62995, 7.69298],
			"rotation": {"angle": -22.5, "axis": "y", "origin": [8, -13.92949, 8]},
			"faces": {
				"east": {"uv": [5.5, 5.5, 8.5, 10.5], "texture": "#0", "tintindex": 0},
				"west": {"uv": [8.5, 5.5, 5.5, 10.5], "texture": "#0", "tintindex": 0}
			}
		},
		{
			"from": [8.31451, -14.37129, 8],
			"to": [8.68892, -13.62246, 8],
			"rotation": {"angle": 22.5, "axis": "z", "origin": [8.33697, -13.74977, 8]},
			"faces": {
				"north": {"uv": [3, 5.5, 5.5, 10.5], "texture": "#0", "tintindex": 0},
				"south": {"uv": [5.5, 5.5, 3, 10.5], "texture": "#0", "tintindex": 0}
			}
		},
		{
			"from": [8, -14.37878, 8.35944],
			"to": [8, -13.62995, 8.88362],
			"rotation": {"angle": 45, "axis": "y", "origin": [8, -13.92949, 8]},
			"faces": {
				"east": {"uv": [12, 5.5, 8.5, 10.5], "texture": "#0", "tintindex": 0},
				"west": {"uv": [8.5, 5.5, 12, 10.5], "texture": "#0", "tintindex": 0}
			}
		},
		{
			"from": [7.97005, -14.46115, 8.35195],
			"to": [7.97005, -13.71232, 8.80125],
			"rotation": {"angle": -45, "axis": "y", "origin": [7.97005, -14.02683, 8.11232]},
			"faces": {
				"east": {"uv": [8.5, 6, 5.5, 11], "texture": "#0", "tintindex": 0},
				"west": {"uv": [5.5, 6, 8.5, 11], "texture": "#0", "tintindex": 0}
			}
		},
		{
			"from": [7.25117, -14.40125, 8],
			"to": [7.62559, -13.65242, 8],
			"rotation": {"angle": -45, "axis": "y", "origin": [8, -13.92949, 8]},
			"faces": {
				"north": {"uv": [5.5, 5.5, 3, 10.5], "texture": "#0", "tintindex": 0},
				"south": {"uv": [3, 5.5, 5.5, 10.5], "texture": "#0", "tintindex": 0}
			}
		},
		{
			"from": [7.79407, -13.77223, 7.83151],
			"to": [8.20593, -13.62246, 8.16849],
			"rotation": {"angle": 0, "axis": "y", "origin": [7.40243, -14.3698, 7.40243]},
			"faces": {
				"north": {"uv": [0.5, 8.5, 2.5, 9.45], "texture": "#0"},
				"east": {"uv": [0.5, 8.5, 2.5, 9.45], "texture": "#0"},
				"south": {"uv": [0.5, 8.5, 2.5, 9.45], "texture": "#0"},
				"west": {"uv": [0.5, 8.5, 2.5, 9.45], "texture": "#0"},
				"up": {"uv": [0.5, 13.5, 2.5, 15.5], "texture": "#0"},
				"down": {"uv": [0, 8.5, 0, 8.5], "texture": "#0"}
			}
		},
		{
			"from": [8.29953, -13.74228, 8.29953],
			"to": [7.70047, -14.49111, 7.70047],
			"rotation": {"angle": 0, "axis": "y", "origin": [7.40243, -14.3698, 7.40243]},
			"faces": {
				"north": {"uv": [8, 14.5, 8.45, 15.475], "rotation": 180, "texture": "#0"},
				"east": {"uv": [8, 14.5, 8.45, 15.475], "rotation": 180, "texture": "#0"},
				"south": {"uv": [8, 14.5, 8.45, 15.475], "rotation": 180, "texture": "#0"},
				"west": {"uv": [8, 14.5, 8.45, 15.475], "rotation": 180, "texture": "#0"},
				"up": {"uv": [8, 15, 8.45, 15.475], "rotation": 180, "texture": "#0"},
				"down": {"uv": [8, 14.5, 8.45, 14.975], "rotation": 180, "texture": "#0"}
			}
		},
		{
			"from": [7.73791, -14.45367, 7.73791],
			"to": [8.26209, -13.77972, 8.26209],
			"rotation": {"angle": 0, "axis": "y", "origin": [7.40243, -14.3698, 7.40243]},
			"faces": {
				"north": {"uv": [0, 9.5, 2.45, 12.975], "texture": "#0"},
				"east": {"uv": [0, 9.5, 2.45, 12.975], "texture": "#0"},
				"south": {"uv": [0, 9.5, 2.45, 12.975], "texture": "#0"},
				"west": {"uv": [0, 9.5, 2.45, 12.975], "texture": "#0"},
				"up": {"uv": [5, 13, 7.5, 15.5], "texture": "#0"},
				"down": {"uv": [0, 13, 2.5, 15.5], "texture": "#0"}
			}
		},
		{
			"from": [8, 8.31076, 7.88768],
			"to": [8, 9.50889, 8.11232],
			"rotation": {"angle": 45, "axis": "y", "origin": [8, 7.78658, 8]},
			"faces": {
				"east": {"uv": [1.5, 0, 3, 8], "texture": "#0", "tintindex": 0},
				"west": {"uv": [3, 0, 1.5, 8], "texture": "#0", "tintindex": 0}
			}
		},
		{
			"from": [7.88768, 8.31076, 8],
			"to": [8.11232, 9.50889, 8],
			"rotation": {"angle": 45, "axis": "y", "origin": [8, 7.78658, 8]},
			"faces": {
				"north": {"uv": [1.5, 0, 0, 8], "texture": "#0", "tintindex": 0},
				"south": {"uv": [0, 0, 1.5, 8], "texture": "#0", "tintindex": 0}
			}
		},
		{
			"from": [7.88768, 7.11264, 8],
			"to": [8.11232, 8.31076, 8],
			"rotation": {"angle": 45, "axis": "y", "origin": [8, 7.78658, 8]},
			"faces": {
				"north": {"uv": [1.5, 0, 0, 8], "texture": "#0", "tintindex": 0},
				"south": {"uv": [0, 0, 1.5, 8], "texture": "#0", "tintindex": 0}
			}
		},
		{
			"from": [8, 7.11264, 7.88768],
			"to": [8, 8.31076, 8.11232],
			"rotation": {"angle": 45, "axis": "y", "origin": [8, 7.78658, 8]},
			"faces": {
				"east": {"uv": [1.5, 0, 3, 8], "texture": "#0", "tintindex": 0},
				"west": {"uv": [3, 0, 1.5, 8], "texture": "#0", "tintindex": 0}
			}
		},
		{
			"from": [8, 7.18752, 8.11232],
			"to": [8, 7.7117, 8.63651],
			"rotation": {"angle": 45, "axis": "y", "origin": [8, 7.78658, 8]},
			"faces": {
				"east": {"uv": [0, 0, 3.5, 3.5], "texture": "#1", "tintindex": 0},
				"west": {"uv": [3.5, 0, 0, 3.5], "texture": "#1", "tintindex": 0}
			}
		},
		{
			"from": [7.36349, 3.66802, 8],
			"to": [7.88768, 4.1922, 8],
			"rotation": {"angle": 45, "axis": "y", "origin": [8, 7.78658, 8]},
			"faces": {
				"north": {"uv": [3.5, 0, 0, 3.5], "texture": "#1", "tintindex": 0},
				"south": {"uv": [0, 0, 3.5, 3.5], "texture": "#1", "tintindex": 0}
			}
		},
		{
			"from": [8, 8.08612, 7.43838],
			"to": [8, 8.53541, 7.88768],
			"rotation": {"angle": 45, "axis": "y", "origin": [8, 7.78658, 8]},
			"faces": {
				"east": {"uv": [6.5, 0, 3.5, 3], "texture": "#1", "tintindex": 0},
				"west": {"uv": [3.5, 0, 6.5, 3], "texture": "#1", "tintindex": 0}
			}
		},
		{
			"from": [8.11232, 0.07363, 8],
			"to": [8.63651, 0.6727, 8],
			"rotation": {"angle": -45, "axis": "y", "origin": [8, 7.78658, 8]},
			"faces": {
				"north": {"uv": [6.5, 0, 10, 4], "texture": "#1", "tintindex": 0},
				"south": {"uv": [10, 0, 6.5, 4], "texture": "#1", "tintindex": 0}
			}
		},
		{
			"from": [8.11232, 4.41685, 8],
			"to": [8.63651, 5.01591, 8],
			"rotation": {"angle": -22.5, "axis": "y", "origin": [8, 7.78658, 8]},
			"faces": {
				"north": {"uv": [6.5, 0, 10, 4], "texture": "#1", "tintindex": 0},
				"south": {"uv": [10, 0, 6.5, 4], "texture": "#1", "tintindex": 0}
			}
		},
		{
			"from": [7.36349, 5.68986, 8],
			"to": [7.88768, 6.28892, 8],
			"rotation": {"angle": -45, "axis": "y", "origin": [8, 7.78658, 8]},
			"faces": {
				"north": {"uv": [10, 0, 6.5, 4], "texture": "#1", "tintindex": 0},
				"south": {"uv": [6.5, 0, 10, 4], "texture": "#1", "tintindex": 0}
			}
		},
		{
			"from": [7.88768, 5.91451, 8],
			"to": [8.11232, 7.11264, 8],
			"rotation": {"angle": 45, "axis": "y", "origin": [8, 7.78658, 8]},
			"faces": {
				"north": {"uv": [1.5, 0, 0, 8], "texture": "#0", "tintindex": 0},
				"south": {"uv": [0, 0, 1.5, 8], "texture": "#0", "tintindex": 0}
			}
		},
		{
			"from": [8, 5.91451, 7.88768],
			"to": [8, 7.11264, 8.11232],
			"rotation": {"angle": 45, "axis": "y", "origin": [8, 7.78658, 8]},
			"faces": {
				"east": {"uv": [1.5, 0, 3, 8], "texture": "#0", "tintindex": 0},
				"west": {"uv": [3, 0, 1.5, 8], "texture": "#0", "tintindex": 0}
			}
		},
		{
			"from": [7.88768, 3.51825, 8],
			"to": [8.11232, 4.71638, 8],
			"rotation": {"angle": 45, "axis": "y", "origin": [8, 7.78658, 8]},
			"faces": {
				"north": {"uv": [1.5, 0, 0, 8], "texture": "#0", "tintindex": 0},
				"south": {"uv": [0, 0, 1.5, 8], "texture": "#0", "tintindex": 0}
			}
		},
		{
			"from": [8, 3.51825, 7.88768],
			"to": [8, 4.71638, 8.11232],
			"rotation": {"angle": 45, "axis": "y", "origin": [8, 7.78658, 8]},
			"faces": {
				"east": {"uv": [1.5, 0, 3, 8], "texture": "#0", "tintindex": 0},
				"west": {"uv": [3, 0, 1.5, 8], "texture": "#0", "tintindex": 0}
			}
		},
		{
			"from": [8, 2.32012, 7.88768],
			"to": [8, 3.51825, 8.11232],
			"rotation": {"angle": 45, "axis": "y", "origin": [8, 2.76942, 8]},
			"faces": {
				"east": {"uv": [1.5, 0, 3, 8], "texture": "#0", "tintindex": 0},
				"west": {"uv": [3, 0, 1.5, 8], "texture": "#0", "tintindex": 0}
			}
		},
		{
			"from": [7.88768, 2.32012, 8],
			"to": [8.11232, 3.51825, 8],
			"rotation": {"angle": 45, "axis": "y", "origin": [8, 7.78658, 8]},
			"faces": {
				"north": {"uv": [1.5, 0, 0, 8], "texture": "#0", "tintindex": 0},
				"south": {"uv": [0, 0, 1.5, 8], "texture": "#0", "tintindex": 0}
			}
		},
		{
			"from": [8, 4.71638, 7.88768],
			"to": [8, 5.91451, 8.11232],
			"rotation": {"angle": 45, "axis": "y", "origin": [8, 7.78658, 8]},
			"faces": {
				"east": {"uv": [1.5, 0, 3, 8], "texture": "#0", "tintindex": 0},
				"west": {"uv": [3, 0, 1.5, 8], "texture": "#0", "tintindex": 0}
			}
		},
		{
			"from": [7.88768, 4.71638, 8],
			"to": [8.11232, 5.91451, 8],
			"rotation": {"angle": 45, "axis": "y", "origin": [8, 7.78658, 8]},
			"faces": {
				"north": {"uv": [1.5, 0, 0, 8], "texture": "#0", "tintindex": 0},
				"south": {"uv": [0, 0, 1.5, 8], "texture": "#0", "tintindex": 0}
			}
		},
		{
			"from": [7.88796, -13.62303, 8],
			"to": [8.11204, -13.32424, 8],
			"rotation": {"angle": 45, "axis": "y", "origin": [8, -13.84711, 8]},
			"faces": {
				"north": {"uv": [4.49625, 10.5, 3, 12.495], "texture": "#0", "tintindex": 0},
				"south": {"uv": [3, 10.5, 4.49625, 12.495], "texture": "#0", "tintindex": 0}
			}
		},
		{
			"from": [8, -13.69772, 7.88796],
			"to": [8, -13.24955, 8.11204],
			"rotation": {"angle": 45, "axis": "y", "origin": [8, -13.84711, 8]},
			"faces": {
				"east": {"uv": [3, 13.0075, 4.49625, 16], "texture": "#0", "tintindex": 0},
				"west": {"uv": [4.49625, 13.0075, 3, 16], "texture": "#0", "tintindex": 0}
			}
		},
		{
			"from": [7.88768, 1.122, 8],
			"to": [8.11232, 2.32012, 8],
			"rotation": {"angle": 45, "axis": "y", "origin": [8, 0.59782, 8]},
			"faces": {
				"north": {"uv": [1.5, 0, 0, 8], "texture": "#0", "tintindex": 0},
				"south": {"uv": [0, 0, 1.5, 8], "texture": "#0", "tintindex": 0}
			}
		},
		{
			"from": [8, 1.122, 7.88768],
			"to": [8, 2.32012, 8.11232],
			"rotation": {"angle": 45, "axis": "y", "origin": [8, 0.59782, 8]},
			"faces": {
				"east": {"uv": [1.5, 0, 3, 8], "texture": "#0", "tintindex": 0},
				"west": {"uv": [3, 0, 1.5, 8], "texture": "#0", "tintindex": 0}
			}
		},
		{
			"from": [8, -0.07613, 7.88768],
			"to": [8, 1.122, 8.11232],
			"rotation": {"angle": 45, "axis": "y", "origin": [8, 0.59782, 8]},
			"faces": {
				"east": {"uv": [1.5, 0, 3, 8], "texture": "#0", "tintindex": 0},
				"west": {"uv": [3, 0, 1.5, 8], "texture": "#0", "tintindex": 0}
			}
		},
		{
			"from": [7.88768, -0.07613, 8],
			"to": [8.11232, 1.122, 8],
			"rotation": {"angle": 45, "axis": "y", "origin": [8, 0.59782, 8]},
			"faces": {
				"north": {"uv": [1.5, 0, 0, 8], "texture": "#0", "tintindex": 0},
				"south": {"uv": [0, 0, 1.5, 8], "texture": "#0", "tintindex": 0}
			}
		},
		{
			"from": [8, -1.27426, 7.88768],
			"to": [8, -0.07613, 8.11232],
			"rotation": {"angle": 45, "axis": "y", "origin": [8, 0.59782, 8]},
			"faces": {
				"east": {"uv": [1.5, 0, 3, 8], "texture": "#0", "tintindex": 0},
				"west": {"uv": [3, 0, 1.5, 8], "texture": "#0", "tintindex": 0}
			}
		},
		{
			"from": [7.88768, -1.27426, 8],
			"to": [8.11232, -0.07613, 8],
			"rotation": {"angle": 45, "axis": "y", "origin": [8, 0.59782, 8]},
			"faces": {
				"north": {"uv": [1.5, 0, 0, 8], "texture": "#0", "tintindex": 0},
				"south": {"uv": [0, 0, 1.5, 8], "texture": "#0", "tintindex": 0}
			}
		},
		{
			"from": [8, -3.67051, 7.88768],
			"to": [8, -2.47239, 8.11232],
			"rotation": {"angle": 45, "axis": "y", "origin": [8, 0.59782, 8]},
			"faces": {
				"east": {"uv": [1.5, 0, 3, 8], "texture": "#0", "tintindex": 0},
				"west": {"uv": [3, 0, 1.5, 8], "texture": "#0", "tintindex": 0}
			}
		},
		{
			"from": [7.88768, -3.67051, 8],
			"to": [8.11232, -2.47239, 8],
			"rotation": {"angle": 45, "axis": "y", "origin": [8, 0.59782, 8]},
			"faces": {
				"north": {"uv": [1.5, 0, 0, 8], "texture": "#0", "tintindex": 0},
				"south": {"uv": [0, 0, 1.5, 8], "texture": "#0", "tintindex": 0}
			}
		},
		{
			"from": [7.88768, -4.86864, 8],
			"to": [8.11232, -3.67051, 8],
			"rotation": {"angle": 45, "axis": "y", "origin": [8, 0.59782, 8]},
			"faces": {
				"north": {"uv": [1.5, 0, 0, 8], "texture": "#0", "tintindex": 0},
				"south": {"uv": [0, 0, 1.5, 8], "texture": "#0", "tintindex": 0}
			}
		},
		{
			"from": [8, -4.86864, 7.88768],
			"to": [8, -3.67051, 8.11232],
			"rotation": {"angle": 45, "axis": "y", "origin": [8, 0.59782, 8]},
			"faces": {
				"east": {"uv": [1.5, 0, 3, 8], "texture": "#0", "tintindex": 0},
				"west": {"uv": [3, 0, 1.5, 8], "texture": "#0", "tintindex": 0}
			}
		},
		{
			"from": [7.88768, -2.47239, 8],
			"to": [8.11232, -1.27426, 8],
			"rotation": {"angle": 45, "axis": "y", "origin": [8, 0.59782, 8]},
			"faces": {
				"north": {"uv": [1.5, 0, 0, 8], "texture": "#0", "tintindex": 0},
				"south": {"uv": [0, 0, 1.5, 8], "texture": "#0", "tintindex": 0}
			}
		},
		{
			"from": [8, -2.47239, 7.88768],
			"to": [8, -1.27426, 8.11232],
			"rotation": {"angle": 45, "axis": "y", "origin": [8, 0.59782, 8]},
			"faces": {
				"east": {"uv": [1.5, 0, 3, 8], "texture": "#0", "tintindex": 0},
				"west": {"uv": [3, 0, 1.5, 8], "texture": "#0", "tintindex": 0}
			}
		},
		{
			"from": [7.43838, -1.94821, 8],
			"to": [7.88768, -1.49891, 8],
			"rotation": {"angle": 45, "axis": "y", "origin": [8, 0.59782, 8]},
			"faces": {
				"north": {"uv": [6.5, 0, 3.5, 3], "texture": "#1", "tintindex": 0},
				"south": {"uv": [3.5, 0, 6.5, 3], "texture": "#1", "tintindex": 0}
			}
		},
		{
			"from": [8.11232, -2.3975, 8],
			"to": [8.63651, -1.87332, 8],
			"rotation": {"angle": 45, "axis": "y", "origin": [8, 0.59782, 8]},
			"faces": {
				"north": {"uv": [0, 0, 3.5, 3.5], "texture": "#1", "tintindex": 0},
				"south": {"uv": [3.5, 0, 0, 3.5], "texture": "#1", "tintindex": 0}
			}
		},
		{
			"from": [7.36349, -5.61747, 8],
			"to": [7.88768, -5.09329, 8],
			"rotation": {"angle": -45, "axis": "y", "origin": [8, 0.59782, 8]},
			"faces": {
				"north": {"uv": [3.5, 0, 0, 3.5], "texture": "#1", "tintindex": 0},
				"south": {"uv": [0, 0, 3.5, 3.5], "texture": "#1", "tintindex": 0}
			}
		},
		{
			"from": [7.36349, -13.33042, 8],
			"to": [7.88768, -12.80624, 8],
			"rotation": {"angle": -45, "axis": "y", "origin": [8, 0.59782, 8]},
			"faces": {
				"north": {"uv": [3.5, 0, 0, 3.5], "texture": "#1", "tintindex": 0},
				"south": {"uv": [0, 0, 3.5, 3.5], "texture": "#1", "tintindex": 0}
			}
		},
		{
			"from": [8.11232, -4.34446, 8],
			"to": [8.63651, -3.7454, 8],
			"rotation": {"angle": -22.5, "axis": "y", "origin": [8, 0.59782, 8]},
			"faces": {
				"north": {"uv": [6.5, 0, 10, 4], "texture": "#1", "tintindex": 0},
				"south": {"uv": [10, 0, 6.5, 4], "texture": "#1", "tintindex": 0}
			}
		},
		{
			"from": [8, 2.32012, 7.36349],
			"to": [8, 2.91919, 7.88768],
			"rotation": {"angle": -45, "axis": "y", "origin": [8, 0.59782, 8]},
			"faces": {
				"east": {"uv": [10, 0, 6.5, 4], "texture": "#1", "tintindex": 0},
				"west": {"uv": [6.5, 0, 10, 4], "texture": "#1", "tintindex": 0}
			}
		},
		{
			"from": [8, -7.2649, 7.88768],
			"to": [8, -6.06677, 8.11232],
			"rotation": {"angle": 45, "axis": "y", "origin": [8, -2.99657, 8]},
			"faces": {
				"east": {"uv": [1.5, 0, 3, 8], "texture": "#0", "tintindex": 0},
				"west": {"uv": [3, 0, 1.5, 8], "texture": "#0", "tintindex": 0}
			}
		},
		{
			"from": [7.88768, -7.2649, 8],
			"to": [8.11232, -6.06677, 8],
			"rotation": {"angle": 45, "axis": "y", "origin": [8, -2.99657, 8]},
			"faces": {
				"north": {"uv": [1.5, 0, 0, 8], "texture": "#0", "tintindex": 0},
				"south": {"uv": [0, 0, 1.5, 8], "texture": "#0", "tintindex": 0}
			}
		},
		{
			"from": [7.88768, -8.46303, 8],
			"to": [8.11232, -7.2649, 8],
			"rotation": {"angle": 45, "axis": "y", "origin": [8, -2.99657, 8]},
			"faces": {
				"north": {"uv": [1.5, 0, 0, 8], "texture": "#0", "tintindex": 0},
				"south": {"uv": [0, 0, 1.5, 8], "texture": "#0", "tintindex": 0}
			}
		},
		{
			"from": [8, -8.46303, 7.88768],
			"to": [8, -7.2649, 8.11232],
			"rotation": {"angle": 45, "axis": "y", "origin": [8, -8.01373, 8]},
			"faces": {
				"east": {"uv": [1.5, 0, 3, 8], "texture": "#0", "tintindex": 0},
				"west": {"uv": [3, 0, 1.5, 8], "texture": "#0", "tintindex": 0}
			}
		},
		{
			"from": [7.88768, -6.06677, 8],
			"to": [8.11232, -4.86864, 8],
			"rotation": {"angle": 45, "axis": "y", "origin": [8, -2.99657, 8]},
			"faces": {
				"north": {"uv": [1.5, 0, 0, 8], "texture": "#0", "tintindex": 0},
				"south": {"uv": [0, 0, 1.5, 8], "texture": "#0", "tintindex": 0}
			}
		},
		{
			"from": [8, -6.06677, 7.88768],
			"to": [8, -4.86864, 8.11232],
			"rotation": {"angle": 45, "axis": "y", "origin": [8, -2.99657, 8]},
			"faces": {
				"east": {"uv": [1.5, 0, 3, 8], "texture": "#0", "tintindex": 0},
				"west": {"uv": [3, 0, 1.5, 8], "texture": "#0", "tintindex": 0}
			}
		},
		{
			"from": [7.36349, -7.11513, 8],
			"to": [7.88768, -6.59095, 8],
			"rotation": {"angle": 45, "axis": "y", "origin": [8, -2.99657, 8]},
			"faces": {
				"north": {"uv": [3.5, 0, 0, 3.5], "texture": "#1", "tintindex": 0},
				"south": {"uv": [0, 0, 3.5, 3.5], "texture": "#1", "tintindex": 0}
			}
		},
		{
			"from": [8.11232, -10.5663, 8],
			"to": [8.63651, -9.96724, 8],
			"rotation": {"angle": -22.5, "axis": "y", "origin": [8, -7.19657, 8]},
			"faces": {
				"north": {"uv": [6.5, 0, 10, 4], "texture": "#1", "tintindex": 0},
				"south": {"uv": [10, 0, 6.5, 4], "texture": "#1", "tintindex": 0}
			}
		},
		{
			"from": [8, -8.46303, 7.36349],
			"to": [8, -7.86396, 7.88768],
			"rotation": {"angle": -45, "axis": "y", "origin": [8, -10.18534, 8]},
			"faces": {
				"east": {"uv": [10, 0, 6.5, 4], "texture": "#1", "tintindex": 0},
				"west": {"uv": [6.5, 0, 10, 4], "texture": "#1", "tintindex": 0}
			}
		},
		{
			"from": [7.43838, -12.73136, 8],
			"to": [7.88768, -12.28206, 8],
			"rotation": {"angle": 45, "axis": "y", "origin": [8, -10.18534, 8]},
			"faces": {
				"north": {"uv": [6.5, 0, 3.5, 3], "texture": "#1", "tintindex": 0},
				"south": {"uv": [3.5, 0, 6.5, 3], "texture": "#1", "tintindex": 0}
			}
		},
		{
			"from": [7.43838, -11.75788, 8],
			"to": [7.88768, -11.30858, 8],
			"rotation": {"angle": -45, "axis": "y", "origin": [8, -10.18534, 8]},
			"faces": {
				"north": {"uv": [6.5, 0, 3.5, 3], "texture": "#1", "tintindex": 0},
				"south": {"uv": [3.5, 0, 6.5, 3], "texture": "#1", "tintindex": 0}
			}
		},
		{
			"from": [8, -13.25554, 7.88768],
			"to": [8, -12.05741, 8.11232],
			"rotation": {"angle": 45, "axis": "y", "origin": [8, -10.18534, 8]},
			"faces": {
				"east": {"uv": [1.5, 0, 3, 8], "texture": "#0", "tintindex": 0},
				"west": {"uv": [3, 0, 1.5, 8], "texture": "#0", "tintindex": 0}
			}
		},
		{
			"from": [7.88768, -13.25554, 8],
			"to": [8.11232, -12.05741, 8],
			"rotation": {"angle": 45, "axis": "y", "origin": [8, -10.18534, 8]},
			"faces": {
				"north": {"uv": [1.5, 0, 0, 8], "texture": "#0", "tintindex": 0},
				"south": {"uv": [0, 0, 1.5, 8], "texture": "#0", "tintindex": 0}
			}
		},
		{
			"from": [7.88768, -12.05741, 8],
			"to": [8.11232, -10.85928, 8],
			"rotation": {"angle": 45, "axis": "y", "origin": [8, -10.18534, 8]},
			"faces": {
				"north": {"uv": [1.5, 0, 0, 8], "texture": "#0", "tintindex": 0},
				"south": {"uv": [0, 0, 1.5, 8], "texture": "#0", "tintindex": 0}
			}
		},
		{
			"from": [8, -12.05741, 7.88768],
			"to": [8, -10.85928, 8.11232],
			"rotation": {"angle": 45, "axis": "y", "origin": [8, -10.18534, 8]},
			"faces": {
				"east": {"uv": [1.5, 0, 3, 8], "texture": "#0", "tintindex": 0},
				"west": {"uv": [3, 0, 1.5, 8], "texture": "#0", "tintindex": 0}
			}
		},
		{
			"from": [7.88768, -10.85928, 8],
			"to": [8.11232, -9.66115, 8],
			"rotation": {"angle": 45, "axis": "y", "origin": [8, -10.18534, 8]},
			"faces": {
				"north": {"uv": [1.5, 0, 0, 8], "texture": "#0", "tintindex": 0},
				"south": {"uv": [0, 0, 1.5, 8], "texture": "#0", "tintindex": 0}
			}
		},
		{
			"from": [8, -10.85928, 7.88768],
			"to": [8, -9.66115, 8.11232],
			"rotation": {"angle": 45, "axis": "y", "origin": [8, -10.18534, 8]},
			"faces": {
				"east": {"uv": [1.5, 0, 3, 8], "texture": "#0", "tintindex": 0},
				"west": {"uv": [3, 0, 1.5, 8], "texture": "#0", "tintindex": 0}
			}
		},
		{
			"from": [8, -9.66115, 7.88768],
			"to": [8, -8.46303, 8.11232],
			"rotation": {"angle": 45, "axis": "y", "origin": [8, -10.18534, 8]},
			"faces": {
				"east": {"uv": [1.5, 0, 3, 8], "texture": "#0", "tintindex": 0},
				"west": {"uv": [3, 0, 1.5, 8], "texture": "#0", "tintindex": 0}
			}
		},
		{
			"from": [7.88768, -9.66115, 8],
			"to": [8.11232, -8.46303, 8],
			"rotation": {"angle": 45, "axis": "y", "origin": [8, -10.18534, 8]},
			"faces": {
				"north": {"uv": [1.5, 0, 0, 8], "texture": "#0", "tintindex": 0},
				"south": {"uv": [0, 0, 1.5, 8], "texture": "#0", "tintindex": 0}
			}
		},
		{
			"from": [7.34852, 8.68518, 8],
			"to": [7.8727, 9.43401, 8],
			"rotation": {"angle": -22.5, "axis": "z", "origin": [8, 9.05959, 8]},
			"faces": {
				"north": {"uv": [8.5, 5.5, 12, 10.5], "texture": "#0", "tintindex": 0},
				"south": {"uv": [12, 5.5, 8.5, 10.5], "texture": "#0", "tintindex": 0}
			}
		},
		{
			"from": [8, 8.74509, 7.41591],
			"to": [8, 9.49392, 7.86521],
			"rotation": {"angle": 0, "axis": "y", "origin": [8, 9.10452, 8.03744]},
			"faces": {
				"east": {"uv": [5.5, 5.5, 8.5, 10.5], "texture": "#0", "tintindex": 0},
				"west": {"uv": [8.5, 5.5, 5.5, 10.5], "texture": "#0", "tintindex": 0}
			}
		},
		{
			"from": [8, 8.75257, 8.09735],
			"to": [8, 9.5014, 8.54665],
			"rotation": {"angle": 22.5, "axis": "y", "origin": [8, 9.05959, 8]},
			"faces": {
				"east": {"uv": [8.5, 6, 5.5, 11], "texture": "#0", "tintindex": 0},
				"west": {"uv": [5.5, 6, 8.5, 11], "texture": "#0", "tintindex": 0}
			}
		}
	],
	"display": {
		"head": {
			"rotation": [0, 180, 0]
		}
	}
}