{
	"textures": {
		"0": "kello:item/decal/gate/chapter_1"
	},
	"elements": [
		{
			"from": [
				2.743978590544157,
				7.989295272078501,
				7.775200713648528
			],
			"to": [
				13.256021409455844,
				31.9892952720785,
				9.509366636931311
			],
			"faces": {
				"north": {
					"uv": [
						0,
						0,
						6,
						14
					],
					"texture": "#0"
				},
				"east": {
					"uv": [
						6,
						0,
						7,
						14
					],
					"texture": "#0"
				},
				"south": {
					"uv": [
						0,
						0,
						6,
						14
					],
					"texture": "#0"
				},
				"west": {
					"uv": [
						6,
						0,
						7,
						14
					],
					"texture": "#0"
				},
				"up": {
					"uv": [
						6,
						15,
						0,
						14
					],
					"texture": "#0"
				},
				"down": {
					"uv": [
						6,
						15,
						12,
						14
					],
					"texture": "#0"
				}
			}
		},
		{
			"from": [
				13.256021409455844,
				31.9892952720785,
				9.509366636931311
			],
			"to": [
				2.743978590544157,
				7.989295272078501,
				7.775200713648528
			],
			"faces": {
				"north": {
					"uv": [
						0,
						14,
						6,
						0
					],
					"texture": "#0"
				},
				"east": {
					"uv": [
						6,
						14,
						7,
						0
					],
					"texture": "#0"
				},
				"south": {
					"uv": [
						0,
						14,
						6,
						0
					],
					"texture": "#0"
				},
				"west": {
					"uv": [
						6,
						14,
						7,
						0
					],
					"texture": "#0"
				},
				"up": {
					"uv": [
						12,
						15,
						6,
						14
					],
					"texture": "#0"
				},
				"down": {
					"uv": [
						0,
						15,
						6,
						14
					],
					"texture": "#0"
				}
			}
		}
	],
	"display": {
		"head": {
			"rotation": [
				0,
				180,
				0
			]
		}
	}
}