{
	"credit": "Made with Blockbench",
	"texture_size": [128, 128],
	"textures": {
		"16": "kello:item/decal/moving_platform/hitting_platform_indicator/def"
	},
	"elements": [
		{
			"name": "direction",
			"from": [-4, 5.06122, -4],
			"to": [20, 10.93878, 20],
			"rotation": {"angle": 0, "axis": "y", "origin": [8, 8, 8]},
			"faces": {
				"north": {"uv": [0, 2, 6, 0], "texture": "#16"},
				"east": {"uv": [6, 2, 8, 8], "rotation": 90, "texture": "#16"},
				"south": {"uv": [0, 7.875, 6, 9.875], "texture": "#16"},
				"west": {"uv": [6, 8, 8, 2], "rotation": 90, "texture": "#16"},
				"up": {"uv": [6, 8, 0, 2], "rotation": 180, "texture": "#16"}
			}
		},
		{
			"name": "direction_outline",
			"from": [19.975, 17.03878, 19.975],
			"to": [-3.975, 10.96122, -3.975],
			"rotation": {"angle": 0, "axis": "y", "origin": [8, 14, 8]},
			"faces": {
				"north": {"uv": [0, 9.875, 6, 7.875], "rotation": 180, "texture": "#16"},
				"east": {"uv": [6, 8, 8, 2], "rotation": 90, "texture": "#16"},
				"south": {"uv": [0, 0, 6, 2], "rotation": 180, "texture": "#16"},
				"west": {"uv": [6, 2, 8, 8], "rotation": 90, "texture": "#16"}
			}
		}
	],
	"display": {
		"head": {
			"rotation": [0, 180, 0]
		}
	}
}