{
	"credit": "Made with Blockbench",
	"textures": {
		"1": "kello:item/decal/moving_platform/dangle",
		"2": "kello:item/decal/cogwheel/0",
		"5": "kello:item/decal/cogwheel/1"
	},
	"elements": [
		{
			"from": [7.36005, 16.40502, 6.50784],
			"to": [7.36005, 19.21882, 9.48715],
			"rotation": {"angle": 0, "axis": "y", "origin": [7.92281, -2.87774, 8.82508]},
			"faces": {
				"east": {"uv": [16, 0, 0, 16], "rotation": 180, "texture": "#2"},
				"west": {"uv": [0, 0, 16, 16], "rotation": 180, "texture": "#2"}
			}
		},
		{
			"from": [8.63995, 16.40502, 6.50784],
			"to": [8.63995, 19.21882, 9.48715],
			"rotation": {"angle": 0, "axis": "y", "origin": [8.07719, -2.87774, 8.82508]},
			"faces": {
				"east": {"uv": [16, 0, 0, 16], "rotation": 180, "texture": "#2"},
				"west": {"uv": [0, 0, 16, 16], "rotation": 180, "texture": "#2"}
			}
		},
		{
			"from": [6.53247, 18.0602, 7.03198],
			"to": [6.53247, 20.0464, 9.01818],
			"rotation": {"angle": 0, "axis": "y", "origin": [9.41247, -2.87774, 7.87611]},
			"faces": {
				"east": {"uv": [16, 0, 0, 16], "texture": "#5"},
				"west": {"uv": [0, 0, 16, 16], "texture": "#5"}
			}
		},
		{
			"from": [9.31316, 18.0602, 7.03198],
			"to": [9.31316, 20.0464, 9.01818],
			"rotation": {"angle": 0, "axis": "y", "origin": [6.43316, -2.87774, 7.87611]},
			"faces": {
				"east": {"uv": [16, 0, 0, 16], "texture": "#5"},
				"west": {"uv": [0, 0, 16, 16], "texture": "#5"}
			}
		},
		{
			"from": [3.9504, -3.78808, 4.05267],
			"to": [11.89523, -1.96739, 11.99749],
			"rotation": {"angle": 0, "axis": "y", "origin": [7.92281, -2.87774, 8.02508]},
			"faces": {
				"north": {"uv": [6, 0, 12, 1.25], "texture": "#1"},
				"east": {"uv": [6, 1.25, 12, 2.5], "texture": "#1"},
				"south": {"uv": [6, 2.5, 12, 3.75], "texture": "#1"},
				"west": {"uv": [6, 3.75, 12, 5], "texture": "#1"},
				"up": {"uv": [6, 6, 0, 0], "rotation": 90, "texture": "#1"},
				"down": {"uv": [6, 6, 0, 12], "rotation": 180, "texture": "#1"}
			}
		},
		{
			"from": [4.28143, -1.96739, 4.05267],
			"to": [4.28143, 0.34985, 11.99749],
			"rotation": {"angle": -22.5, "axis": "z", "origin": [4.28143, -1.96739, 8.02508]},
			"faces": {
				"east": {"uv": [13, 5.25, 7, 7], "texture": "#1"},
				"west": {"uv": [7, 5.25, 13, 7], "texture": "#1"}
			}
		},
		{
			"from": [11.56419, -1.96739, 4.05267],
			"to": [11.56419, 0.34985, 11.99749],
			"rotation": {"angle": 22.5, "axis": "z", "origin": [11.56419, -1.96739, 8.02508]},
			"faces": {
				"east": {"uv": [13, 5.25, 7, 7], "texture": "#1"},
				"west": {"uv": [7, 5.25, 13, 7], "texture": "#1"}
			}
		},
		{
			"from": [7.67454, 7.02831, 8.02508],
			"to": [8.17109, 17.29038, 8.02508],
			"rotation": {"angle": 0, "axis": "y", "origin": [8.91592, 9.38486, 8.02508]},
			"faces": {
				"north": {"uv": [7.125, 7.5, 7.5, 16], "texture": "#1"},
				"south": {"uv": [7.125, 7.5, 7.5, 16], "texture": "#1"}
			}
		},
		{
			"from": [7.92281, 7.02417, 7.7768],
			"to": [7.92181, 17.59572, 8.27336],
			"rotation": {"angle": 0, "axis": "y", "origin": [8.91592, 9.38486, 8.02508]},
			"faces": {
				"east": {"uv": [6.75, 7.25, 7.125, 16], "texture": "#1"},
				"west": {"uv": [6.75, 7.25, 7.125, 16], "texture": "#1"}
			}
		},
		{
			"from": [7.67454, 17.29038, 8.02508],
			"to": [8.17109, 17.95245, 8.02508],
			"rotation": {"angle": 0, "axis": "y", "origin": [8.91592, 9.38486, 8.02508]},
			"faces": {
				"north": {"uv": [7.125, 7.625, 7.5, 8.125], "texture": "#1"},
				"south": {"uv": [7.125, 7.625, 7.5, 8.125], "texture": "#1"}
			}
		},
		{
			"from": [11.31592, 0.34985, 8.02508],
			"to": [11.81247, 6.63951, 8.02508],
			"rotation": {"angle": 22.5, "axis": "z", "origin": [11.56419, -1.96739, 8.02508]},
			"faces": {
				"north": {"uv": [7.5, 7.625, 7.125, 12.375], "texture": "#1"},
				"south": {"uv": [7.5, 7.625, 7.125, 12.375], "texture": "#1"}
			}
		},
		{
			"from": [10.39872, 0.11389, 7.7768],
			"to": [10.39872, 6.90009, 8.27336],
			"rotation": {"angle": 22.5, "axis": "z", "origin": [10.39872, 0.8463, 8.02508]},
			"faces": {
				"east": {"uv": [7.125, 7.25, 6.75, 12.375], "texture": "#1"},
				"west": {"uv": [7.125, 7.25, 6.75, 12.375], "texture": "#1"}
			}
		},
		{
			"from": [4.03753, 0.34985, 8.02508],
			"to": [4.53408, 6.63951, 8.02508],
			"rotation": {"angle": -22.5, "axis": "z", "origin": [4.28581, -1.96739, 8.02508]},
			"faces": {
				"north": {"uv": [7.125, 7.625, 7.5, 12.375], "texture": "#1"},
				"south": {"uv": [7.125, 7.625, 7.5, 12.375], "texture": "#1"}
			}
		},
		{
			"from": [5.45128, 0.11389, 7.7768],
			"to": [5.45128, 6.90009, 8.27336],
			"rotation": {"angle": -22.5, "axis": "z", "origin": [5.45128, 0.8463, 8.02508]},
			"faces": {
				"east": {"uv": [6.75, 7.25, 7.125, 12.375], "texture": "#1"},
				"west": {"uv": [6.75, 7.25, 7.125, 12.375], "texture": "#1"}
			}
		},
		{
			"from": [7.39751, 6.06847, 7.94232],
			"to": [8.39062, 7.06158, 8.10784],
			"rotation": {"angle": 45, "axis": "z", "origin": [7.98631, 6.56747, 8.02508]},
			"faces": {
				"north": {"uv": [6.75, 8.25, 6, 7.5], "rotation": 180, "texture": "#1"},
				"east": {"uv": [6.125, 7.5, 6, 8.25], "texture": "#1"},
				"south": {"uv": [6, 8.25, 6.75, 7.5], "rotation": 180, "texture": "#1"},
				"west": {"uv": [6.75, 7.5, 6.625, 8.25], "texture": "#1"},
				"up": {"uv": [6, 7.625, 6.75, 7.5], "rotation": 180, "texture": "#1"},
				"down": {"uv": [6, 8.25, 6.75, 8.125], "rotation": 180, "texture": "#1"}
			}
		},
		{
			"from": [6.59867, 17.93606, 7.03198],
			"to": [9.24695, 19.2602, 9.01818],
			"faces": {
				"east": {"uv": [12, 1, 13.5, 2], "texture": "#1"},
				"west": {"uv": [12, 0, 13.5, 1], "texture": "#1"},
				"down": {"uv": [13.5, 0, 15, 2], "rotation": 270, "texture": "#1"}
			}
		},
		{
			"from": [9.24695, 19.2602, 9.01818],
			"to": [6.59867, 17.93606, 7.03198],
			"faces": {
				"east": {"uv": [12, 1, 13.5, 0], "texture": "#1"},
				"west": {"uv": [12, 2, 13.5, 1], "texture": "#1"},
				"up": {"uv": [13.5, 2, 15, 0], "rotation": 270, "texture": "#1"}
			}
		}
	],
	"display": {
		"head": {
			"rotation": [0, 180, 0]
		}
	}
}