{
	"textures": {
		"0": "kello:item/decal/windchime",
		"1": "kello:item/decal/windchime_ornament"
	},
	"elements": [
		{
			"from": [
				-4,
				-1.3658501391042304,
				5.3818889388907
			],
			"to": [
				1.6723917729002729,
				-1.3658501391042304,
				10.6181110611093
			],
			"rotation": {
				"angle": -22.5,
				"axis": "z",
				"origin": [
					8,
					-28.23039377337762,
					8
				]
			},
			"faces": {
				"up": {
					"uv": [
						4.5,
						0,
						0,
						5.5
					],
					"rotation": 90,
					"texture": "#0",
					"tintindex": 0
				},
				"down": {
					"uv": [
						4.5,
						5.5,
						0,
						0
					],
					"rotation": 270,
					"texture": "#0",
					"tintindex": 0
				}
			}
		},
		{
			"from": [
				14.327608227099727,
				-1.3658501391042304,
				5.3818889388907
			],
			"to": [
				20,
				-1.3658501391042304,
				10.6181110611093
			],
			"rotation": {
				"angle": 22.5,
				"axis": "z",
				"origin": [
					8,
					-28.23039377337762,
					8
				]
			},
			"faces": {
				"up": {
					"uv": [
						4.5,
						5.5,
						0,
						0
					],
					"rotation": 90,
					"texture": "#0",
					"tintindex": 0
				},
				"down": {
					"uv": [
						4.5,
						0,
						0,
						5.5
					],
					"rotation": 270,
					"texture": "#0",
					"tintindex": 0
				}
			}
		},
		{
			"from": [
				5.3818889388907,
				-1.3658501391042304,
				-4
			],
			"to": [
				10.6181110611093,
				-1.3658501391042304,
				1.6723917729002729
			],
			"rotation": {
				"angle": 22.5,
				"axis": "x",
				"origin": [
					8,
					-28.23039377337762,
					8
				]
			},
			"faces": {
				"up": {
					"uv": [
						4.5,
						5.5,
						0,
						0
					],
					"texture": "#0",
					"tintindex": 0
				},
				"down": {
					"uv": [
						4.5,
						0,
						0,
						5.5
					],
					"texture": "#0",
					"tintindex": 0
				}
			}
		},
		{
			"from": [
				5.3818889388907,
				-1.3658501391042304,
				14.327608227099727
			],
			"to": [
				10.6181110611093,
				-1.3658501391042304,
				20
			],
			"rotation": {
				"angle": -22.5,
				"axis": "x",
				"origin": [
					8,
					-28.23039377337762,
					8
				]
			},
			"faces": {
				"up": {
					"uv": [
						4.5,
						0,
						0,
						5.5
					],
					"texture": "#0",
					"tintindex": 0
				},
				"down": {
					"uv": [
						4.5,
						5.5,
						0,
						0
					],
					"texture": "#0",
					"tintindex": 0
				}
			}
		},
		{
			"from": [
				8,
				-10.736711309984717,
				4.064634730691658
			],
			"to": [
				8,
				3.2556985364449442,
				11.935365269308342
			],
			"rotation": {
				"angle": -22.5,
				"axis": "y",
				"origin": [
					8,
					-3.740506386769887,
					8
				]
			},
			"faces": {
				"east": {
					"uv": [
						4.5,
						0,
						0,
						8
					],
					"texture": "#1",
					"tintindex": 0
				},
				"west": {
					"uv": [
						0,
						0,
						4.5,
						8
					],
					"texture": "#1",
					"tintindex": 0
				}
			}
		},
		{
			"from": [
				4.064634730691658,
				-10.736711309984717,
				8
			],
			"to": [
				11.935365269308342,
				3.2556985364449442,
				8
			],
			"rotation": {
				"angle": -22.5,
				"axis": "y",
				"origin": [
					8,
					-3.740506386769887,
					8
				]
			},
			"faces": {
				"north": {
					"uv": [
						9,
						0,
						4.5,
						8
					],
					"texture": "#1",
					"tintindex": 0
				},
				"south": {
					"uv": [
						4.5,
						0,
						9,
						8
					],
					"texture": "#1",
					"tintindex": 0
				}
			}
		}
	],
	"display": {
		"head": {
			"rotation": [
				0,
				180,
				0
			]
		}
	}
}