{
	"textures": {
		"0": "kello:item/decal/windchime"
	},
	"elements": [
		{
			"from": [
				1,
				1.8784200000000002,
				8
			],
			"to": [
				16,
				16.87842,
				8
			],
			"rotation": {
				"angle": 0,
				"axis": "y",
				"origin": [
					8,
					7.87842,
					8
				]
			},
			"faces": {
				"north": {
					"uv": [
						4.5,
						0,
						12,
						7.5
					],
					"texture": "#0",
					"tintindex": 0
				},
				"south": {
					"uv": [
						12,
						0,
						4.5,
						7.5
					],
					"texture": "#0",
					"tintindex": 0
				}
			}
		}
	],
	"display": {
		"head": {
			"rotation": [
				0,
				180,
				0
			]
		}
	}
}