{
	"credit": "Made with Blockbench",
	"textures": {
		"0": "kello:item/decal/melloleta"
	},
	"elements": [
		{
			"from": [8.29508, 23.7377, 6.03279],
			"to": [12.22951, 23.7377, 9.96721],
			"rotation": {"angle": 22.5, "axis": "z", "origin": [8.29508, 23.7377, 8]},
			"faces": {
				"north": {"uv": [0, 0, 2, 0], "texture": "#0", "tintindex": 0},
				"east": {"uv": [0, 0, 2, 0], "texture": "#0", "tintindex": 0},
				"south": {"uv": [0, 0, 2, 0], "texture": "#0", "tintindex": 0},
				"west": {"uv": [0, 0, 2, 0], "texture": "#0", "tintindex": 0},
				"up": {"uv": [2, 2, 0, 0], "texture": "#0", "tintindex": 0},
				"down": {"uv": [2, 0, 0, 2], "texture": "#0", "tintindex": 0}
			}
		},
		{
			"from": [6.32787, 23.7377, 8],
			"to": [10.2623, 23.7377, 11.93443],
			"rotation": {"angle": -22.5, "axis": "x", "origin": [8.29508, 23.7377, 8]},
			"faces": {
				"north": {"uv": [0, 0, 2, 0], "texture": "#0", "tintindex": 0},
				"east": {"uv": [0, 0, 2, 0], "texture": "#0", "tintindex": 0},
				"south": {"uv": [0, 0, 2, 0], "texture": "#0", "tintindex": 0},
				"west": {"uv": [0, 0, 2, 0], "texture": "#0", "tintindex": 0},
				"up": {"uv": [2, 2, 0, 0], "rotation": 90, "texture": "#0", "tintindex": 0},
				"down": {"uv": [2, 0, 0, 2], "rotation": 270, "texture": "#0", "tintindex": 0}
			}
		},
		{
			"from": [6.32787, 23.7377, 4.06557],
			"to": [10.2623, 23.7377, 8],
			"rotation": {"angle": 22.5, "axis": "x", "origin": [8.29508, 23.7377, 8]},
			"faces": {
				"north": {"uv": [0, 0, 2, 0], "texture": "#0", "tintindex": 0},
				"east": {"uv": [0, 0, 2, 0], "texture": "#0", "tintindex": 0},
				"south": {"uv": [0, 0, 2, 0], "texture": "#0", "tintindex": 0},
				"west": {"uv": [0, 0, 2, 0], "texture": "#0", "tintindex": 0},
				"up": {"uv": [0, 0, 2, 2], "rotation": 90, "texture": "#0", "tintindex": 0},
				"down": {"uv": [0, 2, 2, 0], "rotation": 270, "texture": "#0", "tintindex": 0}
			}
		},
		{
			"from": [4.36066, 23.7377, 6.03279],
			"to": [8.29508, 23.7377, 9.96721],
			"rotation": {"angle": -22.5, "axis": "z", "origin": [8.29508, 23.7377, 8]},
			"faces": {
				"north": {"uv": [0, 0, 2, 0], "texture": "#0", "tintindex": 0},
				"east": {"uv": [0, 0, 2, 0], "texture": "#0", "tintindex": 0},
				"south": {"uv": [0, 0, 2, 0], "texture": "#0", "tintindex": 0},
				"west": {"uv": [0, 0, 2, 0], "texture": "#0", "tintindex": 0},
				"up": {"uv": [0, 0, 2, 2], "texture": "#0", "tintindex": 0},
				"down": {"uv": [0, 2, 2, 0], "texture": "#0", "tintindex": 0}
			}
		},
		{
			"from": [14.4918, 14.88525, 3.57377],
			"to": [18.42623, 14.88525, 7.5082],
			"rotation": {"angle": 45, "axis": "z", "origin": [14.4918, 14.88525, 5.54098]},
			"faces": {
				"up": {"uv": [2, 4, 0, 2], "texture": "#0", "tintindex": 0},
				"down": {"uv": [2, 2, 0, 4], "texture": "#0", "tintindex": 0}
			}
		},
		{
			"from": [12.52459, 14.88525, 1.60656],
			"to": [16.45902, 14.88525, 5.54098],
			"rotation": {"angle": 45, "axis": "x", "origin": [14.4918, 14.88525, 5.54098]},
			"faces": {
				"up": {"uv": [2, 4, 0, 2], "rotation": 270, "texture": "#0", "tintindex": 0},
				"down": {"uv": [2, 2, 0, 4], "rotation": 90, "texture": "#0", "tintindex": 0}
			}
		},
		{
			"from": [12.52459, 14.88525, 5.54098],
			"to": [16.45902, 14.88525, 9.47541],
			"rotation": {"angle": -45, "axis": "x", "origin": [14.4918, 14.88525, 5.54098]},
			"faces": {
				"up": {"uv": [0, 2, 2, 4], "rotation": 270, "texture": "#0", "tintindex": 0},
				"down": {"uv": [2, 2, 0, 4], "rotation": 270, "texture": "#0", "tintindex": 0}
			}
		},
		{
			"from": [10.55738, 14.88525, 3.57377],
			"to": [14.4918, 14.88525, 7.5082],
			"rotation": {"angle": -45, "axis": "z", "origin": [14.4918, 14.88525, 5.54098]},
			"faces": {
				"up": {"uv": [0, 2, 2, 4], "texture": "#0", "tintindex": 0},
				"down": {"uv": [0, 4, 2, 2], "texture": "#0", "tintindex": 0}
			}
		},
		{
			"from": [4.16393, 17.83607, 12.62295],
			"to": [8.09836, 17.83607, 16.55738],
			"rotation": {"angle": 22.5, "axis": "z", "origin": [4.16393, 17.83607, 14.59016]},
			"faces": {
				"up": {"uv": [2, 4, 0, 2], "texture": "#0", "tintindex": 0},
				"down": {"uv": [2, 2, 0, 4], "texture": "#0", "tintindex": 0}
			}
		},
		{
			"from": [0.22951, 17.83607, 12.62295],
			"to": [4.16393, 17.83607, 16.55738],
			"rotation": {"angle": -22.5, "axis": "z", "origin": [4.16393, 17.83607, 14.59016]},
			"faces": {
				"up": {"uv": [0, 2, 2, 4], "texture": "#0", "tintindex": 0},
				"down": {"uv": [0, 4, 2, 2], "texture": "#0", "tintindex": 0}
			}
		},
		{
			"from": [2.19672, 17.83607, 14.59016],
			"to": [6.13115, 17.83607, 18.52459],
			"rotation": {"angle": -22.5, "axis": "x", "origin": [4.16393, 17.83607, 14.59016]},
			"faces": {
				"up": {"uv": [0, 2, 2, 4], "rotation": 270, "texture": "#0", "tintindex": 0},
				"down": {"uv": [2, 2, 0, 4], "rotation": 270, "texture": "#0", "tintindex": 0}
			}
		},
		{
			"from": [2.19672, 17.83607, 10.65574],
			"to": [6.13115, 17.83607, 14.59016],
			"rotation": {"angle": 22.5, "axis": "x", "origin": [4.16393, 17.83607, 14.59016]},
			"faces": {
				"up": {"uv": [2, 4, 0, 2], "rotation": 270, "texture": "#0", "tintindex": 0},
				"down": {"uv": [2, 2, 0, 4], "rotation": 90, "texture": "#0", "tintindex": 0}
			}
		},
		{
			"from": [10.2623, 18.81967, 11.83607],
			"to": [14.19672, 18.81967, 15.77049],
			"rotation": {"angle": 45, "axis": "z", "origin": [10.2623, 18.81967, 13.80328]},
			"faces": {
				"up": {"uv": [2, 2, 0, 0], "texture": "#0", "tintindex": 0},
				"down": {"uv": [2, 0, 0, 2], "texture": "#0", "tintindex": 0}
			}
		},
		{
			"from": [6.32787, 18.81967, 11.83607],
			"to": [10.2623, 18.81967, 15.77049],
			"rotation": {"angle": -45, "axis": "z", "origin": [10.2623, 18.81967, 13.80328]},
			"faces": {
				"up": {"uv": [0, 0, 2, 2], "texture": "#0", "tintindex": 0},
				"down": {"uv": [0, 2, 2, 0], "texture": "#0", "tintindex": 0}
			}
		},
		{
			"from": [8.29508, 18.81967, 13.80328],
			"to": [12.22951, 18.81967, 17.7377],
			"rotation": {"angle": -45, "axis": "x", "origin": [10.2623, 18.81967, 13.80328]},
			"faces": {
				"up": {"uv": [0, 0, 2, 2], "rotation": 270, "texture": "#0", "tintindex": 0},
				"down": {"uv": [2, 0, 0, 2], "rotation": 270, "texture": "#0", "tintindex": 0}
			}
		},
		{
			"from": [8.29508, 18.81967, 9.86885],
			"to": [12.22951, 18.81967, 13.80328],
			"rotation": {"angle": 45, "axis": "x", "origin": [10.2623, 18.81967, 13.80328]},
			"faces": {
				"up": {"uv": [2, 2, 0, 0], "rotation": 270, "texture": "#0", "tintindex": 0},
				"down": {"uv": [2, 0, 0, 2], "rotation": 90, "texture": "#0", "tintindex": 0}
			}
		},
		{
			"from": [0.22951, 15.86885, 5.83607],
			"to": [4.16393, 15.86885, 9.77049],
			"rotation": {"angle": 45, "axis": "x", "origin": [2.19672, 15.86885, 9.77049]},
			"faces": {
				"up": {"uv": [2, 2, 0, 0], "rotation": 270, "texture": "#0", "tintindex": 0},
				"down": {"uv": [2, 0, 0, 2], "rotation": 90, "texture": "#0", "tintindex": 0}
			}
		},
		{
			"from": [0.22951, 15.86885, 9.77049],
			"to": [4.16393, 15.86885, 13.70492],
			"rotation": {"angle": -45, "axis": "x", "origin": [2.19672, 15.86885, 9.77049]},
			"faces": {
				"up": {"uv": [0, 0, 2, 2], "rotation": 270, "texture": "#0", "tintindex": 0},
				"down": {"uv": [2, 0, 0, 2], "rotation": 270, "texture": "#0", "tintindex": 0}
			}
		},
		{
			"from": [-1.7377, 15.86885, 7.80328],
			"to": [2.19672, 15.86885, 11.7377],
			"rotation": {"angle": -45, "axis": "z", "origin": [2.19672, 15.86885, 9.77049]},
			"faces": {
				"up": {"uv": [0, 0, 2, 2], "texture": "#0", "tintindex": 0},
				"down": {"uv": [0, 2, 2, 0], "texture": "#0", "tintindex": 0}
			}
		},
		{
			"from": [2.19672, 15.86885, 7.80328],
			"to": [6.13115, 15.86885, 11.7377],
			"rotation": {"angle": 45, "axis": "z", "origin": [2.19672, 15.86885, 9.77049]},
			"faces": {
				"up": {"uv": [2, 2, 0, 0], "texture": "#0", "tintindex": 0},
				"down": {"uv": [2, 0, 0, 2], "texture": "#0", "tintindex": 0}
			}
		},
		{
			"from": [6.42623, 19.80328, -2.13115],
			"to": [10.36066, 19.80328, 1.80328],
			"rotation": {"angle": 22.5, "axis": "z", "origin": [6.42623, 19.80328, -0.16393]},
			"faces": {
				"up": {"uv": [2, 2, 0, 0], "texture": "#0", "tintindex": 0},
				"down": {"uv": [2, 0, 0, 2], "texture": "#0", "tintindex": 0}
			}
		},
		{
			"from": [2.4918, 19.80328, -2.13115],
			"to": [6.42623, 19.80328, 1.80328],
			"rotation": {"angle": -22.5, "axis": "z", "origin": [6.42623, 19.80328, -0.16393]},
			"faces": {
				"up": {"uv": [0, 0, 2, 2], "texture": "#0", "tintindex": 0},
				"down": {"uv": [0, 2, 2, 0], "texture": "#0", "tintindex": 0}
			}
		},
		{
			"from": [4.45902, 19.80328, -0.16393],
			"to": [8.39344, 19.80328, 3.77049],
			"rotation": {"angle": -22.5, "axis": "x", "origin": [6.42623, 19.80328, -0.16393]},
			"faces": {
				"up": {"uv": [0, 0, 2, 2], "rotation": 270, "texture": "#0", "tintindex": 0},
				"down": {"uv": [2, 0, 0, 2], "rotation": 270, "texture": "#0", "tintindex": 0}
			}
		},
		{
			"from": [4.45902, 19.80328, -4.09836],
			"to": [8.39344, 19.80328, -0.16393],
			"rotation": {"angle": 22.5, "axis": "x", "origin": [6.42623, 19.80328, -0.16393]},
			"faces": {
				"up": {"uv": [2, 2, 0, 0], "rotation": 270, "texture": "#0", "tintindex": 0},
				"down": {"uv": [2, 0, 0, 2], "rotation": 90, "texture": "#0", "tintindex": 0}
			}
		},
		{
			"from": [13.11475, 21.77049, 7.60656],
			"to": [17.04918, 21.77049, 11.54098],
			"rotation": {"angle": 22.5, "axis": "x", "origin": [15.08197, 21.77049, 11.54098]},
			"faces": {
				"up": {"uv": [2, 4, 0, 2], "rotation": 270, "texture": "#0", "tintindex": 0},
				"down": {"uv": [2, 2, 0, 4], "rotation": 90, "texture": "#0", "tintindex": 0}
			}
		},
		{
			"from": [13.11475, 21.77049, 11.54098],
			"to": [17.04918, 21.77049, 15.47541],
			"rotation": {"angle": -22.5, "axis": "x", "origin": [15.08197, 21.77049, 11.54098]},
			"faces": {
				"up": {"uv": [0, 2, 2, 4], "rotation": 270, "texture": "#0", "tintindex": 0},
				"down": {"uv": [2, 2, 0, 4], "rotation": 270, "texture": "#0", "tintindex": 0}
			}
		},
		{
			"from": [11.14754, 21.77049, 9.57377],
			"to": [15.08197, 21.77049, 13.5082],
			"rotation": {"angle": -22.5, "axis": "z", "origin": [15.08197, 21.77049, 11.54098]},
			"faces": {
				"up": {"uv": [0, 2, 2, 4], "texture": "#0", "tintindex": 0},
				"down": {"uv": [0, 4, 2, 2], "texture": "#0", "tintindex": 0}
			}
		},
		{
			"from": [15.08197, 21.77049, 9.57377],
			"to": [19.01639, 21.77049, 13.5082],
			"rotation": {"angle": 22.5, "axis": "z", "origin": [15.08197, 21.77049, 11.54098]},
			"faces": {
				"up": {"uv": [2, 4, 0, 2], "texture": "#0", "tintindex": 0},
				"down": {"uv": [2, 2, 0, 4], "texture": "#0", "tintindex": 0}
			}
		},
		{
			"from": [10.2623, 16.85246, -2.42623],
			"to": [14.19672, 16.85246, 1.5082],
			"rotation": {"angle": 45, "axis": "x", "origin": [12.22951, 16.85246, 1.5082]},
			"faces": {
				"up": {"uv": [2, 2, 0, 0], "rotation": 270, "texture": "#0", "tintindex": 0},
				"down": {"uv": [2, 0, 0, 2], "rotation": 90, "texture": "#0", "tintindex": 0}
			}
		},
		{
			"from": [10.2623, 16.85246, 1.5082],
			"to": [14.19672, 16.85246, 5.44262],
			"rotation": {"angle": -45, "axis": "x", "origin": [12.22951, 16.85246, 1.5082]},
			"faces": {
				"up": {"uv": [0, 0, 2, 2], "rotation": 270, "texture": "#0", "tintindex": 0},
				"down": {"uv": [2, 0, 0, 2], "rotation": 270, "texture": "#0", "tintindex": 0}
			}
		},
		{
			"from": [8.29508, 16.85246, -0.45902],
			"to": [12.22951, 16.85246, 3.47541],
			"rotation": {"angle": -45, "axis": "z", "origin": [12.22951, 16.85246, 1.5082]},
			"faces": {
				"up": {"uv": [0, 0, 2, 2], "texture": "#0", "tintindex": 0},
				"down": {"uv": [0, 2, 2, 0], "texture": "#0", "tintindex": 0}
			}
		},
		{
			"from": [12.22951, 16.85246, -0.45902],
			"to": [16.16393, 16.85246, 3.47541],
			"rotation": {"angle": 45, "axis": "z", "origin": [12.22951, 16.85246, 1.5082]},
			"faces": {
				"up": {"uv": [2, 2, 0, 0], "texture": "#0", "tintindex": 0},
				"down": {"uv": [2, 0, 0, 2], "texture": "#0", "tintindex": 0}
			}
		},
		{
			"from": [1.70492, 17.83607, 1.60656],
			"to": [5.63934, 17.83607, 5.54098],
			"rotation": {"angle": 22.5, "axis": "z", "origin": [1.70492, 17.83607, 3.57377]},
			"faces": {
				"up": {"uv": [2, 4, 0, 2], "texture": "#0", "tintindex": 0},
				"down": {"uv": [2, 2, 0, 4], "texture": "#0", "tintindex": 0}
			}
		},
		{
			"from": [-2.22951, 17.83607, 1.60656],
			"to": [1.70492, 17.83607, 5.54098],
			"rotation": {"angle": -22.5, "axis": "z", "origin": [1.70492, 17.83607, 3.57377]},
			"faces": {
				"up": {"uv": [0, 2, 2, 4], "texture": "#0", "tintindex": 0},
				"down": {"uv": [0, 4, 2, 2], "texture": "#0", "tintindex": 0}
			}
		},
		{
			"from": [-0.2623, 17.83607, 3.57377],
			"to": [3.67213, 17.83607, 7.5082],
			"rotation": {"angle": -22.5, "axis": "x", "origin": [1.70492, 17.83607, 3.57377]},
			"faces": {
				"up": {"uv": [0, 2, 2, 4], "rotation": 270, "texture": "#0", "tintindex": 0},
				"down": {"uv": [2, 2, 0, 4], "rotation": 270, "texture": "#0", "tintindex": 0}
			}
		},
		{
			"from": [-0.2623, 17.83607, -0.36066],
			"to": [3.67213, 17.83607, 3.57377],
			"rotation": {"angle": 22.5, "axis": "x", "origin": [1.70492, 17.83607, 3.57377]},
			"faces": {
				"up": {"uv": [2, 4, 0, 2], "rotation": 270, "texture": "#0", "tintindex": 0},
				"down": {"uv": [2, 2, 0, 4], "rotation": 90, "texture": "#0", "tintindex": 0}
			}
		},
		{
			"from": [5.83607, 23.67787, 8],
			"to": [10.7541, 26.62869, 8],
			"rotation": {"angle": -45, "axis": "y", "origin": [8.29508, 19.80328, 8]},
			"faces": {
				"north": {"uv": [8.5, 2.5, 5, 4.5], "texture": "#0", "tintindex": 0},
				"south": {"uv": [5, 2.5, 8.5, 4.5], "texture": "#0", "tintindex": 0}
			}
		},
		{
			"from": [8.29508, 12.91803, 7.5082],
			"to": [8.29508, 23.77131, 8.4918],
			"rotation": {"angle": -45, "axis": "y", "origin": [8.29508, 18.81967, 8]},
			"faces": {
				"north": {"uv": [0, 0, 0, 5.5], "texture": "#0", "tintindex": 0},
				"east": {"uv": [4.5, 0, 5, 6], "texture": "#0", "tintindex": 0},
				"south": {"uv": [0, 0, 0, 5.5], "texture": "#0", "tintindex": 0},
				"west": {"uv": [4.5, 0, 5, 6], "texture": "#0", "tintindex": 0},
				"up": {"uv": [0, 0.5, 0, 0], "texture": "#0", "tintindex": 0},
				"down": {"uv": [0, 0, 0, 0.5], "texture": "#0", "tintindex": 0}
			}
		},
		{
			"from": [8.29508, 23.7377, 6.03279],
			"to": [12.22951, 23.7377, 9.96721],
			"rotation": {"angle": 22.5, "axis": "z", "origin": [8.29508, 23.7377, 8]},
			"faces": {
				"north": {"uv": [0, 0, 2, 0], "texture": "#0", "tintindex": 0},
				"east": {"uv": [0, 0, 2, 0], "texture": "#0", "tintindex": 0},
				"south": {"uv": [0, 0, 2, 0], "texture": "#0", "tintindex": 0},
				"west": {"uv": [0, 0, 2, 0], "texture": "#0", "tintindex": 0},
				"up": {"uv": [2, 2, 0, 0], "texture": "#0", "tintindex": 0},
				"down": {"uv": [2, 0, 0, 2], "texture": "#0", "tintindex": 0}
			}
		},
		{
			"from": [6.32787, 23.7377, 8],
			"to": [10.2623, 23.7377, 11.93443],
			"rotation": {"angle": -22.5, "axis": "x", "origin": [8.29508, 23.7377, 8]},
			"faces": {
				"north": {"uv": [0, 0, 2, 0], "texture": "#0", "tintindex": 0},
				"east": {"uv": [0, 0, 2, 0], "texture": "#0", "tintindex": 0},
				"south": {"uv": [0, 0, 2, 0], "texture": "#0", "tintindex": 0},
				"west": {"uv": [0, 0, 2, 0], "texture": "#0", "tintindex": 0},
				"up": {"uv": [2, 2, 0, 0], "rotation": 90, "texture": "#0", "tintindex": 0},
				"down": {"uv": [2, 0, 0, 2], "rotation": 270, "texture": "#0", "tintindex": 0}
			}
		},
		{
			"from": [4.36066, 23.7377, 6.03279],
			"to": [8.29508, 23.7377, 9.96721],
			"rotation": {"angle": -22.5, "axis": "z", "origin": [8.29508, 23.7377, 8]},
			"faces": {
				"north": {"uv": [0, 0, 2, 0], "texture": "#0", "tintindex": 0},
				"east": {"uv": [0, 0, 2, 0], "texture": "#0", "tintindex": 0},
				"south": {"uv": [0, 0, 2, 0], "texture": "#0", "tintindex": 0},
				"west": {"uv": [0, 0, 2, 0], "texture": "#0", "tintindex": 0},
				"up": {"uv": [0, 0, 2, 2], "texture": "#0", "tintindex": 0},
				"down": {"uv": [0, 2, 2, 0], "texture": "#0", "tintindex": 0}
			}
		},
		{
			"from": [6.32787, 23.7377, 4.06557],
			"to": [10.2623, 23.7377, 8],
			"rotation": {"angle": 22.5, "axis": "x", "origin": [8.29508, 23.7377, 8]},
			"faces": {
				"north": {"uv": [0, 0, 2, 0], "texture": "#0", "tintindex": 0},
				"east": {"uv": [0, 0, 2, 0], "texture": "#0", "tintindex": 0},
				"south": {"uv": [0, 0, 2, 0], "texture": "#0", "tintindex": 0},
				"west": {"uv": [0, 0, 2, 0], "texture": "#0", "tintindex": 0},
				"up": {"uv": [0, 0, 2, 2], "rotation": 90, "texture": "#0", "tintindex": 0},
				"down": {"uv": [0, 2, 2, 0], "rotation": 270, "texture": "#0", "tintindex": 0}
			}
		},
		{
			"from": [12.52459, 14.88525, 5.54098],
			"to": [16.45902, 14.88525, 9.47541],
			"rotation": {"angle": -45, "axis": "x", "origin": [14.4918, 14.88525, 5.54098]},
			"faces": {
				"up": {"uv": [0, 2, 2, 4], "rotation": 270, "texture": "#0", "tintindex": 0},
				"down": {"uv": [2, 2, 0, 4], "rotation": 270, "texture": "#0", "tintindex": 0}
			}
		},
		{
			"from": [4.45902, 19.80328, -4.09836],
			"to": [8.39344, 19.80328, -0.16393],
			"rotation": {"angle": 22.5, "axis": "x", "origin": [6.42623, 19.80328, -0.16393]},
			"faces": {
				"up": {"uv": [2, 2, 0, 0], "rotation": 270, "texture": "#0", "tintindex": 0},
				"down": {"uv": [2, 0, 0, 2], "rotation": 90, "texture": "#0", "tintindex": 0}
			}
		},
		{
			"from": [4.45902, 19.80328, -0.16393],
			"to": [8.39344, 19.80328, 3.77049],
			"rotation": {"angle": -22.5, "axis": "x", "origin": [6.42623, 19.80328, -0.16393]},
			"faces": {
				"up": {"uv": [0, 0, 2, 2], "rotation": 270, "texture": "#0", "tintindex": 0},
				"down": {"uv": [2, 0, 0, 2], "rotation": 270, "texture": "#0", "tintindex": 0}
			}
		},
		{
			"from": [2.4918, 19.80328, -2.13115],
			"to": [6.42623, 19.80328, 1.80328],
			"rotation": {"angle": -22.5, "axis": "z", "origin": [6.42623, 19.80328, -0.16393]},
			"faces": {
				"up": {"uv": [0, 0, 2, 2], "texture": "#0", "tintindex": 0},
				"down": {"uv": [0, 2, 2, 0], "texture": "#0", "tintindex": 0}
			}
		},
		{
			"from": [6.42623, 19.80328, -2.13115],
			"to": [10.36066, 19.80328, 1.80328],
			"rotation": {"angle": 22.5, "axis": "z", "origin": [6.42623, 19.80328, -0.16393]},
			"faces": {
				"up": {"uv": [2, 2, 0, 0], "texture": "#0", "tintindex": 0},
				"down": {"uv": [2, 0, 0, 2], "texture": "#0", "tintindex": 0}
			}
		},
		{
			"from": [1.80328, 12.91803, -1.83607],
			"to": [2.78689, 19.83689, -1.83607],
			"rotation": {"angle": -45, "axis": "y", "origin": [2.29508, 18.81967, 4.06557]},
			"faces": {
				"north": {"uv": [4.5, 6, 5, 10], "texture": "#0", "tintindex": 0},
				"south": {"uv": [4.5, 6, 5, 10], "texture": "#0", "tintindex": 0}
			}
		},
		{
			"from": [8.29508, 18.81967, 9.86885],
			"to": [12.22951, 18.81967, 13.80328],
			"rotation": {"angle": 45, "axis": "x", "origin": [10.2623, 18.81967, 13.80328]},
			"faces": {
				"up": {"uv": [2, 2, 0, 0], "rotation": 270, "texture": "#0", "tintindex": 0},
				"down": {"uv": [2, 0, 0, 2], "rotation": 90, "texture": "#0", "tintindex": 0}
			}
		},
		{
			"from": [8.29508, 18.81967, 13.80328],
			"to": [12.22951, 18.81967, 17.7377],
			"rotation": {"angle": -45, "axis": "x", "origin": [10.2623, 18.81967, 13.80328]},
			"faces": {
				"up": {"uv": [0, 0, 2, 2], "rotation": 270, "texture": "#0", "tintindex": 0},
				"down": {"uv": [2, 0, 0, 2], "rotation": 270, "texture": "#0", "tintindex": 0}
			}
		},
		{
			"from": [6.32787, 18.81967, 11.83607],
			"to": [10.2623, 18.81967, 15.77049],
			"rotation": {"angle": -45, "axis": "z", "origin": [10.2623, 18.81967, 13.80328]},
			"faces": {
				"up": {"uv": [0, 0, 2, 2], "texture": "#0", "tintindex": 0},
				"down": {"uv": [0, 2, 2, 0], "texture": "#0", "tintindex": 0}
			}
		},
		{
			"from": [10.2623, 18.81967, 11.83607],
			"to": [14.19672, 18.81967, 15.77049],
			"rotation": {"angle": 45, "axis": "z", "origin": [10.2623, 18.81967, 13.80328]},
			"faces": {
				"up": {"uv": [2, 2, 0, 0], "texture": "#0", "tintindex": 0},
				"down": {"uv": [2, 0, 0, 2], "texture": "#0", "tintindex": 0}
			}
		},
		{
			"from": [3.57377, 19.15984, 12.13115],
			"to": [8.4918, 22.11066, 12.13115],
			"rotation": {"angle": -45, "axis": "y", "origin": [6.13115, 20.78689, 18.03279]},
			"faces": {
				"north": {"uv": [8.5, 0.5, 5, 2.5], "texture": "#0", "tintindex": 0},
				"east": {"uv": [0, 0.5, 0, 2], "texture": "#0", "tintindex": 0},
				"south": {"uv": [5, 0.5, 8.5, 2.5], "texture": "#0", "tintindex": 0},
				"west": {"uv": [0, 0.5, 0, 2], "texture": "#0", "tintindex": 0},
				"up": {"uv": [2.5, 0, 0, 0], "texture": "#0", "tintindex": 0},
				"down": {"uv": [2.5, 0, 0, 0], "texture": "#0", "tintindex": 0}
			}
		},
		{
			"from": [6.13115, 12.91803, 11.63934],
			"to": [6.13115, 18.85328, 12.62295],
			"rotation": {"angle": -45, "axis": "y", "origin": [6.13115, 18.81967, 18.03279]},
			"faces": {
				"north": {"uv": [0, 0.5, 0, 4.5], "texture": "#0", "tintindex": 0},
				"east": {"uv": [4.5, 6.5, 5, 9.5], "texture": "#0", "tintindex": 0},
				"south": {"uv": [0, 0.5, 0, 4.5], "texture": "#0", "tintindex": 0},
				"west": {"uv": [4.5, 6.5, 5, 9.5], "texture": "#0", "tintindex": 0},
				"up": {"uv": [0, 0.5, 0, 0], "texture": "#0", "tintindex": 0},
				"down": {"uv": [0, 0, 0, 0.5], "texture": "#0", "tintindex": 0}
			}
		},
		{
			"from": [-2.42623, 12.91803, 8.09836],
			"to": [-1.44262, 16.04385, 8.09836],
			"rotation": {"angle": -45, "axis": "y", "origin": [-1.93443, 18.81967, 14]},
			"faces": {
				"north": {"uv": [4.5, 6.5, 5, 9.5], "texture": "#0", "tintindex": 0},
				"south": {"uv": [4.5, 6.5, 5, 9.5], "texture": "#0", "tintindex": 0}
			}
		},
		{
			"from": [2.19672, 15.86885, 7.80328],
			"to": [6.13115, 15.86885, 11.7377],
			"rotation": {"angle": 45, "axis": "z", "origin": [2.19672, 15.86885, 9.77049]},
			"faces": {
				"up": {"uv": [2, 2, 0, 0], "texture": "#0", "tintindex": 0},
				"down": {"uv": [2, 0, 0, 2], "texture": "#0", "tintindex": 0}
			}
		},
		{
			"from": [-1.7377, 15.86885, 7.80328],
			"to": [2.19672, 15.86885, 11.7377],
			"rotation": {"angle": -45, "axis": "z", "origin": [2.19672, 15.86885, 9.77049]},
			"faces": {
				"up": {"uv": [0, 0, 2, 2], "texture": "#0", "tintindex": 0},
				"down": {"uv": [0, 2, 2, 0], "texture": "#0", "tintindex": 0}
			}
		},
		{
			"from": [0.22951, 15.86885, 9.77049],
			"to": [4.16393, 15.86885, 13.70492],
			"rotation": {"angle": -45, "axis": "x", "origin": [2.19672, 15.86885, 9.77049]},
			"faces": {
				"up": {"uv": [0, 0, 2, 2], "rotation": 270, "texture": "#0", "tintindex": 0},
				"down": {"uv": [2, 0, 0, 2], "rotation": 270, "texture": "#0", "tintindex": 0}
			}
		},
		{
			"from": [0.22951, 15.86885, 5.83607],
			"to": [4.16393, 15.86885, 9.77049],
			"rotation": {"angle": 45, "axis": "x", "origin": [2.19672, 15.86885, 9.77049]},
			"faces": {
				"up": {"uv": [2, 2, 0, 0], "rotation": 270, "texture": "#0", "tintindex": 0},
				"down": {"uv": [2, 0, 0, 2], "rotation": 90, "texture": "#0", "tintindex": 0}
			}
		},
		{
			"from": [2.19672, 17.83607, 10.65574],
			"to": [6.13115, 17.83607, 14.59016],
			"rotation": {"angle": 22.5, "axis": "x", "origin": [4.16393, 17.83607, 14.59016]},
			"faces": {
				"up": {"uv": [2, 4, 0, 2], "rotation": 270, "texture": "#0", "tintindex": 0},
				"down": {"uv": [2, 2, 0, 4], "rotation": 90, "texture": "#0", "tintindex": 0}
			}
		},
		{
			"from": [2.19672, 17.83607, 14.59016],
			"to": [6.13115, 17.83607, 18.52459],
			"rotation": {"angle": -22.5, "axis": "x", "origin": [4.16393, 17.83607, 14.59016]},
			"faces": {
				"up": {"uv": [0, 2, 2, 4], "rotation": 270, "texture": "#0", "tintindex": 0},
				"down": {"uv": [2, 2, 0, 4], "rotation": 270, "texture": "#0", "tintindex": 0}
			}
		},
		{
			"from": [0.22951, 17.83607, 12.62295],
			"to": [4.16393, 17.83607, 16.55738],
			"rotation": {"angle": -22.5, "axis": "z", "origin": [4.16393, 17.83607, 14.59016]},
			"faces": {
				"up": {"uv": [0, 2, 2, 4], "texture": "#0", "tintindex": 0},
				"down": {"uv": [0, 4, 2, 2], "texture": "#0", "tintindex": 0}
			}
		},
		{
			"from": [4.16393, 17.83607, 12.62295],
			"to": [8.09836, 17.83607, 16.55738],
			"rotation": {"angle": 22.5, "axis": "z", "origin": [4.16393, 17.83607, 14.59016]},
			"faces": {
				"up": {"uv": [2, 4, 0, 2], "texture": "#0", "tintindex": 0},
				"down": {"uv": [2, 2, 0, 4], "texture": "#0", "tintindex": 0}
			}
		},
		{
			"from": [-0.45902, 12.91803, 12.91803],
			"to": [0.52459, 17.86967, 12.91803],
			"rotation": {"angle": -45, "axis": "y", "origin": [0.03279, 18.81967, 18.81967]},
			"faces": {
				"north": {"uv": [4.5, 6.5, 5, 9.5], "texture": "#0", "tintindex": 0},
				"south": {"uv": [4.5, 6.5, 5, 9.5], "texture": "#0", "tintindex": 0}
			}
		},
		{
			"from": [10.95082, 12.91803, 9.37705],
			"to": [10.95082, 21.8041, 10.36066],
			"rotation": {"angle": -45, "axis": "y", "origin": [10.95082, 20.78689, 15.77049]},
			"faces": {
				"north": {"uv": [0, 0, 0, 4], "texture": "#0", "tintindex": 0},
				"east": {"uv": [5, 0, 4.5, 4], "texture": "#0", "tintindex": 0},
				"south": {"uv": [0, 0, 0, 4], "texture": "#0", "tintindex": 0},
				"west": {"uv": [4.5, 0, 5, 4], "texture": "#0", "tintindex": 0},
				"up": {"uv": [0, 0.5, 0, 0], "texture": "#0", "tintindex": 0},
				"down": {"uv": [0, 0, 0, 0.5], "texture": "#0", "tintindex": 0}
			}
		},
		{
			"from": [15.08197, 21.77049, 9.57377],
			"to": [19.01639, 21.77049, 13.5082],
			"rotation": {"angle": 22.5, "axis": "z", "origin": [15.08197, 21.77049, 11.54098]},
			"faces": {
				"up": {"uv": [2, 4, 0, 2], "texture": "#0", "tintindex": 0},
				"down": {"uv": [2, 2, 0, 4], "texture": "#0", "tintindex": 0}
			}
		},
		{
			"from": [11.14754, 21.77049, 9.57377],
			"to": [15.08197, 21.77049, 13.5082],
			"rotation": {"angle": -22.5, "axis": "z", "origin": [15.08197, 21.77049, 11.54098]},
			"faces": {
				"up": {"uv": [0, 2, 2, 4], "texture": "#0", "tintindex": 0},
				"down": {"uv": [0, 4, 2, 2], "texture": "#0", "tintindex": 0}
			}
		},
		{
			"from": [13.11475, 21.77049, 11.54098],
			"to": [17.04918, 21.77049, 15.47541],
			"rotation": {"angle": -22.5, "axis": "x", "origin": [15.08197, 21.77049, 11.54098]},
			"faces": {
				"up": {"uv": [0, 2, 2, 4], "rotation": 270, "texture": "#0", "tintindex": 0},
				"down": {"uv": [2, 2, 0, 4], "rotation": 270, "texture": "#0", "tintindex": 0}
			}
		},
		{
			"from": [13.11475, 21.77049, 7.60656],
			"to": [17.04918, 21.77049, 11.54098],
			"rotation": {"angle": 22.5, "axis": "x", "origin": [15.08197, 21.77049, 11.54098]},
			"faces": {
				"up": {"uv": [2, 4, 0, 2], "rotation": 270, "texture": "#0", "tintindex": 0},
				"down": {"uv": [2, 2, 0, 4], "rotation": 90, "texture": "#0", "tintindex": 0}
			}
		},
		{
			"from": [8.39344, 21.71066, 9.86885],
			"to": [13.31148, 24.66148, 9.86885],
			"rotation": {"angle": -45, "axis": "y", "origin": [10.95082, 20.78689, 15.77049]},
			"faces": {
				"north": {"uv": [5, 0.5, 8.5, 2.5], "texture": "#0", "tintindex": 0},
				"east": {"uv": [0, 0.5, 0, 2], "texture": "#0", "tintindex": 0},
				"south": {"uv": [8.5, 0.5, 5, 2.5], "texture": "#0", "tintindex": 0},
				"west": {"uv": [0, 0.5, 0, 2], "texture": "#0", "tintindex": 0},
				"up": {"uv": [2.5, 0, 0, 0], "texture": "#0", "tintindex": 0},
				"down": {"uv": [2.5, 0, 0, 0], "texture": "#0", "tintindex": 0}
			}
		},
		{
			"from": [-0.2623, 19.74344, -1.83607],
			"to": [4.65574, 22.69426, -1.83607],
			"rotation": {"angle": -45, "axis": "y", "origin": [2.29508, 18.81967, 4.06557]},
			"faces": {
				"north": {"uv": [8.5, 2.5, 5, 4.5], "texture": "#0", "tintindex": 0},
				"east": {"uv": [0, 0.5, 0, 2], "texture": "#0", "tintindex": 0},
				"south": {"uv": [5, 2.5, 8.5, 4.5], "texture": "#0", "tintindex": 0},
				"west": {"uv": [0, 0.5, 0, 2], "texture": "#0", "tintindex": 0},
				"up": {"uv": [2.5, 0, 0, 0], "texture": "#0", "tintindex": 0},
				"down": {"uv": [2.5, 0, 0, 0], "texture": "#0", "tintindex": 0}
			}
		},
		{
			"from": [-0.06557, 17.77623, 10.45902],
			"to": [-0.06557, 20.72705, 15.37705],
			"rotation": {"angle": -45, "axis": "y", "origin": [0.03279, 18.81967, 18.81967]},
			"faces": {
				"east": {"uv": [8.5, 2.5, 5, 4.5], "texture": "#0", "tintindex": 0},
				"west": {"uv": [5, 2.5, 8.5, 4.5], "texture": "#0", "tintindex": 0}
			}
		},
		{
			"from": [-2.03279, 16.20902, 5.63934],
			"to": [-2.03279, 19.15984, 10.55738],
			"rotation": {"angle": -45, "axis": "y", "origin": [-1.93443, 17.83607, 14]},
			"faces": {
				"east": {"uv": [5, 0.5, 8.5, 2.5], "texture": "#0", "tintindex": 0},
				"west": {"uv": [8.5, 0.5, 5, 2.5], "texture": "#0", "tintindex": 0}
			}
		},
		{
			"from": [7.60656, 12.91803, -0.16393],
			"to": [8.59016, 16.88607, -0.16393],
			"rotation": {"angle": -45, "axis": "y", "origin": [8.09836, 18.81967, 5.7377]},
			"faces": {
				"north": {"uv": [4.5, 4, 5, 7], "texture": "#0", "tintindex": 0},
				"south": {"uv": [4.5, 4, 5, 7], "texture": "#0", "tintindex": 0}
			}
		},
		{
			"from": [8, 17.19262, -2.62295],
			"to": [8, 20.14344, 2.29508],
			"rotation": {"angle": -45, "axis": "y", "origin": [8.09836, 18.81967, 5.7377]},
			"faces": {
				"east": {"uv": [5, 0.5, 8.5, 2.5], "texture": "#0", "tintindex": 0},
				"west": {"uv": [8.5, 0.5, 5, 2.5], "texture": "#0", "tintindex": 0}
			}
		},
		{
			"from": [12.22951, 16.85246, -0.45902],
			"to": [16.16393, 16.85246, 3.47541],
			"rotation": {"angle": 45, "axis": "z", "origin": [12.22951, 16.85246, 1.5082]},
			"faces": {
				"up": {"uv": [2, 2, 0, 0], "texture": "#0", "tintindex": 0},
				"down": {"uv": [2, 0, 0, 2], "texture": "#0", "tintindex": 0}
			}
		},
		{
			"from": [8.29508, 16.85246, -0.45902],
			"to": [12.22951, 16.85246, 3.47541],
			"rotation": {"angle": -45, "axis": "z", "origin": [12.22951, 16.85246, 1.5082]},
			"faces": {
				"up": {"uv": [0, 0, 2, 2], "texture": "#0", "tintindex": 0},
				"down": {"uv": [0, 2, 2, 0], "texture": "#0", "tintindex": 0}
			}
		},
		{
			"from": [10.2623, 16.85246, 1.5082],
			"to": [14.19672, 16.85246, 5.44262],
			"rotation": {"angle": -45, "axis": "x", "origin": [12.22951, 16.85246, 1.5082]},
			"faces": {
				"up": {"uv": [0, 0, 2, 2], "rotation": 270, "texture": "#0", "tintindex": 0},
				"down": {"uv": [2, 0, 0, 2], "rotation": 270, "texture": "#0", "tintindex": 0}
			}
		},
		{
			"from": [-2.52459, 17.77623, -0.55738],
			"to": [-2.52459, 20.72705, 4.36066],
			"rotation": {"angle": -45, "axis": "y", "origin": [-2.42623, 18.81967, 7.80328]},
			"faces": {
				"east": {"uv": [8.5, 2.5, 5, 4.5], "texture": "#0", "tintindex": 0},
				"west": {"uv": [5, 2.5, 8.5, 4.5], "texture": "#0", "tintindex": 0}
			}
		},
		{
			"from": [-0.2623, 17.83607, -0.36066],
			"to": [3.67213, 17.83607, 3.57377],
			"rotation": {"angle": 22.5, "axis": "x", "origin": [1.70492, 17.83607, 3.57377]},
			"faces": {
				"up": {"uv": [2, 4, 0, 2], "rotation": 270, "texture": "#0", "tintindex": 0},
				"down": {"uv": [2, 2, 0, 4], "rotation": 90, "texture": "#0", "tintindex": 0}
			}
		},
		{
			"from": [-0.2623, 17.83607, 3.57377],
			"to": [3.67213, 17.83607, 7.5082],
			"rotation": {"angle": -22.5, "axis": "x", "origin": [1.70492, 17.83607, 3.57377]},
			"faces": {
				"up": {"uv": [0, 2, 2, 4], "rotation": 270, "texture": "#0", "tintindex": 0},
				"down": {"uv": [2, 2, 0, 4], "rotation": 270, "texture": "#0", "tintindex": 0}
			}
		},
		{
			"from": [-2.22951, 17.83607, 1.60656],
			"to": [1.70492, 17.83607, 5.54098],
			"rotation": {"angle": -22.5, "axis": "z", "origin": [1.70492, 17.83607, 3.57377]},
			"faces": {
				"up": {"uv": [0, 2, 2, 4], "texture": "#0", "tintindex": 0},
				"down": {"uv": [0, 4, 2, 2], "texture": "#0", "tintindex": 0}
			}
		},
		{
			"from": [1.70492, 17.83607, 1.60656],
			"to": [5.63934, 17.83607, 5.54098],
			"rotation": {"angle": 22.5, "axis": "z", "origin": [1.70492, 17.83607, 3.57377]},
			"faces": {
				"up": {"uv": [2, 4, 0, 2], "texture": "#0", "tintindex": 0},
				"down": {"uv": [2, 2, 0, 4], "texture": "#0", "tintindex": 0}
			}
		},
		{
			"from": [-2.42623, 12.91803, 1.40984],
			"to": [-2.42623, 17.86967, 2.39344],
			"rotation": {"angle": -45, "axis": "y", "origin": [-2.42623, 18.81967, 7.80328]},
			"faces": {
				"north": {"uv": [0, 0.5, 0, 4.5], "texture": "#0", "tintindex": 0},
				"east": {"uv": [4.5, 6.5, 5, 9.5], "texture": "#0", "tintindex": 0},
				"south": {"uv": [0, 0.5, 0, 4.5], "texture": "#0", "tintindex": 0},
				"west": {"uv": [4.5, 6.5, 5, 9.5], "texture": "#0", "tintindex": 0},
				"up": {"uv": [0, 0.5, 0, 0], "texture": "#0", "tintindex": 0},
				"down": {"uv": [0, 0, 0, 0.5], "texture": "#0", "tintindex": 0}
			}
		},
		{
			"from": [7.80328, 15.47541, 3.86885],
			"to": [12.72131, 18.42623, 3.86885],
			"rotation": {"angle": -45, "axis": "y", "origin": [10.36066, 15.86885, 9.77049]},
			"faces": {
				"north": {"uv": [8.5, 0.5, 5, 2.5], "texture": "#0", "tintindex": 0},
				"east": {"uv": [0, 2.5, 0, 4], "texture": "#0", "tintindex": 0},
				"south": {"uv": [5, 0.5, 8.5, 2.5], "texture": "#0", "tintindex": 0},
				"west": {"uv": [0, 2.5, 0, 4], "texture": "#0", "tintindex": 0},
				"up": {"uv": [2.5, 0, 0, 0], "texture": "#0", "tintindex": 0},
				"down": {"uv": [2.5, 0, 0, 0], "texture": "#0", "tintindex": 0}
			}
		},
		{
			"from": [10.55738, 14.88525, 3.57377],
			"to": [14.4918, 14.88525, 7.5082],
			"rotation": {"angle": -45, "axis": "z", "origin": [14.4918, 14.88525, 5.54098]},
			"faces": {
				"up": {"uv": [0, 2, 2, 4], "texture": "#0", "tintindex": 0},
				"down": {"uv": [0, 4, 2, 2], "texture": "#0", "tintindex": 0}
			}
		},
		{
			"from": [12.52459, 14.88525, 1.60656],
			"to": [16.45902, 14.88525, 5.54098],
			"rotation": {"angle": 45, "axis": "x", "origin": [14.4918, 14.88525, 5.54098]},
			"faces": {
				"up": {"uv": [2, 4, 0, 2], "rotation": 270, "texture": "#0", "tintindex": 0},
				"down": {"uv": [2, 2, 0, 4], "rotation": 90, "texture": "#0", "tintindex": 0}
			}
		},
		{
			"from": [14.4918, 14.88525, 3.57377],
			"to": [18.42623, 14.88525, 7.5082],
			"rotation": {"angle": 45, "axis": "z", "origin": [14.4918, 14.88525, 5.54098]},
			"faces": {
				"up": {"uv": [2, 4, 0, 2], "texture": "#0", "tintindex": 0},
				"down": {"uv": [2, 2, 0, 4], "texture": "#0", "tintindex": 0}
			}
		},
		{
			"from": [10.36066, 12.91803, 3.37705],
			"to": [10.36066, 14.91885, 4.36066],
			"rotation": {"angle": -45, "axis": "y", "origin": [10.36066, 15.86885, 9.77049]},
			"faces": {
				"north": {"uv": [0, 0, 0, 1.5], "texture": "#0", "tintindex": 0},
				"east": {"uv": [4.5, 6, 5, 7.5], "texture": "#0", "tintindex": 0},
				"south": {"uv": [0, 0, 0, 1.5], "texture": "#0", "tintindex": 0},
				"west": {"uv": [4.5, 6, 5, 7.5], "texture": "#0", "tintindex": 0},
				"up": {"uv": [0, 0.5, 0, 0], "texture": "#0", "tintindex": 0},
				"down": {"uv": [0, 0, 0, 0.5], "texture": "#0", "tintindex": 0}
			}
		},
		{
			"from": [10.2623, 16.85246, -2.42623],
			"to": [14.19672, 16.85246, 1.5082],
			"rotation": {"angle": 45, "axis": "x", "origin": [12.22951, 16.85246, 1.5082]},
			"faces": {
				"up": {"uv": [2, 2, 0, 0], "rotation": 270, "texture": "#0", "tintindex": 0},
				"down": {"uv": [2, 0, 0, 2], "rotation": 90, "texture": "#0", "tintindex": 0}
			}
		}
	],
	"display": {
		"head": {
			"rotation": [0, 180, 0]
		}
	}
}