{
	"credit": "Made with Blockbench",
	"textures": {
		"1": "kello:item/decal/small_decwheel_1"
	},
	"elements": [
		{
			"from": [7, 4.25, 7],
			"to": [9, 12.25, 9],
			"rotation": {"angle": 0, "axis": "y", "origin": [7.5, 8, 7.5]},
			"faces": {
				"north": {"uv": [5.33333, 0, 6.66667, 5.33333], "texture": "#1"},
				"east": {"uv": [5.33333, 5.33333, 6.66667, 10.66667], "texture": "#1"},
				"south": {"uv": [0, 6, 1.33333, 11.33333], "texture": "#1"},
				"west": {"uv": [1.33333, 6, 2.66667, 11.33333], "texture": "#1"},
				"up": {"uv": [10.33333, 7, 9, 5.66667], "texture": "#1"}
			}
		},
		{
			"from": [7, -3.75, 7],
			"to": [9, 4.25, 9],
			"rotation": {"angle": 0, "axis": "y", "origin": [8.25, 8, 7.25]},
			"faces": {
				"north": {"uv": [5.33333, 0, 6.66667, 5.33333], "texture": "#1"},
				"east": {"uv": [5.33333, 5.33333, 6.66667, 10.66667], "texture": "#1"},
				"south": {"uv": [0, 6, 1.33333, 11.33333], "texture": "#1"},
				"west": {"uv": [1.33333, 6, 2.66667, 11.33333], "texture": "#1"}
			}
		},
		{
			"from": [7, -11.75, 7],
			"to": [9, -3.75, 9],
			"rotation": {"angle": 0, "axis": "y", "origin": [7.75, 8, 7.25]},
			"faces": {
				"north": {"uv": [5.33333, 0, 6.66667, 5.33333], "texture": "#1"},
				"east": {"uv": [5.33333, 5.33333, 6.66667, 10.66667], "texture": "#1"},
				"south": {"uv": [0, 6, 1.33333, 11.33333], "texture": "#1"},
				"west": {"uv": [1.33333, 6, 2.66667, 11.33333], "texture": "#1"}
			}
		}
	],
	"display": {
		"head": {
			"rotation": [0, 180, 0]
		}
	}
}