{
	"credit": "Made with Blockbench",
	"textures": {
		"0": "kello:item/decal/flyfan/minor_dipattern_1"
	},
	"elements": [
		{
			"from": [-4, 7.71765, 8],
			"to": [7.01176, 12.23529, 8],
			"rotation": {"angle": -22.5, "axis": "x", "origin": [6.99765, 8, 8]},
			"faces": {
				"north": {"uv": [8, 0, 4, 9.75], "rotation": 90, "texture": "#0"},
				"south": {"uv": [8, 9.75, 4, 0], "rotation": 90, "texture": "#0"}
			}
		},
		{
			"from": [8.98824, 3.76471, 8],
			"to": [20, 8.28235, 8],
			"rotation": {"angle": 22.5, "axis": "x", "origin": [8.97412, 8, 8]},
			"faces": {
				"north": {"uv": [4, 9.75, 8, 0], "rotation": 90, "texture": "#0"},
				"south": {"uv": [4, 0, 8, 9.75], "rotation": 90, "texture": "#0"}
			}
		},
		{
			"from": [3.76471, -4, 8],
			"to": [8.28235, 7.01176, 8],
			"rotation": {"angle": -22.5, "axis": "y", "origin": [8, 7.02588, 8]},
			"faces": {
				"north": {"uv": [4, 9.75, 8, 0], "texture": "#0"},
				"south": {"uv": [8, 9.75, 4, 0], "texture": "#0"}
			}
		},
		{
			"from": [7.71765, 8.98824, 8],
			"to": [12.23529, 20, 8],
			"rotation": {"angle": 22.5, "axis": "y", "origin": [8, 8.97412, 8]},
			"faces": {
				"north": {"uv": [8, 0, 4, 9.75], "texture": "#0"},
				"south": {"uv": [4, 0, 8, 9.75], "texture": "#0"}
			}
		}
	],
	"display": {
		"head": {
			"rotation": [0, 180, 0]
		}
	}
}