{
	"credit": "Made with Blockbench",
	"textures": {
		"0": "kello:item/decal/flyfan/minor_pattern_1",
		"7": "kello:item/decal/cogwheel/0",
		"8": "kello:item/decal/cogwheel/1",
		"9": "kello:item/decal/cogwheel/2",
		"10": "kello:item/decal/cogwheel/3",
		"11": "kello:item/decal/cogwheel/4"
	},
	"elements": [
		{
			"from": [-1.14286, -1.14286, 8],
			"to": [17.14286, 17.14286, 8],
			"rotation": {"angle": 0, "axis": "y", "origin": [8, 0.57143, 8]},
			"faces": {
				"north": {"uv": [8, 8, 16, 16], "texture": "#0"},
				"south": {"uv": [16, 8, 8, 16], "texture": "#0"}
			}
		},
		{
			"from": [0, 0, 8.00286],
			"to": [16, 16, 8.00286],
			"rotation": {"angle": 0, "axis": "y", "origin": [8, 7.57143, 8]},
			"faces": {
				"north": {"uv": [3, 3.5, 12.5, 13], "texture": "#10"},
				"south": {"uv": [12.5, 3.5, 3, 13], "texture": "#10"}
			}
		},
		{
			"from": [-4, -4, 8],
			"to": [20, 20, 8],
			"faces": {
				"north": {"uv": [15, 15.5, 0.5, 1], "texture": "#11"},
				"south": {"uv": [0.5, 15.5, 15, 1], "texture": "#11"}
			}
		},
		{
			"from": [2.85714, 2.85714, 8],
			"to": [13.14286, 13.14286, 8],
			"rotation": {"angle": 0, "axis": "y", "origin": [8, 13, 8]},
			"faces": {
				"north": {"uv": [0, 1, 15, 16], "rotation": 180, "texture": "#7"},
				"south": {"uv": [15, 1, 0, 16], "rotation": 180, "texture": "#7"}
			}
		},
		{
			"from": [4.57143, 4.57143, 8],
			"to": [11.42857, 11.42857, 8],
			"rotation": {"angle": 0, "axis": "y", "origin": [8, 8, 8]},
			"faces": {
				"north": {"uv": [3, 3, 13, 13], "rotation": 180, "texture": "#8"},
				"south": {"uv": [13, 3, 3, 13], "rotation": 180, "texture": "#8"}
			}
		},
		{
			"from": [5.14286, 5.14286, 8],
			"to": [10.85714, 10.85714, 8],
			"rotation": {"angle": 0, "axis": "y", "origin": [8, 8, 8]},
			"faces": {
				"north": {"uv": [3, 4, 12, 13], "rotation": 180, "texture": "#9"},
				"south": {"uv": [12, 4, 3, 13], "rotation": 180, "texture": "#9"}
			}
		}
	],
	"display": {
		"head": {
			"rotation": [0, 180, 0]
		}
	}
}