{
	"credit": "Made with Blockbench",
	"textures": {
		"0": "kello:item/decal/melloflora_lantern_blue",
		"1": "kello:item/decal/melloflora_loop_0"
	},
	"elements": [
		{
			"from": [7.59905, -13.63437, 7.59905],
			"to": [8.40095, -12.60334, 8.40095],
			"rotation": {"angle": 0, "axis": "y", "origin": [7.08582, -13.50606, 7.08582]},
			"faces": {
				"north": {"uv": [0, 9.5, 2.45, 12.975], "texture": "#0"},
				"east": {"uv": [0, 9.5, 2.45, 12.975], "texture": "#0"},
				"south": {"uv": [0, 9.5, 2.45, 12.975], "texture": "#0"},
				"west": {"uv": [0, 9.5, 2.45, 12.975], "texture": "#0"},
				"up": {"uv": [5, 13, 7.5, 15.5], "texture": "#0"},
				"down": {"uv": [0, 13, 2.5, 15.5], "texture": "#0"}
			}
		},
		{
			"from": [8.45823, -12.54606, 8.45823],
			"to": [7.54177, -13.69165, 7.54177],
			"rotation": {"angle": 0, "axis": "y", "origin": [7.08582, -13.50606, 7.08582]},
			"faces": {
				"north": {"uv": [8, 14.5, 8.45, 15.475], "rotation": 180, "texture": "#0"},
				"east": {"uv": [8, 14.5, 8.45, 15.475], "rotation": 180, "texture": "#0"},
				"south": {"uv": [8, 14.5, 8.45, 15.475], "rotation": 180, "texture": "#0"},
				"west": {"uv": [8, 14.5, 8.45, 15.475], "rotation": 180, "texture": "#0"},
				"up": {"uv": [8, 15, 8.45, 15.475], "rotation": 180, "texture": "#0"},
				"down": {"uv": [8, 14.5, 8.45, 14.975], "rotation": 180, "texture": "#0"}
			}
		},
		{
			"from": [7.68496, -12.59189, 7.74224],
			"to": [8.31504, -12.36277, 8.25776],
			"rotation": {"angle": 0, "axis": "y", "origin": [7.08582, -13.50606, 7.08582]},
			"faces": {
				"north": {"uv": [0.5, 8.5, 2.5, 9.45], "texture": "#0"},
				"east": {"uv": [0.5, 8.5, 2.5, 9.45], "texture": "#0"},
				"south": {"uv": [0.5, 8.5, 2.5, 9.45], "texture": "#0"},
				"west": {"uv": [0.5, 8.5, 2.5, 9.45], "texture": "#0"},
				"up": {"uv": [0.5, 13.5, 2.5, 15.5], "texture": "#0"},
				"down": {"uv": [0, 8.5, 0, 8.5], "texture": "#0"}
			}
		},
		{
			"from": [6.85442, -13.50549, 8],
			"to": [7.42721, -12.3599, 8],
			"rotation": {"angle": -45, "axis": "y", "origin": [8, -12.78377, 8]},
			"faces": {
				"north": {"uv": [5.5, 5.5, 3, 10.5], "texture": "#0", "tintindex": 0},
				"south": {"uv": [3, 5.5, 5.5, 10.5], "texture": "#0", "tintindex": 0}
			}
		},
		{
			"from": [7.95418, -13.59714, 8.53842],
			"to": [7.95418, -12.45155, 9.22578],
			"rotation": {"angle": -45, "axis": "y", "origin": [7.95418, -12.9327, 8.17184]},
			"faces": {
				"east": {"uv": [8.5, 6, 5.5, 11], "texture": "#0", "tintindex": 0},
				"west": {"uv": [5.5, 6, 8.5, 11], "texture": "#0", "tintindex": 0}
			}
		},
		{
			"from": [8, -13.47112, 8.54988],
			"to": [8, -12.32554, 9.35179],
			"rotation": {"angle": 45, "axis": "y", "origin": [8, -12.78377, 8]},
			"faces": {
				"east": {"uv": [12, 5.5, 8.5, 10.5], "texture": "#0", "tintindex": 0},
				"west": {"uv": [8.5, 5.5, 12, 10.5], "texture": "#0", "tintindex": 0}
			}
		},
		{
			"from": [8.48115, -13.45967, 8],
			"to": [9.05394, -12.31408, 8],
			"rotation": {"angle": 22.5, "axis": "z", "origin": [8.51551, -12.50883, 8]},
			"faces": {
				"north": {"uv": [3, 5.5, 5.5, 10.5], "texture": "#0", "tintindex": 0},
				"south": {"uv": [5.5, 5.5, 3, 10.5], "texture": "#0", "tintindex": 0}
			}
		},
		{
			"from": [8, -13.47112, 6.84296],
			"to": [8, -12.32554, 7.53031],
			"rotation": {"angle": -22.5, "axis": "y", "origin": [8, -12.78377, 8]},
			"faces": {
				"east": {"uv": [5.5, 5.5, 8.5, 10.5], "texture": "#0", "tintindex": 0},
				"west": {"uv": [8.5, 5.5, 5.5, 10.5], "texture": "#0", "tintindex": 0}
			}
		},
		{
			"from": [8, 8.47542, 7.82816],
			"to": [8, 10.30835, 8.17184],
			"rotation": {"angle": 45, "axis": "y", "origin": [8, 7.67351, 8]},
			"faces": {
				"east": {"uv": [1.5, 0, 3, 8], "texture": "#0", "tintindex": 0},
				"west": {"uv": [3, 0, 1.5, 8], "texture": "#0", "tintindex": 0}
			}
		},
		{
			"from": [7.82816, 8.47542, 8],
			"to": [8.17184, 10.30835, 8],
			"rotation": {"angle": 45, "axis": "y", "origin": [8, 7.67351, 8]},
			"faces": {
				"north": {"uv": [1.5, 0, 0, 8], "texture": "#0", "tintindex": 0},
				"south": {"uv": [0, 0, 1.5, 8], "texture": "#0", "tintindex": 0}
			}
		},
		{
			"from": [7.82816, 6.64248, 8],
			"to": [8.17184, 8.47542, 8],
			"rotation": {"angle": 45, "axis": "y", "origin": [8, 7.67351, 8]},
			"faces": {
				"north": {"uv": [1.5, 0, 0, 8], "texture": "#0", "tintindex": 0},
				"south": {"uv": [0, 0, 1.5, 8], "texture": "#0", "tintindex": 0}
			}
		},
		{
			"from": [8, 6.64248, 7.82816],
			"to": [8, 8.47542, 8.17184],
			"rotation": {"angle": 45, "axis": "y", "origin": [8, 7.67351, 8]},
			"faces": {
				"east": {"uv": [1.5, 0, 3, 8], "texture": "#0", "tintindex": 0},
				"west": {"uv": [3, 0, 1.5, 8], "texture": "#0", "tintindex": 0}
			}
		},
		{
			"from": [8, 6.75704, 8.17184],
			"to": [8, 7.55895, 8.97375],
			"rotation": {"angle": 45, "axis": "y", "origin": [8, 7.67351, 8]},
			"faces": {
				"east": {"uv": [0, 0, 3.5, 3.5], "texture": "#1", "tintindex": 0},
				"west": {"uv": [3.5, 0, 0, 3.5], "texture": "#1", "tintindex": 0}
			}
		},
		{
			"from": [7.02625, 1.37279, 8],
			"to": [7.82816, 2.1747, 8],
			"rotation": {"angle": 45, "axis": "y", "origin": [8, 7.67351, 8]},
			"faces": {
				"north": {"uv": [3.5, 0, 0, 3.5], "texture": "#1", "tintindex": 0},
				"south": {"uv": [0, 0, 3.5, 3.5], "texture": "#1", "tintindex": 0}
			}
		},
		{
			"from": [8.17184, -4.12601, 8],
			"to": [8.97375, -3.20955, 8],
			"rotation": {"angle": -45, "axis": "y", "origin": [8, 7.67351, 8]},
			"faces": {
				"north": {"uv": [6.5, 0, 10, 4], "texture": "#1", "tintindex": 0},
				"south": {"uv": [10, 0, 6.5, 4], "texture": "#1", "tintindex": 0}
			}
		},
		{
			"from": [8.17184, 2.51838, 8],
			"to": [8.97375, 3.43484, 8],
			"rotation": {"angle": -22.5, "axis": "y", "origin": [8, 7.67351, 8]},
			"faces": {
				"north": {"uv": [6.5, 0, 10, 4], "texture": "#1", "tintindex": 0},
				"south": {"uv": [10, 0, 6.5, 4], "texture": "#1", "tintindex": 0}
			}
		},
		{
			"from": [7.02625, 4.46587, 8],
			"to": [7.82816, 5.38234, 8],
			"rotation": {"angle": -45, "axis": "y", "origin": [8, 7.67351, 8]},
			"faces": {
				"north": {"uv": [10, 0, 6.5, 4], "texture": "#1", "tintindex": 0},
				"south": {"uv": [6.5, 0, 10, 4], "texture": "#1", "tintindex": 0}
			}
		},
		{
			"from": [7.82816, 4.80955, 8],
			"to": [8.17184, 6.64248, 8],
			"rotation": {"angle": 45, "axis": "y", "origin": [8, 7.67351, 8]},
			"faces": {
				"north": {"uv": [1.5, 0, 0, 8], "texture": "#0", "tintindex": 0},
				"south": {"uv": [0, 0, 1.5, 8], "texture": "#0", "tintindex": 0}
			}
		},
		{
			"from": [8, 4.80955, 7.82816],
			"to": [8, 6.64248, 8.17184],
			"rotation": {"angle": 45, "axis": "y", "origin": [8, 7.67351, 8]},
			"faces": {
				"east": {"uv": [1.5, 0, 3, 8], "texture": "#0", "tintindex": 0},
				"west": {"uv": [3, 0, 1.5, 8], "texture": "#0", "tintindex": 0}
			}
		},
		{
			"from": [7.82816, 1.14368, 8],
			"to": [8.17184, 2.97661, 8],
			"rotation": {"angle": 45, "axis": "y", "origin": [8, 7.67351, 8]},
			"faces": {
				"north": {"uv": [1.5, 0, 0, 8], "texture": "#0", "tintindex": 0},
				"south": {"uv": [0, 0, 1.5, 8], "texture": "#0", "tintindex": 0}
			}
		},
		{
			"from": [8, 1.14368, 7.82816],
			"to": [8, 2.97661, 8.17184],
			"rotation": {"angle": 45, "axis": "y", "origin": [8, 7.67351, 8]},
			"faces": {
				"east": {"uv": [1.5, 0, 3, 8], "texture": "#0", "tintindex": 0},
				"west": {"uv": [3, 0, 1.5, 8], "texture": "#0", "tintindex": 0}
			}
		},
		{
			"from": [8, -0.68926, 7.82816],
			"to": [8, 1.14368, 8.17184],
			"rotation": {"angle": 45, "axis": "y", "origin": [8, -0.00191, 8]},
			"faces": {
				"east": {"uv": [1.5, 0, 3, 8], "texture": "#0", "tintindex": 0},
				"west": {"uv": [3, 0, 1.5, 8], "texture": "#0", "tintindex": 0}
			}
		},
		{
			"from": [7.82816, -0.68926, 8],
			"to": [8.17184, 1.14368, 8],
			"rotation": {"angle": 45, "axis": "y", "origin": [8, 7.67351, 8]},
			"faces": {
				"north": {"uv": [1.5, 0, 0, 8], "texture": "#0", "tintindex": 0},
				"south": {"uv": [0, 0, 1.5, 8], "texture": "#0", "tintindex": 0}
			}
		},
		{
			"from": [8, 2.97661, 7.82816],
			"to": [8, 4.80955, 8.17184],
			"rotation": {"angle": 45, "axis": "y", "origin": [8, 7.67351, 8]},
			"faces": {
				"east": {"uv": [1.5, 0, 3, 8], "texture": "#0", "tintindex": 0},
				"west": {"uv": [3, 0, 1.5, 8], "texture": "#0", "tintindex": 0}
			}
		},
		{
			"from": [7.82816, 2.97661, 8],
			"to": [8.17184, 4.80955, 8],
			"rotation": {"angle": 45, "axis": "y", "origin": [8, 7.67351, 8]},
			"faces": {
				"north": {"uv": [1.5, 0, 0, 8], "texture": "#0", "tintindex": 0},
				"south": {"uv": [0, 0, 1.5, 8], "texture": "#0", "tintindex": 0}
			}
		},
		{
			"from": [7.82859, -12.24907, 8],
			"to": [8.17141, -11.79198, 8],
			"rotation": {"angle": 45, "axis": "y", "origin": [8, -12.59189, 8]},
			"faces": {
				"north": {"uv": [4.49625, 10.5, 3, 12.495], "texture": "#0", "tintindex": 0},
				"south": {"uv": [3, 10.5, 4.49625, 12.495], "texture": "#0", "tintindex": 0}
			}
		},
		{
			"from": [8, -12.36334, 7.82859],
			"to": [8, -11.67771, 8.17141],
			"rotation": {"angle": 45, "axis": "y", "origin": [8, -12.59189, 8]},
			"faces": {
				"east": {"uv": [3, 13.0075, 4.49625, 16], "texture": "#0", "tintindex": 0},
				"west": {"uv": [4.49625, 13.0075, 3, 16], "texture": "#0", "tintindex": 0}
			}
		},
		{
			"from": [7.82816, -2.5222, 8],
			"to": [8.17184, -0.68926, 8],
			"rotation": {"angle": 45, "axis": "y", "origin": [8, -3.32411, 8]},
			"faces": {
				"north": {"uv": [1.5, 0, 0, 8], "texture": "#0", "tintindex": 0},
				"south": {"uv": [0, 0, 1.5, 8], "texture": "#0", "tintindex": 0}
			}
		},
		{
			"from": [8, -2.5222, 7.82816],
			"to": [8, -0.68926, 8.17184],
			"rotation": {"angle": 45, "axis": "y", "origin": [8, -3.32411, 8]},
			"faces": {
				"east": {"uv": [1.5, 0, 3, 8], "texture": "#0", "tintindex": 0},
				"west": {"uv": [3, 0, 1.5, 8], "texture": "#0", "tintindex": 0}
			}
		},
		{
			"from": [8, -4.35513, 7.82816],
			"to": [8, -2.5222, 8.17184],
			"rotation": {"angle": 45, "axis": "y", "origin": [8, -3.32411, 8]},
			"faces": {
				"east": {"uv": [1.5, 0, 3, 8], "texture": "#0", "tintindex": 0},
				"west": {"uv": [3, 0, 1.5, 8], "texture": "#0", "tintindex": 0}
			}
		},
		{
			"from": [7.82816, -4.35513, 8],
			"to": [8.17184, -2.5222, 8],
			"rotation": {"angle": 45, "axis": "y", "origin": [8, -3.32411, 8]},
			"faces": {
				"north": {"uv": [1.5, 0, 0, 8], "texture": "#0", "tintindex": 0},
				"south": {"uv": [0, 0, 1.5, 8], "texture": "#0", "tintindex": 0}
			}
		},
		{
			"from": [8, -6.18807, 7.82816],
			"to": [8, -4.35513, 8.17184],
			"rotation": {"angle": 45, "axis": "y", "origin": [8, -3.32411, 8]},
			"faces": {
				"east": {"uv": [1.5, 0, 3, 8], "texture": "#0", "tintindex": 0},
				"west": {"uv": [3, 0, 1.5, 8], "texture": "#0", "tintindex": 0}
			}
		},
		{
			"from": [7.82816, -6.18807, 8],
			"to": [8.17184, -4.35513, 8],
			"rotation": {"angle": 45, "axis": "y", "origin": [8, -3.32411, 8]},
			"faces": {
				"north": {"uv": [1.5, 0, 0, 8], "texture": "#0", "tintindex": 0},
				"south": {"uv": [0, 0, 1.5, 8], "texture": "#0", "tintindex": 0}
			}
		},
		{
			"from": [8, -9.85394, 7.82816],
			"to": [8, -8.021, 8.17184],
			"rotation": {"angle": 45, "axis": "y", "origin": [8, -3.32411, 8]},
			"faces": {
				"east": {"uv": [1.5, 0, 3, 8], "texture": "#0", "tintindex": 0},
				"west": {"uv": [3, 0, 1.5, 8], "texture": "#0", "tintindex": 0}
			}
		},
		{
			"from": [7.82816, -9.85394, 8],
			"to": [8.17184, -8.021, 8],
			"rotation": {"angle": 45, "axis": "y", "origin": [8, -3.32411, 8]},
			"faces": {
				"north": {"uv": [1.5, 0, 0, 8], "texture": "#0", "tintindex": 0},
				"south": {"uv": [0, 0, 1.5, 8], "texture": "#0", "tintindex": 0}
			}
		},
		{
			"from": [7.82816, -11.68687, 8],
			"to": [8.17184, -9.85394, 8],
			"rotation": {"angle": 45, "axis": "y", "origin": [8, -3.32411, 8]},
			"faces": {
				"north": {"uv": [1.5, 0, 0, 8], "texture": "#0", "tintindex": 0},
				"south": {"uv": [0, 0, 1.5, 8], "texture": "#0", "tintindex": 0}
			}
		},
		{
			"from": [8, -11.68687, 7.82816],
			"to": [8, -9.85394, 8.17184],
			"rotation": {"angle": 45, "axis": "y", "origin": [8, -3.32411, 8]},
			"faces": {
				"east": {"uv": [1.5, 0, 3, 8], "texture": "#0", "tintindex": 0},
				"west": {"uv": [3, 0, 1.5, 8], "texture": "#0", "tintindex": 0}
			}
		},
		{
			"from": [7.82816, -8.021, 8],
			"to": [8.17184, -6.18807, 8],
			"rotation": {"angle": 45, "axis": "y", "origin": [8, -3.32411, 8]},
			"faces": {
				"north": {"uv": [1.5, 0, 0, 8], "texture": "#0", "tintindex": 0},
				"south": {"uv": [0, 0, 1.5, 8], "texture": "#0", "tintindex": 0}
			}
		},
		{
			"from": [8, -8.021, 7.82816],
			"to": [8, -6.18807, 8.17184],
			"rotation": {"angle": 45, "axis": "y", "origin": [8, -3.32411, 8]},
			"faces": {
				"east": {"uv": [1.5, 0, 3, 8], "texture": "#0", "tintindex": 0},
				"west": {"uv": [3, 0, 1.5, 8], "texture": "#0", "tintindex": 0}
			}
		},
		{
			"from": [8, -3.09499, 7.02625],
			"to": [8, -2.29308, 7.82816],
			"rotation": {"angle": 22.5, "axis": "y", "origin": [8, -3.32411, 8]},
			"faces": {
				"east": {"uv": [3.5, 0, 0, 3.5], "texture": "#1", "tintindex": 0},
				"west": {"uv": [0, 0, 3.5, 3.5], "texture": "#1", "tintindex": 0}
			}
		},
		{
			"from": [7.14081, -7.21909, 8],
			"to": [7.82816, -6.53174, 8],
			"rotation": {"angle": 45, "axis": "y", "origin": [8, -3.32411, 8]},
			"faces": {
				"north": {"uv": [6.5, 0, 3.5, 3], "texture": "#1", "tintindex": 0},
				"south": {"uv": [3.5, 0, 6.5, 3], "texture": "#1", "tintindex": 0}
			}
		},
		{
			"from": [8.17184, -10.77041, 8],
			"to": [8.97375, -9.9685, 8],
			"rotation": {"angle": 45, "axis": "y", "origin": [8, -3.32411, 8]},
			"faces": {
				"north": {"uv": [0, 0, 3.5, 3.5], "texture": "#1", "tintindex": 0},
				"south": {"uv": [3.5, 0, 0, 3.5], "texture": "#1", "tintindex": 0}
			}
		},
		{
			"from": [7.02625, -11.45776, 8],
			"to": [7.82816, -10.54129, 8],
			"rotation": {"angle": -45, "axis": "y", "origin": [8, -3.32411, 8]},
			"faces": {
				"north": {"uv": [10, 0, 6.5, 4], "texture": "#1", "tintindex": 0},
				"south": {"uv": [6.5, 0, 10, 4], "texture": "#1", "tintindex": 0}
			}
		},
		{
			"from": [7.02625, -12.03055, 8],
			"to": [7.82816, -11.22864, 8],
			"rotation": {"angle": 45, "axis": "y", "origin": [8, -3.32411, 8]},
			"faces": {
				"north": {"uv": [3.5, 0, 0, 3.5], "texture": "#1", "tintindex": 0},
				"south": {"uv": [0, 0, 3.5, 3.5], "texture": "#1", "tintindex": 0}
			}
		},
		{
			"from": [8.17184, -10.88496, 8],
			"to": [8.97375, -9.9685, 8],
			"rotation": {"angle": -22.5, "axis": "y", "origin": [8, -3.32411, 8]},
			"faces": {
				"north": {"uv": [6.5, 0, 10, 4], "texture": "#1", "tintindex": 0},
				"south": {"uv": [10, 0, 6.5, 4], "texture": "#1", "tintindex": 0}
			}
		},
		{
			"from": [8, -0.68926, 7.02625],
			"to": [8, 0.22721, 7.82816],
			"rotation": {"angle": -45, "axis": "y", "origin": [8, -3.32411, 8]},
			"faces": {
				"east": {"uv": [10, 0, 6.5, 4], "texture": "#1", "tintindex": 0},
				"west": {"uv": [6.5, 0, 10, 4], "texture": "#1", "tintindex": 0}
			}
		},
		{
			"from": [7.00334, 9.04821, 8],
			"to": [7.80525, 10.19379, 8],
			"rotation": {"angle": -22.5, "axis": "z", "origin": [8, 9.621, 8]},
			"faces": {
				"north": {"uv": [8.5, 5.5, 12, 10.5], "texture": "#0", "tintindex": 0},
				"south": {"uv": [12, 5.5, 8.5, 10.5], "texture": "#0", "tintindex": 0}
			}
		},
		{
			"from": [8, 9.13986, 7.10644],
			"to": [8, 10.28544, 7.79379],
			"rotation": {"angle": 0, "axis": "y", "origin": [8, 9.68974, 8.05728]},
			"faces": {
				"east": {"uv": [5.5, 5.5, 8.5, 10.5], "texture": "#0", "tintindex": 0},
				"west": {"uv": [8.5, 5.5, 5.5, 10.5], "texture": "#0", "tintindex": 0}
			}
		},
		{
			"from": [8, 9.15131, 8.14893],
			"to": [8, 10.2969, 8.83628],
			"rotation": {"angle": 22.5, "axis": "y", "origin": [8, 9.621, 8]},
			"faces": {
				"east": {"uv": [8.5, 6, 5.5, 11], "texture": "#0", "tintindex": 0},
				"west": {"uv": [5.5, 6, 8.5, 11], "texture": "#0", "tintindex": 0}
			}
		}
	],
	"display": {
		"head": {
			"rotation": [0, 180, 0]
		}
	}
}